horizon,material,model,fold,train_end,test_start,test_end,n_test,n_observed,smape
10,1,ridge_base_alpha_0.0001_input_lag10,1,2023-12-27,2023-12-28,2024-01-10,10,9,0.11504143080526284
10,1,ridge_base_alpha_0.0001_input_lag10,2,2024-01-10,2024-01-11,2024-01-24,10,10,0.23275341506182273
10,1,ridge_base_alpha_0.0001_input_lag10,3,2024-01-24,2024-01-25,2024-02-07,10,10,0.07019632786880407
10,1,ridge_base_alpha_0.0001_input_lag10,4,2024-02-07,2024-02-08,2024-02-21,10,6,0.11296209730352409
10,1,ridge_base_alpha_0.0001_input_lag10,5,2024-02-21,2024-02-22,2024-03-06,10,10,0.06819385335843259
10,1,ridge_base_alpha_0.0001_input_lag10,6,2024-03-06,2024-03-07,2024-03-20,10,10,0.08854616546659341
10,1,ridge_base_alpha_0.0001_input_lag10,7,2024-03-20,2024-03-21,2024-04-03,10,10,0.13193259453130993
10,1,ridge_base_alpha_0.0001_input_lag10,8,2024-04-03,2024-04-04,2024-04-17,10,10,0.07134273594446165
10,1,ridge_base_alpha_0.0001_input_lag10,9,2024-04-17,2024-04-18,2024-05-01,10,10,0.20214819829958813
10,1,ridge_base_alpha_0.0001_input_lag10,10,2024-05-01,2024-05-02,2024-05-15,10,10,0.23671790735150694
10,1,ridge_base_alpha_0.0001_input_lag10,11,2024-05-15,2024-05-16,2024-05-29,10,10,0.1104279259411654
10,1,ridge_base_alpha_0.0001_input_lag10,12,2024-05-29,2024-05-30,2024-06-12,10,10,0.11756827214769001
10,1,ridge_base_alpha_0.0001_input_lag10,13,2024-06-12,2024-06-13,2024-06-26,10,10,0.10861687141893045
10,1,ridge_base_alpha_0.0001_input_lag10,14,2024-06-26,2024-06-27,2024-07-10,10,10,0.059931425424488205
10,1,ridge_base_alpha_0.0001_input_lag10,15,2024-07-10,2024-07-11,2024-07-24,10,10,0.06307551542472087
10,1,ridge_base_alpha_0.0001_input_lag10,16,2024-07-24,2024-07-25,2024-08-07,10,10,0.09042767472917695
10,1,ridge_base_alpha_0.0001_input_lag10,17,2024-08-07,2024-08-08,2024-08-21,10,10,0.10389440228041891
10,1,ridge_base_alpha_0.0001_input_lag10,18,2024-08-21,2024-08-22,2024-09-04,10,10,0.08023880441266625
10,1,ridge_base_alpha_0.0001_input_lag10,19,2024-09-04,2024-09-05,2024-09-18,10,10,0.14845614957284706
10,1,ridge_base_alpha_0.0001_input_lag10,20,2024-09-18,2024-09-19,2024-10-02,10,10,0.10302545275819584
10,1,ridge_base_alpha_0.0001_input_lag10,21,2024-10-02,2024-10-03,2024-10-16,10,10,0.11823055796996196
10,1,ridge_base_alpha_0.0001_input_lag10,22,2024-10-16,2024-10-17,2024-10-30,10,10,0.14885614691099022
10,1,ridge_base_alpha_0.0001_input_lag10,23,2024-10-30,2024-10-31,2024-11-13,10,10,0.13196252432701225
10,1,ridge_base_alpha_0.0001_input_lag10,24,2024-11-13,2024-11-14,2024-11-27,10,10,0.16524201128910854
10,1,ridge_base_alpha_0.0001_input_lag10,25,2024-11-27,2024-11-28,2024-12-11,10,10,0.059235542676155786
10,1,ridge_base_alpha_0.0001_input_lag10,26,2024-12-11,2024-12-12,2024-12-25,10,9,0.0901531350105305
10,1,ridge_base_alpha_0.0001_input_lag10,27,2024-12-25,2024-12-26,2024-12-31,4,4,0.08101559026348491
10,4,ridge_base_alpha_0.0001_input_lag10,1,2023-12-27,2023-12-28,2024-01-10,10,9,0.17352643107897434
10,4,ridge_base_alpha_0.0001_input_lag10,2,2024-01-10,2024-01-11,2024-01-24,10,10,0.1794052872327326
10,4,ridge_base_alpha_0.0001_input_lag10,3,2024-01-24,2024-01-25,2024-02-07,10,10,0.07488475697081272
10,4,ridge_base_alpha_0.0001_input_lag10,4,2024-02-07,2024-02-08,2024-02-21,10,6,0.1350145018967239
10,4,ridge_base_alpha_0.0001_input_lag10,5,2024-02-21,2024-02-22,2024-03-06,10,10,0.09537840839606082
10,4,ridge_base_alpha_0.0001_input_lag10,6,2024-03-06,2024-03-07,2024-03-20,10,10,0.061815136173393265
10,4,ridge_base_alpha_0.0001_input_lag10,7,2024-03-20,2024-03-21,2024-04-03,10,10,0.17669070655442132
10,4,ridge_base_alpha_0.0001_input_lag10,8,2024-04-03,2024-04-04,2024-04-17,10,10,0.1046965919269719
10,4,ridge_base_alpha_0.0001_input_lag10,9,2024-04-17,2024-04-18,2024-05-01,10,10,0.312926009048083
10,4,ridge_base_alpha_0.0001_input_lag10,10,2024-05-01,2024-05-02,2024-05-15,10,10,0.26112946383493457
10,4,ridge_base_alpha_0.0001_input_lag10,11,2024-05-15,2024-05-16,2024-05-29,10,10,0.2797942065024417
10,4,ridge_base_alpha_0.0001_input_lag10,12,2024-05-29,2024-05-30,2024-06-12,10,10,0.1355915701548486
10,4,ridge_base_alpha_0.0001_input_lag10,13,2024-06-12,2024-06-13,2024-06-26,10,10,0.1150238087326801
10,4,ridge_base_alpha_0.0001_input_lag10,14,2024-06-26,2024-06-27,2024-07-10,10,10,0.15391485506229677
10,4,ridge_base_alpha_0.0001_input_lag10,15,2024-07-10,2024-07-11,2024-07-24,10,10,0.14089296878452526
10,4,ridge_base_alpha_0.0001_input_lag10,16,2024-07-24,2024-07-25,2024-08-07,10,10,0.10093854317218176
10,4,ridge_base_alpha_0.0001_input_lag10,17,2024-08-07,2024-08-08,2024-08-21,10,10,0.23621989052049952
10,4,ridge_base_alpha_0.0001_input_lag10,18,2024-08-21,2024-08-22,2024-09-04,10,10,0.1160518917826793
10,4,ridge_base_alpha_0.0001_input_lag10,19,2024-09-04,2024-09-05,2024-09-18,10,10,0.1449653410416117
10,4,ridge_base_alpha_0.0001_input_lag10,20,2024-09-18,2024-09-19,2024-10-02,10,10,0.21486707162572835
10,4,ridge_base_alpha_0.0001_input_lag10,21,2024-10-02,2024-10-03,2024-10-16,10,10,0.33027169662729544
10,4,ridge_base_alpha_0.0001_input_lag10,22,2024-10-16,2024-10-17,2024-10-30,10,10,0.14443970691927116
10,4,ridge_base_alpha_0.0001_input_lag10,23,2024-10-30,2024-10-31,2024-11-13,10,10,0.08553217043891634
10,4,ridge_base_alpha_0.0001_input_lag10,24,2024-11-13,2024-11-14,2024-11-27,10,10,0.09888231524451492
10,4,ridge_base_alpha_0.0001_input_lag10,25,2024-11-27,2024-11-28,2024-12-11,10,10,0.09310168630101023
10,4,ridge_base_alpha_0.0001_input_lag10,26,2024-12-11,2024-12-12,2024-12-25,10,9,0.12150614917297894
10,4,ridge_base_alpha_0.0001_input_lag10,27,2024-12-25,2024-12-26,2024-12-31,4,4,0.579563290704042
10,5,ridge_base_alpha_0.0001_input_lag10,1,2023-12-27,2023-12-28,2024-01-10,10,9,0.1630682986107005
10,5,ridge_base_alpha_0.0001_input_lag10,2,2024-01-10,2024-01-11,2024-01-24,10,10,0.10203471852894785
10,5,ridge_base_alpha_0.0001_input_lag10,3,2024-01-24,2024-01-25,2024-02-07,10,10,0.1012968570245239
10,5,ridge_base_alpha_0.0001_input_lag10,4,2024-02-07,2024-02-08,2024-02-21,10,6,0.08324073353107882
10,5,ridge_base_alpha_0.0001_input_lag10,5,2024-02-21,2024-02-22,2024-03-06,10,10,0.06806174353493301
10,5,ridge_base_alpha_0.0001_input_lag10,6,2024-03-06,2024-03-07,2024-03-20,10,10,0.0849853075494224
10,5,ridge_base_alpha_0.0001_input_lag10,7,2024-03-20,2024-03-21,2024-04-03,10,10,0.0996619939791418
10,5,ridge_base_alpha_0.0001_input_lag10,8,2024-04-03,2024-04-04,2024-04-17,10,10,0.07262653777596935
10,5,ridge_base_alpha_0.0001_input_lag10,9,2024-04-17,2024-04-18,2024-05-01,10,10,0.2598122384319134
10,5,ridge_base_alpha_0.0001_input_lag10,10,2024-05-01,2024-05-02,2024-05-15,10,10,0.11112822626367885
10,5,ridge_base_alpha_0.0001_input_lag10,11,2024-05-15,2024-05-16,2024-05-29,10,10,0.270039665070433
10,5,ridge_base_alpha_0.0001_input_lag10,12,2024-05-29,2024-05-30,2024-06-12,10,10,0.0838543477342107
10,5,ridge_base_alpha_0.0001_input_lag10,13,2024-06-12,2024-06-13,2024-06-26,10,10,0.052741058119563394
10,5,ridge_base_alpha_0.0001_input_lag10,14,2024-06-26,2024-06-27,2024-07-10,10,10,0.08360505915773932
10,5,ridge_base_alpha_0.0001_input_lag10,15,2024-07-10,2024-07-11,2024-07-24,10,10,0.06607290555599214
10,5,ridge_base_alpha_0.0001_input_lag10,16,2024-07-24,2024-07-25,2024-08-07,10,10,0.10370326920793665
10,5,ridge_base_alpha_0.0001_input_lag10,17,2024-08-07,2024-08-08,2024-08-21,10,10,0.11440039263862721
10,5,ridge_base_alpha_0.0001_input_lag10,18,2024-08-21,2024-08-22,2024-09-04,10,10,0.07671837416182074
10,5,ridge_base_alpha_0.0001_input_lag10,19,2024-09-04,2024-09-05,2024-09-18,10,10,0.06804152229417491
10,5,ridge_base_alpha_0.0001_input_lag10,20,2024-09-18,2024-09-19,2024-10-02,10,10,0.07271979433582929
10,5,ridge_base_alpha_0.0001_input_lag10,21,2024-10-02,2024-10-03,2024-10-16,10,10,0.07596148503001604
10,5,ridge_base_alpha_0.0001_input_lag10,22,2024-10-16,2024-10-17,2024-10-30,10,10,0.03860736815675939
10,5,ridge_base_alpha_0.0001_input_lag10,23,2024-10-30,2024-10-31,2024-11-13,10,10,0.11448763035337828
10,5,ridge_base_alpha_0.0001_input_lag10,24,2024-11-13,2024-11-14,2024-11-27,10,10,0.07488445090810589
10,5,ridge_base_alpha_0.0001_input_lag10,25,2024-11-27,2024-11-28,2024-12-11,10,10,0.05140600862860553
10,5,ridge_base_alpha_0.0001_input_lag10,26,2024-12-11,2024-12-12,2024-12-25,10,9,0.04078007979798485
10,5,ridge_base_alpha_0.0001_input_lag10,27,2024-12-25,2024-12-26,2024-12-31,4,4,0.1410843466544197
10,6,ridge_base_alpha_0.0001_input_lag10,1,2023-12-27,2023-12-28,2024-01-10,10,9,0.12409283287803384
10,6,ridge_base_alpha_0.0001_input_lag10,2,2024-01-10,2024-01-11,2024-01-24,10,10,0.11753542338673369
10,6,ridge_base_alpha_0.0001_input_lag10,3,2024-01-24,2024-01-25,2024-02-07,10,10,0.10513901476755028
10,6,ridge_base_alpha_0.0001_input_lag10,4,2024-02-07,2024-02-08,2024-02-21,10,6,0.10685380029262323
10,6,ridge_base_alpha_0.0001_input_lag10,5,2024-02-21,2024-02-22,2024-03-06,10,10,0.15265300762845357
10,6,ridge_base_alpha_0.0001_input_lag10,6,2024-03-06,2024-03-07,2024-03-20,10,10,0.11372440916368198
10,6,ridge_base_alpha_0.0001_input_lag10,7,2024-03-20,2024-03-21,2024-04-03,10,10,0.15149027505031357
10,6,ridge_base_alpha_0.0001_input_lag10,8,2024-04-03,2024-04-04,2024-04-17,10,10,0.11904455958119126
10,6,ridge_base_alpha_0.0001_input_lag10,9,2024-04-17,2024-04-18,2024-05-01,10,10,0.2037117569453606
10,6,ridge_base_alpha_0.0001_input_lag10,10,2024-05-01,2024-05-02,2024-05-15,10,10,0.12080964388062079
10,6,ridge_base_alpha_0.0001_input_lag10,11,2024-05-15,2024-05-16,2024-05-29,10,10,0.30861892615022857
10,6,ridge_base_alpha_0.0001_input_lag10,12,2024-05-29,2024-05-30,2024-06-12,10,10,0.11614684428731906
10,6,ridge_base_alpha_0.0001_input_lag10,13,2024-06-12,2024-06-13,2024-06-26,10,10,0.07442736388293845
10,6,ridge_base_alpha_0.0001_input_lag10,14,2024-06-26,2024-06-27,2024-07-10,10,10,0.1258681908102778
10,6,ridge_base_alpha_0.0001_input_lag10,15,2024-07-10,2024-07-11,2024-07-24,10,10,0.10335538814392285
10,6,ridge_base_alpha_0.0001_input_lag10,16,2024-07-24,2024-07-25,2024-08-07,10,10,0.14104282839605858
10,6,ridge_base_alpha_0.0001_input_lag10,17,2024-08-07,2024-08-08,2024-08-21,10,10,0.16950331889438086
10,6,ridge_base_alpha_0.0001_input_lag10,18,2024-08-21,2024-08-22,2024-09-04,10,10,0.11640239918336957
10,6,ridge_base_alpha_0.0001_input_lag10,19,2024-09-04,2024-09-05,2024-09-18,10,10,0.06181890677816543
10,6,ridge_base_alpha_0.0001_input_lag10,20,2024-09-18,2024-09-19,2024-10-02,10,10,0.11176877924873896
10,6,ridge_base_alpha_0.0001_input_lag10,21,2024-10-02,2024-10-03,2024-10-16,10,10,0.07519431755914126
10,6,ridge_base_alpha_0.0001_input_lag10,22,2024-10-16,2024-10-17,2024-10-30,10,10,0.08786399662589028
10,6,ridge_base_alpha_0.0001_input_lag10,23,2024-10-30,2024-10-31,2024-11-13,10,10,0.11908990761756873
10,6,ridge_base_alpha_0.0001_input_lag10,24,2024-11-13,2024-11-14,2024-11-27,10,10,0.06497929953655954
10,6,ridge_base_alpha_0.0001_input_lag10,25,2024-11-27,2024-11-28,2024-12-11,10,10,0.14669914721198485
10,6,ridge_base_alpha_0.0001_input_lag10,26,2024-12-11,2024-12-12,2024-12-25,10,9,0.09261033346085047
10,6,ridge_base_alpha_0.0001_input_lag10,27,2024-12-25,2024-12-26,2024-12-31,4,4,0.20524810603715254
10,8,ridge_base_alpha_0.0001_input_lag10,1,2023-12-27,2023-12-28,2024-01-10,10,9,0.3589976178374056
10,8,ridge_base_alpha_0.0001_input_lag10,2,2024-01-10,2024-01-11,2024-01-24,10,10,0.27836478138356674
10,8,ridge_base_alpha_0.0001_input_lag10,3,2024-01-24,2024-01-25,2024-02-07,10,10,0.18544412123958226
10,8,ridge_base_alpha_0.0001_input_lag10,4,2024-02-07,2024-02-08,2024-02-21,10,6,0.3131090088696251
10,8,ridge_base_alpha_0.0001_input_lag10,5,2024-02-21,2024-02-22,2024-03-06,10,10,0.23510373293866993
10,8,ridge_base_alpha_0.0001_input_lag10,6,2024-03-06,2024-03-07,2024-03-20,10,10,0.17278395635210328
10,8,ridge_base_alpha_0.0001_input_lag10,7,2024-03-20,2024-03-21,2024-04-03,10,10,0.35638478126987766
10,8,ridge_base_alpha_0.0001_input_lag10,8,2024-04-03,2024-04-04,2024-04-17,10,10,0.34934052601394483
10,8,ridge_base_alpha_0.0001_input_lag10,9,2024-04-17,2024-04-18,2024-05-01,10,10,0.2282664925895647
10,8,ridge_base_alpha_0.0001_input_lag10,10,2024-05-01,2024-05-02,2024-05-15,10,10,0.10455524262908329
10,8,ridge_base_alpha_0.0001_input_lag10,11,2024-05-15,2024-05-16,2024-05-29,10,10,0.3452427747635795
10,8,ridge_base_alpha_0.0001_input_lag10,12,2024-05-29,2024-05-30,2024-06-12,10,10,0.09068441307979029
10,8,ridge_base_alpha_0.0001_input_lag10,13,2024-06-12,2024-06-13,2024-06-26,10,10,0.11760958654313117
10,8,ridge_base_alpha_0.0001_input_lag10,14,2024-06-26,2024-06-27,2024-07-10,10,10,0.19571210465264086
10,8,ridge_base_alpha_0.0001_input_lag10,15,2024-07-10,2024-07-11,2024-07-24,10,10,0.09910473311439254
10,8,ridge_base_alpha_0.0001_input_lag10,16,2024-07-24,2024-07-25,2024-08-07,10,10,0.18806433487799804
10,8,ridge_base_alpha_0.0001_input_lag10,17,2024-08-07,2024-08-08,2024-08-21,10,10,0.20604932490458205
10,8,ridge_base_alpha_0.0001_input_lag10,18,2024-08-21,2024-08-22,2024-09-04,10,10,0.09294422514359754
10,8,ridge_base_alpha_0.0001_input_lag10,19,2024-09-04,2024-09-05,2024-09-18,10,10,0.08340396764333113
10,8,ridge_base_alpha_0.0001_input_lag10,20,2024-09-18,2024-09-19,2024-10-02,10,10,0.157197374838404
10,8,ridge_base_alpha_0.0001_input_lag10,21,2024-10-02,2024-10-03,2024-10-16,10,10,0.09853250242538436
10,8,ridge_base_alpha_0.0001_input_lag10,22,2024-10-16,2024-10-17,2024-10-30,10,10,0.03560831708669988
10,8,ridge_base_alpha_0.0001_input_lag10,23,2024-10-30,2024-10-31,2024-11-13,10,10,0.10377318963312093
10,8,ridge_base_alpha_0.0001_input_lag10,24,2024-11-13,2024-11-14,2024-11-27,10,10,0.13234923405952356
10,8,ridge_base_alpha_0.0001_input_lag10,25,2024-11-27,2024-11-28,2024-12-11,10,10,0.13577408768312263
10,8,ridge_base_alpha_0.0001_input_lag10,26,2024-12-11,2024-12-12,2024-12-25,10,9,0.06506950478601839
10,8,ridge_base_alpha_0.0001_input_lag10,27,2024-12-25,2024-12-26,2024-12-31,4,4,0.19313218711699398
10,11,ridge_base_alpha_0.0001_input_lag10,1,2023-12-27,2023-12-28,2024-01-10,10,9,0.11632857770037278
10,11,ridge_base_alpha_0.0001_input_lag10,2,2024-01-10,2024-01-11,2024-01-24,10,10,1.5961553737336522
10,11,ridge_base_alpha_0.0001_input_lag10,3,2024-01-24,2024-01-25,2024-02-07,10,10,0.8607648927967049
10,11,ridge_base_alpha_0.0001_input_lag10,4,2024-02-07,2024-02-08,2024-02-21,10,6,0.12250982883320724
10,11,ridge_base_alpha_0.0001_input_lag10,5,2024-02-21,2024-02-22,2024-03-06,10,10,0.16103338791844513
10,11,ridge_base_alpha_0.0001_input_lag10,6,2024-03-06,2024-03-07,2024-03-20,10,10,0.1569692172170603
10,11,ridge_base_alpha_0.0001_input_lag10,7,2024-03-20,2024-03-21,2024-04-03,10,10,0.16319799314535072
10,11,ridge_base_alpha_0.0001_input_lag10,8,2024-04-03,2024-04-04,2024-04-17,10,10,0.2195009678680008
10,11,ridge_base_alpha_0.0001_input_lag10,9,2024-04-17,2024-04-18,2024-05-01,10,10,0.12925991177309687
10,11,ridge_base_alpha_0.0001_input_lag10,10,2024-05-01,2024-05-02,2024-05-15,10,10,0.34161230972829265
10,11,ridge_base_alpha_0.0001_input_lag10,11,2024-05-15,2024-05-16,2024-05-29,10,10,0.21840814010258724
10,11,ridge_base_alpha_0.0001_input_lag10,12,2024-05-29,2024-05-30,2024-06-12,10,10,0.17223707783358166
10,11,ridge_base_alpha_0.0001_input_lag10,13,2024-06-12,2024-06-13,2024-06-26,10,10,0.12027248199590156
10,11,ridge_base_alpha_0.0001_input_lag10,14,2024-06-26,2024-06-27,2024-07-10,10,10,0.17406138677840355
10,11,ridge_base_alpha_0.0001_input_lag10,15,2024-07-10,2024-07-11,2024-07-24,10,10,0.2146252943220066
10,11,ridge_base_alpha_0.0001_input_lag10,16,2024-07-24,2024-07-25,2024-08-07,10,10,0.09655699860498958
10,11,ridge_base_alpha_0.0001_input_lag10,17,2024-08-07,2024-08-08,2024-08-21,10,10,0.2600818604851244
10,11,ridge_base_alpha_0.0001_input_lag10,18,2024-08-21,2024-08-22,2024-09-04,10,10,0.19210538923054096
10,11,ridge_base_alpha_0.0001_input_lag10,19,2024-09-04,2024-09-05,2024-09-18,10,10,0.22057896197782517
10,11,ridge_base_alpha_0.0001_input_lag10,20,2024-09-18,2024-09-19,2024-10-02,10,10,0.07584384839131547
10,11,ridge_base_alpha_0.0001_input_lag10,21,2024-10-02,2024-10-03,2024-10-16,10,10,0.16243326916364953
10,11,ridge_base_alpha_0.0001_input_lag10,22,2024-10-16,2024-10-17,2024-10-30,10,10,0.13902995533403567
10,11,ridge_base_alpha_0.0001_input_lag10,23,2024-10-30,2024-10-31,2024-11-13,10,10,0.11209390745336004
10,11,ridge_base_alpha_0.0001_input_lag10,24,2024-11-13,2024-11-14,2024-11-27,10,10,0.5332984203396497
10,11,ridge_base_alpha_0.0001_input_lag10,25,2024-11-27,2024-11-28,2024-12-11,10,10,1.5425152084335296
10,11,ridge_base_alpha_0.0001_input_lag10,26,2024-12-11,2024-12-12,2024-12-25,10,9,1.453197394545117
10,11,ridge_base_alpha_0.0001_input_lag10,27,2024-12-25,2024-12-26,2024-12-31,4,4,1.775662838632926
10,12,ridge_base_alpha_0.0001_input_lag10,1,2023-12-27,2023-12-28,2024-01-10,10,9,0.8370447021124408
10,12,ridge_base_alpha_0.0001_input_lag10,2,2024-01-10,2024-01-11,2024-01-24,10,10,1.1515785927193745
10,12,ridge_base_alpha_0.0001_input_lag10,3,2024-01-24,2024-01-25,2024-02-07,10,10,0.8111241131891295
10,12,ridge_base_alpha_0.0001_input_lag10,4,2024-02-07,2024-02-08,2024-02-21,10,6,1.9056243157281545
10,12,ridge_base_alpha_0.0001_input_lag10,5,2024-02-21,2024-02-22,2024-03-06,10,10,1.64881826373856
10,12,ridge_base_alpha_0.0001_input_lag10,6,2024-03-06,2024-03-07,2024-03-20,10,10,1.8682120709520404
10,12,ridge_base_alpha_0.0001_input_lag10,7,2024-03-20,2024-03-21,2024-04-03,10,10,2.0
10,12,ridge_base_alpha_0.0001_input_lag10,8,2024-04-03,2024-04-04,2024-04-17,10,10,1.8680390424873796
10,12,ridge_base_alpha_0.0001_input_lag10,9,2024-04-17,2024-04-18,2024-05-01,10,10,1.6764009459618379
10,12,ridge_base_alpha_0.0001_input_lag10,10,2024-05-01,2024-05-02,2024-05-15,10,10,0.8158058475183231
10,12,ridge_base_alpha_0.0001_input_lag10,11,2024-05-15,2024-05-16,2024-05-29,10,10,1.2996528540621064
10,12,ridge_base_alpha_0.0001_input_lag10,12,2024-05-29,2024-05-30,2024-06-12,10,10,1.216026673341633
10,12,ridge_base_alpha_0.0001_input_lag10,13,2024-06-12,2024-06-13,2024-06-26,10,10,0.5954490718768716
10,12,ridge_base_alpha_0.0001_input_lag10,14,2024-06-26,2024-06-27,2024-07-10,10,10,1.033816686765043
10,12,ridge_base_alpha_0.0001_input_lag10,15,2024-07-10,2024-07-11,2024-07-24,10,10,1.3438939276265578
10,12,ridge_base_alpha_0.0001_input_lag10,16,2024-07-24,2024-07-25,2024-08-07,10,10,1.133808518269693
10,12,ridge_base_alpha_0.0001_input_lag10,17,2024-08-07,2024-08-08,2024-08-21,10,10,1.2537145073618112
10,12,ridge_base_alpha_0.0001_input_lag10,18,2024-08-21,2024-08-22,2024-09-04,10,10,1.226704224312941
10,12,ridge_base_alpha_0.0001_input_lag10,19,2024-09-04,2024-09-05,2024-09-18,10,10,0.9923045746916002
10,12,ridge_base_alpha_0.0001_input_lag10,20,2024-09-18,2024-09-19,2024-10-02,10,10,0.9517675356234057
10,12,ridge_base_alpha_0.0001_input_lag10,21,2024-10-02,2024-10-03,2024-10-16,10,10,0.924039491943232
10,12,ridge_base_alpha_0.0001_input_lag10,22,2024-10-16,2024-10-17,2024-10-30,10,10,0.7864726105293836
10,12,ridge_base_alpha_0.0001_input_lag10,23,2024-10-30,2024-10-31,2024-11-13,10,10,1.010305290222069
10,12,ridge_base_alpha_0.0001_input_lag10,24,2024-11-13,2024-11-14,2024-11-27,10,10,0.21328263043946738
10,12,ridge_base_alpha_0.0001_input_lag10,25,2024-11-27,2024-11-28,2024-12-11,10,10,1.1719332422365802
10,12,ridge_base_alpha_0.0001_input_lag10,26,2024-12-11,2024-12-12,2024-12-25,10,9,1.3524055867055225
10,12,ridge_base_alpha_0.0001_input_lag10,27,2024-12-25,2024-12-26,2024-12-31,4,4,2.0
10,1,ridge_base_alpha_0.0001_input_mean5_lag10,1,2023-12-27,2023-12-28,2024-01-10,10,9,0.1221838717309951
10,1,ridge_base_alpha_0.0001_input_mean5_lag10,2,2024-01-10,2024-01-11,2024-01-24,10,10,0.2377166219121509
10,1,ridge_base_alpha_0.0001_input_mean5_lag10,3,2024-01-24,2024-01-25,2024-02-07,10,10,0.068447316850674
10,1,ridge_base_alpha_0.0001_input_mean5_lag10,4,2024-02-07,2024-02-08,2024-02-21,10,6,0.10889627018389188
10,1,ridge_base_alpha_0.0001_input_mean5_lag10,5,2024-02-21,2024-02-22,2024-03-06,10,10,0.0681254434354872
10,1,ridge_base_alpha_0.0001_input_mean5_lag10,6,2024-03-06,2024-03-07,2024-03-20,10,10,0.09030641279169821
10,1,ridge_base_alpha_0.0001_input_mean5_lag10,7,2024-03-20,2024-03-21,2024-04-03,10,10,0.12927328483327036
10,1,ridge_base_alpha_0.0001_input_mean5_lag10,8,2024-04-03,2024-04-04,2024-04-17,10,10,0.07265973663291238
10,1,ridge_base_alpha_0.0001_input_mean5_lag10,9,2024-04-17,2024-04-18,2024-05-01,10,10,0.2053534493298347
10,1,ridge_base_alpha_0.0001_input_mean5_lag10,10,2024-05-01,2024-05-02,2024-05-15,10,10,0.2340427697407248
10,1,ridge_base_alpha_0.0001_input_mean5_lag10,11,2024-05-15,2024-05-16,2024-05-29,10,10,0.10814463280496388
10,1,ridge_base_alpha_0.0001_input_mean5_lag10,12,2024-05-29,2024-05-30,2024-06-12,10,10,0.12392546299068773
10,1,ridge_base_alpha_0.0001_input_mean5_lag10,13,2024-06-12,2024-06-13,2024-06-26,10,10,0.10758409389938753
10,1,ridge_base_alpha_0.0001_input_mean5_lag10,14,2024-06-26,2024-06-27,2024-07-10,10,10,0.05799415332404248
10,1,ridge_base_alpha_0.0001_input_mean5_lag10,15,2024-07-10,2024-07-11,2024-07-24,10,10,0.06082233794481622
10,1,ridge_base_alpha_0.0001_input_mean5_lag10,16,2024-07-24,2024-07-25,2024-08-07,10,10,0.0879427094995895
10,1,ridge_base_alpha_0.0001_input_mean5_lag10,17,2024-08-07,2024-08-08,2024-08-21,10,10,0.10364020810540504
10,1,ridge_base_alpha_0.0001_input_mean5_lag10,18,2024-08-21,2024-08-22,2024-09-04,10,10,0.07797180595426292
10,1,ridge_base_alpha_0.0001_input_mean5_lag10,19,2024-09-04,2024-09-05,2024-09-18,10,10,0.14784104992325633
10,1,ridge_base_alpha_0.0001_input_mean5_lag10,20,2024-09-18,2024-09-19,2024-10-02,10,10,0.10012208867404288
10,1,ridge_base_alpha_0.0001_input_mean5_lag10,21,2024-10-02,2024-10-03,2024-10-16,10,10,0.1135607970425667
10,1,ridge_base_alpha_0.0001_input_mean5_lag10,22,2024-10-16,2024-10-17,2024-10-30,10,10,0.14542643799028687
10,1,ridge_base_alpha_0.0001_input_mean5_lag10,23,2024-10-30,2024-10-31,2024-11-13,10,10,0.12301509338721489
10,1,ridge_base_alpha_0.0001_input_mean5_lag10,24,2024-11-13,2024-11-14,2024-11-27,10,10,0.14176473426309763
10,1,ridge_base_alpha_0.0001_input_mean5_lag10,25,2024-11-27,2024-11-28,2024-12-11,10,10,0.06407920002464192
10,1,ridge_base_alpha_0.0001_input_mean5_lag10,26,2024-12-11,2024-12-12,2024-12-25,10,9,0.08068503004211387
10,1,ridge_base_alpha_0.0001_input_mean5_lag10,27,2024-12-25,2024-12-26,2024-12-31,4,4,0.06994727621741872
10,4,ridge_base_alpha_0.0001_input_mean5_lag10,1,2023-12-27,2023-12-28,2024-01-10,10,9,0.17652488786937723
10,4,ridge_base_alpha_0.0001_input_mean5_lag10,2,2024-01-10,2024-01-11,2024-01-24,10,10,0.1930467348903616
10,4,ridge_base_alpha_0.0001_input_mean5_lag10,3,2024-01-24,2024-01-25,2024-02-07,10,10,0.07450618898783005
10,4,ridge_base_alpha_0.0001_input_mean5_lag10,4,2024-02-07,2024-02-08,2024-02-21,10,6,0.13664830763060892
10,4,ridge_base_alpha_0.0001_input_mean5_lag10,5,2024-02-21,2024-02-22,2024-03-06,10,10,0.10086637347168566
10,4,ridge_base_alpha_0.0001_input_mean5_lag10,6,2024-03-06,2024-03-07,2024-03-20,10,10,0.06382745979048358
10,4,ridge_base_alpha_0.0001_input_mean5_lag10,7,2024-03-20,2024-03-21,2024-04-03,10,10,0.1800748405227227
10,4,ridge_base_alpha_0.0001_input_mean5_lag10,8,2024-04-03,2024-04-04,2024-04-17,10,10,0.10600834446933999
10,4,ridge_base_alpha_0.0001_input_mean5_lag10,9,2024-04-17,2024-04-18,2024-05-01,10,10,0.3154354140372006
10,4,ridge_base_alpha_0.0001_input_mean5_lag10,10,2024-05-01,2024-05-02,2024-05-15,10,10,0.2635802500185
10,4,ridge_base_alpha_0.0001_input_mean5_lag10,11,2024-05-15,2024-05-16,2024-05-29,10,10,0.2766360549926627
10,4,ridge_base_alpha_0.0001_input_mean5_lag10,12,2024-05-29,2024-05-30,2024-06-12,10,10,0.1342069164460221
10,4,ridge_base_alpha_0.0001_input_mean5_lag10,13,2024-06-12,2024-06-13,2024-06-26,10,10,0.11666333523589159
10,4,ridge_base_alpha_0.0001_input_mean5_lag10,14,2024-06-26,2024-06-27,2024-07-10,10,10,0.15204580178228963
10,4,ridge_base_alpha_0.0001_input_mean5_lag10,15,2024-07-10,2024-07-11,2024-07-24,10,10,0.14027409164106977
10,4,ridge_base_alpha_0.0001_input_mean5_lag10,16,2024-07-24,2024-07-25,2024-08-07,10,10,0.10057634112962195
10,4,ridge_base_alpha_0.0001_input_mean5_lag10,17,2024-08-07,2024-08-08,2024-08-21,10,10,0.2351227597278086
10,4,ridge_base_alpha_0.0001_input_mean5_lag10,18,2024-08-21,2024-08-22,2024-09-04,10,10,0.11498435719314358
10,4,ridge_base_alpha_0.0001_input_mean5_lag10,19,2024-09-04,2024-09-05,2024-09-18,10,10,0.14347090376006041
10,4,ridge_base_alpha_0.0001_input_mean5_lag10,20,2024-09-18,2024-09-19,2024-10-02,10,10,0.21635101614043684
10,4,ridge_base_alpha_0.0001_input_mean5_lag10,21,2024-10-02,2024-10-03,2024-10-16,10,10,0.33041691523530564
10,4,ridge_base_alpha_0.0001_input_mean5_lag10,22,2024-10-16,2024-10-17,2024-10-30,10,10,0.14316017642140338
10,4,ridge_base_alpha_0.0001_input_mean5_lag10,23,2024-10-30,2024-10-31,2024-11-13,10,10,0.08380091283696178
10,4,ridge_base_alpha_0.0001_input_mean5_lag10,24,2024-11-13,2024-11-14,2024-11-27,10,10,0.1017870287804157
10,4,ridge_base_alpha_0.0001_input_mean5_lag10,25,2024-11-27,2024-11-28,2024-12-11,10,10,0.10331565435247916
10,4,ridge_base_alpha_0.0001_input_mean5_lag10,26,2024-12-11,2024-12-12,2024-12-25,10,9,0.12233214015274242
10,4,ridge_base_alpha_0.0001_input_mean5_lag10,27,2024-12-25,2024-12-26,2024-12-31,4,4,0.5814346424030721
10,5,ridge_base_alpha_0.0001_input_mean5_lag10,1,2023-12-27,2023-12-28,2024-01-10,10,9,0.16172349869031913
10,5,ridge_base_alpha_0.0001_input_mean5_lag10,2,2024-01-10,2024-01-11,2024-01-24,10,10,0.08572681334283427
10,5,ridge_base_alpha_0.0001_input_mean5_lag10,3,2024-01-24,2024-01-25,2024-02-07,10,10,0.10026801924503544
10,5,ridge_base_alpha_0.0001_input_mean5_lag10,4,2024-02-07,2024-02-08,2024-02-21,10,6,0.10153440751210803
10,5,ridge_base_alpha_0.0001_input_mean5_lag10,5,2024-02-21,2024-02-22,2024-03-06,10,10,0.05729009929222211
10,5,ridge_base_alpha_0.0001_input_mean5_lag10,6,2024-03-06,2024-03-07,2024-03-20,10,10,0.0900358731561236
10,5,ridge_base_alpha_0.0001_input_mean5_lag10,7,2024-03-20,2024-03-21,2024-04-03,10,10,0.1051844719480008
10,5,ridge_base_alpha_0.0001_input_mean5_lag10,8,2024-04-03,2024-04-04,2024-04-17,10,10,0.07557768116651027
10,5,ridge_base_alpha_0.0001_input_mean5_lag10,9,2024-04-17,2024-04-18,2024-05-01,10,10,0.26713600322040193
10,5,ridge_base_alpha_0.0001_input_mean5_lag10,10,2024-05-01,2024-05-02,2024-05-15,10,10,0.10832278610373483
10,5,ridge_base_alpha_0.0001_input_mean5_lag10,11,2024-05-15,2024-05-16,2024-05-29,10,10,0.2699649148496215
10,5,ridge_base_alpha_0.0001_input_mean5_lag10,12,2024-05-29,2024-05-30,2024-06-12,10,10,0.08253522193576612
10,5,ridge_base_alpha_0.0001_input_mean5_lag10,13,2024-06-12,2024-06-13,2024-06-26,10,10,0.05349008309717225
10,5,ridge_base_alpha_0.0001_input_mean5_lag10,14,2024-06-26,2024-06-27,2024-07-10,10,10,0.08480666662504353
10,5,ridge_base_alpha_0.0001_input_mean5_lag10,15,2024-07-10,2024-07-11,2024-07-24,10,10,0.06430499538128724
10,5,ridge_base_alpha_0.0001_input_mean5_lag10,16,2024-07-24,2024-07-25,2024-08-07,10,10,0.10258655299066331
10,5,ridge_base_alpha_0.0001_input_mean5_lag10,17,2024-08-07,2024-08-08,2024-08-21,10,10,0.11493990971812139
10,5,ridge_base_alpha_0.0001_input_mean5_lag10,18,2024-08-21,2024-08-22,2024-09-04,10,10,0.07640325438739604
10,5,ridge_base_alpha_0.0001_input_mean5_lag10,19,2024-09-04,2024-09-05,2024-09-18,10,10,0.07103614176245636
10,5,ridge_base_alpha_0.0001_input_mean5_lag10,20,2024-09-18,2024-09-19,2024-10-02,10,10,0.08205577357471533
10,5,ridge_base_alpha_0.0001_input_mean5_lag10,21,2024-10-02,2024-10-03,2024-10-16,10,10,0.06479738608858368
10,5,ridge_base_alpha_0.0001_input_mean5_lag10,22,2024-10-16,2024-10-17,2024-10-30,10,10,0.04158953310939763
10,5,ridge_base_alpha_0.0001_input_mean5_lag10,23,2024-10-30,2024-10-31,2024-11-13,10,10,0.1232774309990321
10,5,ridge_base_alpha_0.0001_input_mean5_lag10,24,2024-11-13,2024-11-14,2024-11-27,10,10,0.08159602835874966
10,5,ridge_base_alpha_0.0001_input_mean5_lag10,25,2024-11-27,2024-11-28,2024-12-11,10,10,0.052386731405586855
10,5,ridge_base_alpha_0.0001_input_mean5_lag10,26,2024-12-11,2024-12-12,2024-12-25,10,9,0.041923987641440605
10,5,ridge_base_alpha_0.0001_input_mean5_lag10,27,2024-12-25,2024-12-26,2024-12-31,4,4,0.15249463675731323
10,6,ridge_base_alpha_0.0001_input_mean5_lag10,1,2023-12-27,2023-12-28,2024-01-10,10,9,0.13046680698624413
10,6,ridge_base_alpha_0.0001_input_mean5_lag10,2,2024-01-10,2024-01-11,2024-01-24,10,10,0.12007805664019998
10,6,ridge_base_alpha_0.0001_input_mean5_lag10,3,2024-01-24,2024-01-25,2024-02-07,10,10,0.1027107151017222
10,6,ridge_base_alpha_0.0001_input_mean5_lag10,4,2024-02-07,2024-02-08,2024-02-21,10,6,0.10796178006363961
10,6,ridge_base_alpha_0.0001_input_mean5_lag10,5,2024-02-21,2024-02-22,2024-03-06,10,10,0.14801776876712713
10,6,ridge_base_alpha_0.0001_input_mean5_lag10,6,2024-03-06,2024-03-07,2024-03-20,10,10,0.1136449091522597
10,6,ridge_base_alpha_0.0001_input_mean5_lag10,7,2024-03-20,2024-03-21,2024-04-03,10,10,0.1508406366878433
10,6,ridge_base_alpha_0.0001_input_mean5_lag10,8,2024-04-03,2024-04-04,2024-04-17,10,10,0.11524992536650572
10,6,ridge_base_alpha_0.0001_input_mean5_lag10,9,2024-04-17,2024-04-18,2024-05-01,10,10,0.20677853551309924
10,6,ridge_base_alpha_0.0001_input_mean5_lag10,10,2024-05-01,2024-05-02,2024-05-15,10,10,0.11601472297628704
10,6,ridge_base_alpha_0.0001_input_mean5_lag10,11,2024-05-15,2024-05-16,2024-05-29,10,10,0.31103665370462324
10,6,ridge_base_alpha_0.0001_input_mean5_lag10,12,2024-05-29,2024-05-30,2024-06-12,10,10,0.11810322164498746
10,6,ridge_base_alpha_0.0001_input_mean5_lag10,13,2024-06-12,2024-06-13,2024-06-26,10,10,0.06995170308100362
10,6,ridge_base_alpha_0.0001_input_mean5_lag10,14,2024-06-26,2024-06-27,2024-07-10,10,10,0.11867385502503036
10,6,ridge_base_alpha_0.0001_input_mean5_lag10,15,2024-07-10,2024-07-11,2024-07-24,10,10,0.09949040109332283
10,6,ridge_base_alpha_0.0001_input_mean5_lag10,16,2024-07-24,2024-07-25,2024-08-07,10,10,0.1409285980819234
10,6,ridge_base_alpha_0.0001_input_mean5_lag10,17,2024-08-07,2024-08-08,2024-08-21,10,10,0.16584389931059576
10,6,ridge_base_alpha_0.0001_input_mean5_lag10,18,2024-08-21,2024-08-22,2024-09-04,10,10,0.11713340862490446
10,6,ridge_base_alpha_0.0001_input_mean5_lag10,19,2024-09-04,2024-09-05,2024-09-18,10,10,0.06596409044090375
10,6,ridge_base_alpha_0.0001_input_mean5_lag10,20,2024-09-18,2024-09-19,2024-10-02,10,10,0.10704932549699185
10,6,ridge_base_alpha_0.0001_input_mean5_lag10,21,2024-10-02,2024-10-03,2024-10-16,10,10,0.07902259040283398
10,6,ridge_base_alpha_0.0001_input_mean5_lag10,22,2024-10-16,2024-10-17,2024-10-30,10,10,0.09037239983097287
10,6,ridge_base_alpha_0.0001_input_mean5_lag10,23,2024-10-30,2024-10-31,2024-11-13,10,10,0.10836673430061661
10,6,ridge_base_alpha_0.0001_input_mean5_lag10,24,2024-11-13,2024-11-14,2024-11-27,10,10,0.06974798086665339
10,6,ridge_base_alpha_0.0001_input_mean5_lag10,25,2024-11-27,2024-11-28,2024-12-11,10,10,0.14068205592018138
10,6,ridge_base_alpha_0.0001_input_mean5_lag10,26,2024-12-11,2024-12-12,2024-12-25,10,9,0.08618674713880894
10,6,ridge_base_alpha_0.0001_input_mean5_lag10,27,2024-12-25,2024-12-26,2024-12-31,4,4,0.19352154533450855
10,8,ridge_base_alpha_0.0001_input_mean5_lag10,1,2023-12-27,2023-12-28,2024-01-10,10,9,0.3696882330241404
10,8,ridge_base_alpha_0.0001_input_mean5_lag10,2,2024-01-10,2024-01-11,2024-01-24,10,10,0.2804721732320012
10,8,ridge_base_alpha_0.0001_input_mean5_lag10,3,2024-01-24,2024-01-25,2024-02-07,10,10,0.1852459961816755
10,8,ridge_base_alpha_0.0001_input_mean5_lag10,4,2024-02-07,2024-02-08,2024-02-21,10,6,0.3012675852439151
10,8,ridge_base_alpha_0.0001_input_mean5_lag10,5,2024-02-21,2024-02-22,2024-03-06,10,10,0.22082960568349402
10,8,ridge_base_alpha_0.0001_input_mean5_lag10,6,2024-03-06,2024-03-07,2024-03-20,10,10,0.16698870117274836
10,8,ridge_base_alpha_0.0001_input_mean5_lag10,7,2024-03-20,2024-03-21,2024-04-03,10,10,0.34646673482899387
10,8,ridge_base_alpha_0.0001_input_mean5_lag10,8,2024-04-03,2024-04-04,2024-04-17,10,10,0.3297112178283977
10,8,ridge_base_alpha_0.0001_input_mean5_lag10,9,2024-04-17,2024-04-18,2024-05-01,10,10,0.2241638505971323
10,8,ridge_base_alpha_0.0001_input_mean5_lag10,10,2024-05-01,2024-05-02,2024-05-15,10,10,0.10952929380705397
10,8,ridge_base_alpha_0.0001_input_mean5_lag10,11,2024-05-15,2024-05-16,2024-05-29,10,10,0.3426044251938902
10,8,ridge_base_alpha_0.0001_input_mean5_lag10,12,2024-05-29,2024-05-30,2024-06-12,10,10,0.09083552176443163
10,8,ridge_base_alpha_0.0001_input_mean5_lag10,13,2024-06-12,2024-06-13,2024-06-26,10,10,0.11455676432125637
10,8,ridge_base_alpha_0.0001_input_mean5_lag10,14,2024-06-26,2024-06-27,2024-07-10,10,10,0.18621171901810651
10,8,ridge_base_alpha_0.0001_input_mean5_lag10,15,2024-07-10,2024-07-11,2024-07-24,10,10,0.09280470698969434
10,8,ridge_base_alpha_0.0001_input_mean5_lag10,16,2024-07-24,2024-07-25,2024-08-07,10,10,0.19225576419773538
10,8,ridge_base_alpha_0.0001_input_mean5_lag10,17,2024-08-07,2024-08-08,2024-08-21,10,10,0.20450064183895098
10,8,ridge_base_alpha_0.0001_input_mean5_lag10,18,2024-08-21,2024-08-22,2024-09-04,10,10,0.0919461191300129
10,8,ridge_base_alpha_0.0001_input_mean5_lag10,19,2024-09-04,2024-09-05,2024-09-18,10,10,0.08274427798131294
10,8,ridge_base_alpha_0.0001_input_mean5_lag10,20,2024-09-18,2024-09-19,2024-10-02,10,10,0.1386511820309542
10,8,ridge_base_alpha_0.0001_input_mean5_lag10,21,2024-10-02,2024-10-03,2024-10-16,10,10,0.12237110854191349
10,8,ridge_base_alpha_0.0001_input_mean5_lag10,22,2024-10-16,2024-10-17,2024-10-30,10,10,0.039736464828111745
10,8,ridge_base_alpha_0.0001_input_mean5_lag10,23,2024-10-30,2024-10-31,2024-11-13,10,10,0.0961038590748948
10,8,ridge_base_alpha_0.0001_input_mean5_lag10,24,2024-11-13,2024-11-14,2024-11-27,10,10,0.1271130540455979
10,8,ridge_base_alpha_0.0001_input_mean5_lag10,25,2024-11-27,2024-11-28,2024-12-11,10,10,0.16069769798070938
10,8,ridge_base_alpha_0.0001_input_mean5_lag10,26,2024-12-11,2024-12-12,2024-12-25,10,9,0.08524354110066619
10,8,ridge_base_alpha_0.0001_input_mean5_lag10,27,2024-12-25,2024-12-26,2024-12-31,4,4,0.17734894189886735
10,11,ridge_base_alpha_0.0001_input_mean5_lag10,1,2023-12-27,2023-12-28,2024-01-10,10,9,0.10742525941313691
10,11,ridge_base_alpha_0.0001_input_mean5_lag10,2,2024-01-10,2024-01-11,2024-01-24,10,10,1.599701476855985
10,11,ridge_base_alpha_0.0001_input_mean5_lag10,3,2024-01-24,2024-01-25,2024-02-07,10,10,0.8609146061087469
10,11,ridge_base_alpha_0.0001_input_mean5_lag10,4,2024-02-07,2024-02-08,2024-02-21,10,6,0.11563904696657502
10,11,ridge_base_alpha_0.0001_input_mean5_lag10,5,2024-02-21,2024-02-22,2024-03-06,10,10,0.15454320154548404
10,11,ridge_base_alpha_0.0001_input_mean5_lag10,6,2024-03-06,2024-03-07,2024-03-20,10,10,0.15352361041898696
10,11,ridge_base_alpha_0.0001_input_mean5_lag10,7,2024-03-20,2024-03-21,2024-04-03,10,10,0.16194078738063183
10,11,ridge_base_alpha_0.0001_input_mean5_lag10,8,2024-04-03,2024-04-04,2024-04-17,10,10,0.2099806359508971
10,11,ridge_base_alpha_0.0001_input_mean5_lag10,9,2024-04-17,2024-04-18,2024-05-01,10,10,0.1319857347952621
10,11,ridge_base_alpha_0.0001_input_mean5_lag10,10,2024-05-01,2024-05-02,2024-05-15,10,10,0.33386367220966295
10,11,ridge_base_alpha_0.0001_input_mean5_lag10,11,2024-05-15,2024-05-16,2024-05-29,10,10,0.21839459290088079
10,11,ridge_base_alpha_0.0001_input_mean5_lag10,12,2024-05-29,2024-05-30,2024-06-12,10,10,0.17211607415147168
10,11,ridge_base_alpha_0.0001_input_mean5_lag10,13,2024-06-12,2024-06-13,2024-06-26,10,10,0.11333415486903559
10,11,ridge_base_alpha_0.0001_input_mean5_lag10,14,2024-06-26,2024-06-27,2024-07-10,10,10,0.171996515600375
10,11,ridge_base_alpha_0.0001_input_mean5_lag10,15,2024-07-10,2024-07-11,2024-07-24,10,10,0.20840368820461191
10,11,ridge_base_alpha_0.0001_input_mean5_lag10,16,2024-07-24,2024-07-25,2024-08-07,10,10,0.09727719760785764
10,11,ridge_base_alpha_0.0001_input_mean5_lag10,17,2024-08-07,2024-08-08,2024-08-21,10,10,0.25664072375723423
10,11,ridge_base_alpha_0.0001_input_mean5_lag10,18,2024-08-21,2024-08-22,2024-09-04,10,10,0.19538524368425594
10,11,ridge_base_alpha_0.0001_input_mean5_lag10,19,2024-09-04,2024-09-05,2024-09-18,10,10,0.21879887660175773
10,11,ridge_base_alpha_0.0001_input_mean5_lag10,20,2024-09-18,2024-09-19,2024-10-02,10,10,0.07125353127380213
10,11,ridge_base_alpha_0.0001_input_mean5_lag10,21,2024-10-02,2024-10-03,2024-10-16,10,10,0.1411868507260357
10,11,ridge_base_alpha_0.0001_input_mean5_lag10,22,2024-10-16,2024-10-17,2024-10-30,10,10,0.14584728429957075
10,11,ridge_base_alpha_0.0001_input_mean5_lag10,23,2024-10-30,2024-10-31,2024-11-13,10,10,0.11271043061041151
10,11,ridge_base_alpha_0.0001_input_mean5_lag10,24,2024-11-13,2024-11-14,2024-11-27,10,10,0.5332591969887246
10,11,ridge_base_alpha_0.0001_input_mean5_lag10,25,2024-11-27,2024-11-28,2024-12-11,10,10,1.5467497836323763
10,11,ridge_base_alpha_0.0001_input_mean5_lag10,26,2024-12-11,2024-12-12,2024-12-25,10,9,1.425909085030498
10,11,ridge_base_alpha_0.0001_input_mean5_lag10,27,2024-12-25,2024-12-26,2024-12-31,4,4,1.7505221485711817
10,12,ridge_base_alpha_0.0001_input_mean5_lag10,1,2023-12-27,2023-12-28,2024-01-10,10,9,0.8421623708310719
10,12,ridge_base_alpha_0.0001_input_mean5_lag10,2,2024-01-10,2024-01-11,2024-01-24,10,10,1.211651248566462
10,12,ridge_base_alpha_0.0001_input_mean5_lag10,3,2024-01-24,2024-01-25,2024-02-07,10,10,0.8130131158012092
10,12,ridge_base_alpha_0.0001_input_mean5_lag10,4,2024-02-07,2024-02-08,2024-02-21,10,6,1.9062354866448974
10,12,ridge_base_alpha_0.0001_input_mean5_lag10,5,2024-02-21,2024-02-22,2024-03-06,10,10,1.6402937713434458
10,12,ridge_base_alpha_0.0001_input_mean5_lag10,6,2024-03-06,2024-03-07,2024-03-20,10,10,1.860100856919164
10,12,ridge_base_alpha_0.0001_input_mean5_lag10,7,2024-03-20,2024-03-21,2024-04-03,10,10,2.0
10,12,ridge_base_alpha_0.0001_input_mean5_lag10,8,2024-04-03,2024-04-04,2024-04-17,10,10,1.8786058597218442
10,12,ridge_base_alpha_0.0001_input_mean5_lag10,9,2024-04-17,2024-04-18,2024-05-01,10,10,1.6989030329382766
10,12,ridge_base_alpha_0.0001_input_mean5_lag10,10,2024-05-01,2024-05-02,2024-05-15,10,10,0.820556758577223
10,12,ridge_base_alpha_0.0001_input_mean5_lag10,11,2024-05-15,2024-05-16,2024-05-29,10,10,1.2865758897122586
10,12,ridge_base_alpha_0.0001_input_mean5_lag10,12,2024-05-29,2024-05-30,2024-06-12,10,10,1.2654890016400266
10,12,ridge_base_alpha_0.0001_input_mean5_lag10,13,2024-06-12,2024-06-13,2024-06-26,10,10,0.6147859939889109
10,12,ridge_base_alpha_0.0001_input_mean5_lag10,14,2024-06-26,2024-06-27,2024-07-10,10,10,1.0074805240799083
10,12,ridge_base_alpha_0.0001_input_mean5_lag10,15,2024-07-10,2024-07-11,2024-07-24,10,10,1.3486403903876971
10,12,ridge_base_alpha_0.0001_input_mean5_lag10,16,2024-07-24,2024-07-25,2024-08-07,10,10,1.1359241789465793
10,12,ridge_base_alpha_0.0001_input_mean5_lag10,17,2024-08-07,2024-08-08,2024-08-21,10,10,1.257292480750833
10,12,ridge_base_alpha_0.0001_input_mean5_lag10,18,2024-08-21,2024-08-22,2024-09-04,10,10,1.2182682002480163
10,12,ridge_base_alpha_0.0001_input_mean5_lag10,19,2024-09-04,2024-09-05,2024-09-18,10,10,1.0219071867139013
10,12,ridge_base_alpha_0.0001_input_mean5_lag10,20,2024-09-18,2024-09-19,2024-10-02,10,10,0.9816030673252931
10,12,ridge_base_alpha_0.0001_input_mean5_lag10,21,2024-10-02,2024-10-03,2024-10-16,10,10,0.9690771945523257
10,12,ridge_base_alpha_0.0001_input_mean5_lag10,22,2024-10-16,2024-10-17,2024-10-30,10,10,0.7891982197705556
10,12,ridge_base_alpha_0.0001_input_mean5_lag10,23,2024-10-30,2024-10-31,2024-11-13,10,10,1.0341840269691824
10,12,ridge_base_alpha_0.0001_input_mean5_lag10,24,2024-11-13,2024-11-14,2024-11-27,10,10,0.32711432615828795
10,12,ridge_base_alpha_0.0001_input_mean5_lag10,25,2024-11-27,2024-11-28,2024-12-11,10,10,1.1175040475167985
10,12,ridge_base_alpha_0.0001_input_mean5_lag10,26,2024-12-11,2024-12-12,2024-12-25,10,9,1.3035673029793917
10,12,ridge_base_alpha_0.0001_input_mean5_lag10,27,2024-12-25,2024-12-26,2024-12-31,4,4,2.0
10,1,ridge_base_alpha_0.0001_input_mean10_lag10,1,2023-12-27,2023-12-28,2024-01-10,10,9,0.12042384782029443
10,1,ridge_base_alpha_0.0001_input_mean10_lag10,2,2024-01-10,2024-01-11,2024-01-24,10,10,0.2617468839885457
10,1,ridge_base_alpha_0.0001_input_mean10_lag10,3,2024-01-24,2024-01-25,2024-02-07,10,10,0.07270636241187417
10,1,ridge_base_alpha_0.0001_input_mean10_lag10,4,2024-02-07,2024-02-08,2024-02-21,10,6,0.09360508699113253
10,1,ridge_base_alpha_0.0001_input_mean10_lag10,5,2024-02-21,2024-02-22,2024-03-06,10,10,0.06945205656100133
10,1,ridge_base_alpha_0.0001_input_mean10_lag10,6,2024-03-06,2024-03-07,2024-03-20,10,10,0.09566185569396596
10,1,ridge_base_alpha_0.0001_input_mean10_lag10,7,2024-03-20,2024-03-21,2024-04-03,10,10,0.12328463555031476
10,1,ridge_base_alpha_0.0001_input_mean10_lag10,8,2024-04-03,2024-04-04,2024-04-17,10,10,0.07431682183161008
10,1,ridge_base_alpha_0.0001_input_mean10_lag10,9,2024-04-17,2024-04-18,2024-05-01,10,10,0.21222692181769898
10,1,ridge_base_alpha_0.0001_input_mean10_lag10,10,2024-05-01,2024-05-02,2024-05-15,10,10,0.22374109257991553
10,1,ridge_base_alpha_0.0001_input_mean10_lag10,11,2024-05-15,2024-05-16,2024-05-29,10,10,0.10955052056059199
10,1,ridge_base_alpha_0.0001_input_mean10_lag10,12,2024-05-29,2024-05-30,2024-06-12,10,10,0.12556075028780486
10,1,ridge_base_alpha_0.0001_input_mean10_lag10,13,2024-06-12,2024-06-13,2024-06-26,10,10,0.09943759525312887
10,1,ridge_base_alpha_0.0001_input_mean10_lag10,14,2024-06-26,2024-06-27,2024-07-10,10,10,0.058040792439848304
10,1,ridge_base_alpha_0.0001_input_mean10_lag10,15,2024-07-10,2024-07-11,2024-07-24,10,10,0.06167302950775429
10,1,ridge_base_alpha_0.0001_input_mean10_lag10,16,2024-07-24,2024-07-25,2024-08-07,10,10,0.08757875431632677
10,1,ridge_base_alpha_0.0001_input_mean10_lag10,17,2024-08-07,2024-08-08,2024-08-21,10,10,0.10167800239092051
10,1,ridge_base_alpha_0.0001_input_mean10_lag10,18,2024-08-21,2024-08-22,2024-09-04,10,10,0.07868247664161192
10,1,ridge_base_alpha_0.0001_input_mean10_lag10,19,2024-09-04,2024-09-05,2024-09-18,10,10,0.1464593980104659
10,1,ridge_base_alpha_0.0001_input_mean10_lag10,20,2024-09-18,2024-09-19,2024-10-02,10,10,0.08573667310068621
10,1,ridge_base_alpha_0.0001_input_mean10_lag10,21,2024-10-02,2024-10-03,2024-10-16,10,10,0.09849194400535376
10,1,ridge_base_alpha_0.0001_input_mean10_lag10,22,2024-10-16,2024-10-17,2024-10-30,10,10,0.12866651807645677
10,1,ridge_base_alpha_0.0001_input_mean10_lag10,23,2024-10-30,2024-10-31,2024-11-13,10,10,0.1095371141536614
10,1,ridge_base_alpha_0.0001_input_mean10_lag10,24,2024-11-13,2024-11-14,2024-11-27,10,10,0.11298172631907251
10,1,ridge_base_alpha_0.0001_input_mean10_lag10,25,2024-11-27,2024-11-28,2024-12-11,10,10,0.0805699049828925
10,1,ridge_base_alpha_0.0001_input_mean10_lag10,26,2024-12-11,2024-12-12,2024-12-25,10,9,0.07644170959534614
10,1,ridge_base_alpha_0.0001_input_mean10_lag10,27,2024-12-25,2024-12-26,2024-12-31,4,4,0.051682361612271806
10,4,ridge_base_alpha_0.0001_input_mean10_lag10,1,2023-12-27,2023-12-28,2024-01-10,10,9,0.1681877486395999
10,4,ridge_base_alpha_0.0001_input_mean10_lag10,2,2024-01-10,2024-01-11,2024-01-24,10,10,0.18962442712831407
10,4,ridge_base_alpha_0.0001_input_mean10_lag10,3,2024-01-24,2024-01-25,2024-02-07,10,10,0.07452136912431476
10,4,ridge_base_alpha_0.0001_input_mean10_lag10,4,2024-02-07,2024-02-08,2024-02-21,10,6,0.13580628142271647
10,4,ridge_base_alpha_0.0001_input_mean10_lag10,5,2024-02-21,2024-02-22,2024-03-06,10,10,0.09784100978402753
10,4,ridge_base_alpha_0.0001_input_mean10_lag10,6,2024-03-06,2024-03-07,2024-03-20,10,10,0.060851383288222906
10,4,ridge_base_alpha_0.0001_input_mean10_lag10,7,2024-03-20,2024-03-21,2024-04-03,10,10,0.17706320197285408
10,4,ridge_base_alpha_0.0001_input_mean10_lag10,8,2024-04-03,2024-04-04,2024-04-17,10,10,0.10509584020345673
10,4,ridge_base_alpha_0.0001_input_mean10_lag10,9,2024-04-17,2024-04-18,2024-05-01,10,10,0.3102922400961635
10,4,ridge_base_alpha_0.0001_input_mean10_lag10,10,2024-05-01,2024-05-02,2024-05-15,10,10,0.25651516689548226
10,4,ridge_base_alpha_0.0001_input_mean10_lag10,11,2024-05-15,2024-05-16,2024-05-29,10,10,0.27619446611046455
10,4,ridge_base_alpha_0.0001_input_mean10_lag10,12,2024-05-29,2024-05-30,2024-06-12,10,10,0.13296962423235514
10,4,ridge_base_alpha_0.0001_input_mean10_lag10,13,2024-06-12,2024-06-13,2024-06-26,10,10,0.11008986683867668
10,4,ridge_base_alpha_0.0001_input_mean10_lag10,14,2024-06-26,2024-06-27,2024-07-10,10,10,0.1531688257429819
10,4,ridge_base_alpha_0.0001_input_mean10_lag10,15,2024-07-10,2024-07-11,2024-07-24,10,10,0.1400809558910033
10,4,ridge_base_alpha_0.0001_input_mean10_lag10,16,2024-07-24,2024-07-25,2024-08-07,10,10,0.0997901981317762
10,4,ridge_base_alpha_0.0001_input_mean10_lag10,17,2024-08-07,2024-08-08,2024-08-21,10,10,0.2337300588871854
10,4,ridge_base_alpha_0.0001_input_mean10_lag10,18,2024-08-21,2024-08-22,2024-09-04,10,10,0.11444871349218394
10,4,ridge_base_alpha_0.0001_input_mean10_lag10,19,2024-09-04,2024-09-05,2024-09-18,10,10,0.14112336906306763
10,4,ridge_base_alpha_0.0001_input_mean10_lag10,20,2024-09-18,2024-09-19,2024-10-02,10,10,0.20697744469724166
10,4,ridge_base_alpha_0.0001_input_mean10_lag10,21,2024-10-02,2024-10-03,2024-10-16,10,10,0.31173307950056545
10,4,ridge_base_alpha_0.0001_input_mean10_lag10,22,2024-10-16,2024-10-17,2024-10-30,10,10,0.14141914714158585
10,4,ridge_base_alpha_0.0001_input_mean10_lag10,23,2024-10-30,2024-10-31,2024-11-13,10,10,0.08278115660985474
10,4,ridge_base_alpha_0.0001_input_mean10_lag10,24,2024-11-13,2024-11-14,2024-11-27,10,10,0.11562041692955434
10,4,ridge_base_alpha_0.0001_input_mean10_lag10,25,2024-11-27,2024-11-28,2024-12-11,10,10,0.12791089420150129
10,4,ridge_base_alpha_0.0001_input_mean10_lag10,26,2024-12-11,2024-12-12,2024-12-25,10,9,0.13051500851898032
10,4,ridge_base_alpha_0.0001_input_mean10_lag10,27,2024-12-25,2024-12-26,2024-12-31,4,4,0.5874920244830089
10,5,ridge_base_alpha_0.0001_input_mean10_lag10,1,2023-12-27,2023-12-28,2024-01-10,10,9,0.1675596785277694
10,5,ridge_base_alpha_0.0001_input_mean10_lag10,2,2024-01-10,2024-01-11,2024-01-24,10,10,0.08238357496465282
10,5,ridge_base_alpha_0.0001_input_mean10_lag10,3,2024-01-24,2024-01-25,2024-02-07,10,10,0.10613457115296868
10,5,ridge_base_alpha_0.0001_input_mean10_lag10,4,2024-02-07,2024-02-08,2024-02-21,10,6,0.10031883220575288
10,5,ridge_base_alpha_0.0001_input_mean10_lag10,5,2024-02-21,2024-02-22,2024-03-06,10,10,0.05649563231826187
10,5,ridge_base_alpha_0.0001_input_mean10_lag10,6,2024-03-06,2024-03-07,2024-03-20,10,10,0.09118621961100475
10,5,ridge_base_alpha_0.0001_input_mean10_lag10,7,2024-03-20,2024-03-21,2024-04-03,10,10,0.10674260286943582
10,5,ridge_base_alpha_0.0001_input_mean10_lag10,8,2024-04-03,2024-04-04,2024-04-17,10,10,0.07592359667562254
10,5,ridge_base_alpha_0.0001_input_mean10_lag10,9,2024-04-17,2024-04-18,2024-05-01,10,10,0.26792519600620135
10,5,ridge_base_alpha_0.0001_input_mean10_lag10,10,2024-05-01,2024-05-02,2024-05-15,10,10,0.10766924773677403
10,5,ridge_base_alpha_0.0001_input_mean10_lag10,11,2024-05-15,2024-05-16,2024-05-29,10,10,0.26681998939212054
10,5,ridge_base_alpha_0.0001_input_mean10_lag10,12,2024-05-29,2024-05-30,2024-06-12,10,10,0.08360299828301815
10,5,ridge_base_alpha_0.0001_input_mean10_lag10,13,2024-06-12,2024-06-13,2024-06-26,10,10,0.05198964073051304
10,5,ridge_base_alpha_0.0001_input_mean10_lag10,14,2024-06-26,2024-06-27,2024-07-10,10,10,0.08451189133005246
10,5,ridge_base_alpha_0.0001_input_mean10_lag10,15,2024-07-10,2024-07-11,2024-07-24,10,10,0.06458637335807141
10,5,ridge_base_alpha_0.0001_input_mean10_lag10,16,2024-07-24,2024-07-25,2024-08-07,10,10,0.10408518651771614
10,5,ridge_base_alpha_0.0001_input_mean10_lag10,17,2024-08-07,2024-08-08,2024-08-21,10,10,0.11514845155678227
10,5,ridge_base_alpha_0.0001_input_mean10_lag10,18,2024-08-21,2024-08-22,2024-09-04,10,10,0.07538146673114346
10,5,ridge_base_alpha_0.0001_input_mean10_lag10,19,2024-09-04,2024-09-05,2024-09-18,10,10,0.06810482455922931
10,5,ridge_base_alpha_0.0001_input_mean10_lag10,20,2024-09-18,2024-09-19,2024-10-02,10,10,0.08106072965105703
10,5,ridge_base_alpha_0.0001_input_mean10_lag10,21,2024-10-02,2024-10-03,2024-10-16,10,10,0.06554142804931128
10,5,ridge_base_alpha_0.0001_input_mean10_lag10,22,2024-10-16,2024-10-17,2024-10-30,10,10,0.041847798191836476
10,5,ridge_base_alpha_0.0001_input_mean10_lag10,23,2024-10-30,2024-10-31,2024-11-13,10,10,0.12184168569131337
10,5,ridge_base_alpha_0.0001_input_mean10_lag10,24,2024-11-13,2024-11-14,2024-11-27,10,10,0.07970813361074675
10,5,ridge_base_alpha_0.0001_input_mean10_lag10,25,2024-11-27,2024-11-28,2024-12-11,10,10,0.05239787993642711
10,5,ridge_base_alpha_0.0001_input_mean10_lag10,26,2024-12-11,2024-12-12,2024-12-25,10,9,0.04154158639594945
10,5,ridge_base_alpha_0.0001_input_mean10_lag10,27,2024-12-25,2024-12-26,2024-12-31,4,4,0.15098153572568612
10,6,ridge_base_alpha_0.0001_input_mean10_lag10,1,2023-12-27,2023-12-28,2024-01-10,10,9,0.13634155867047942
10,6,ridge_base_alpha_0.0001_input_mean10_lag10,2,2024-01-10,2024-01-11,2024-01-24,10,10,0.14761941546910476
10,6,ridge_base_alpha_0.0001_input_mean10_lag10,3,2024-01-24,2024-01-25,2024-02-07,10,10,0.09910069605773705
10,6,ridge_base_alpha_0.0001_input_mean10_lag10,4,2024-02-07,2024-02-08,2024-02-21,10,6,0.11096697042872739
10,6,ridge_base_alpha_0.0001_input_mean10_lag10,5,2024-02-21,2024-02-22,2024-03-06,10,10,0.14001940408692004
10,6,ridge_base_alpha_0.0001_input_mean10_lag10,6,2024-03-06,2024-03-07,2024-03-20,10,10,0.11273749883953715
10,6,ridge_base_alpha_0.0001_input_mean10_lag10,7,2024-03-20,2024-03-21,2024-04-03,10,10,0.14990049633809835
10,6,ridge_base_alpha_0.0001_input_mean10_lag10,8,2024-04-03,2024-04-04,2024-04-17,10,10,0.11010988576156067
10,6,ridge_base_alpha_0.0001_input_mean10_lag10,9,2024-04-17,2024-04-18,2024-05-01,10,10,0.20686886276361327
10,6,ridge_base_alpha_0.0001_input_mean10_lag10,10,2024-05-01,2024-05-02,2024-05-15,10,10,0.11366304496440523
10,6,ridge_base_alpha_0.0001_input_mean10_lag10,11,2024-05-15,2024-05-16,2024-05-29,10,10,0.30659944071023465
10,6,ridge_base_alpha_0.0001_input_mean10_lag10,12,2024-05-29,2024-05-30,2024-06-12,10,10,0.11958182925876898
10,6,ridge_base_alpha_0.0001_input_mean10_lag10,13,2024-06-12,2024-06-13,2024-06-26,10,10,0.06775455898314778
10,6,ridge_base_alpha_0.0001_input_mean10_lag10,14,2024-06-26,2024-06-27,2024-07-10,10,10,0.1199604146836229
10,6,ridge_base_alpha_0.0001_input_mean10_lag10,15,2024-07-10,2024-07-11,2024-07-24,10,10,0.10002041433886738
10,6,ridge_base_alpha_0.0001_input_mean10_lag10,16,2024-07-24,2024-07-25,2024-08-07,10,10,0.140519741407239
10,6,ridge_base_alpha_0.0001_input_mean10_lag10,17,2024-08-07,2024-08-08,2024-08-21,10,10,0.16499477575952268
10,6,ridge_base_alpha_0.0001_input_mean10_lag10,18,2024-08-21,2024-08-22,2024-09-04,10,10,0.11568700303109047
10,6,ridge_base_alpha_0.0001_input_mean10_lag10,19,2024-09-04,2024-09-05,2024-09-18,10,10,0.06149000371307352
10,6,ridge_base_alpha_0.0001_input_mean10_lag10,20,2024-09-18,2024-09-19,2024-10-02,10,10,0.10644003720595659
10,6,ridge_base_alpha_0.0001_input_mean10_lag10,21,2024-10-02,2024-10-03,2024-10-16,10,10,0.08170450922539513
10,6,ridge_base_alpha_0.0001_input_mean10_lag10,22,2024-10-16,2024-10-17,2024-10-30,10,10,0.09425353834035552
10,6,ridge_base_alpha_0.0001_input_mean10_lag10,23,2024-10-30,2024-10-31,2024-11-13,10,10,0.10409570010600798
10,6,ridge_base_alpha_0.0001_input_mean10_lag10,24,2024-11-13,2024-11-14,2024-11-27,10,10,0.08182481896760066
10,6,ridge_base_alpha_0.0001_input_mean10_lag10,25,2024-11-27,2024-11-28,2024-12-11,10,10,0.13726871032634017
10,6,ridge_base_alpha_0.0001_input_mean10_lag10,26,2024-12-11,2024-12-12,2024-12-25,10,9,0.08262414928607424
10,6,ridge_base_alpha_0.0001_input_mean10_lag10,27,2024-12-25,2024-12-26,2024-12-31,4,4,0.185348846148878
10,8,ridge_base_alpha_0.0001_input_mean10_lag10,1,2023-12-27,2023-12-28,2024-01-10,10,9,0.37403973580401995
10,8,ridge_base_alpha_0.0001_input_mean10_lag10,2,2024-01-10,2024-01-11,2024-01-24,10,10,0.2912903702051942
10,8,ridge_base_alpha_0.0001_input_mean10_lag10,3,2024-01-24,2024-01-25,2024-02-07,10,10,0.18505204305391493
10,8,ridge_base_alpha_0.0001_input_mean10_lag10,4,2024-02-07,2024-02-08,2024-02-21,10,6,0.29158787448321666
10,8,ridge_base_alpha_0.0001_input_mean10_lag10,5,2024-02-21,2024-02-22,2024-03-06,10,10,0.20234074546242498
10,8,ridge_base_alpha_0.0001_input_mean10_lag10,6,2024-03-06,2024-03-07,2024-03-20,10,10,0.15684133789096463
10,8,ridge_base_alpha_0.0001_input_mean10_lag10,7,2024-03-20,2024-03-21,2024-04-03,10,10,0.3369625158505414
10,8,ridge_base_alpha_0.0001_input_mean10_lag10,8,2024-04-03,2024-04-04,2024-04-17,10,10,0.3108498661644906
10,8,ridge_base_alpha_0.0001_input_mean10_lag10,9,2024-04-17,2024-04-18,2024-05-01,10,10,0.22397408745292396
10,8,ridge_base_alpha_0.0001_input_mean10_lag10,10,2024-05-01,2024-05-02,2024-05-15,10,10,0.115821538717821
10,8,ridge_base_alpha_0.0001_input_mean10_lag10,11,2024-05-15,2024-05-16,2024-05-29,10,10,0.3434349901168898
10,8,ridge_base_alpha_0.0001_input_mean10_lag10,12,2024-05-29,2024-05-30,2024-06-12,10,10,0.09302351573468366
10,8,ridge_base_alpha_0.0001_input_mean10_lag10,13,2024-06-12,2024-06-13,2024-06-26,10,10,0.10983623659466349
10,8,ridge_base_alpha_0.0001_input_mean10_lag10,14,2024-06-26,2024-06-27,2024-07-10,10,10,0.18665158222631853
10,8,ridge_base_alpha_0.0001_input_mean10_lag10,15,2024-07-10,2024-07-11,2024-07-24,10,10,0.09121816193306964
10,8,ridge_base_alpha_0.0001_input_mean10_lag10,16,2024-07-24,2024-07-25,2024-08-07,10,10,0.19094475505649858
10,8,ridge_base_alpha_0.0001_input_mean10_lag10,17,2024-08-07,2024-08-08,2024-08-21,10,10,0.20027793349385814
10,8,ridge_base_alpha_0.0001_input_mean10_lag10,18,2024-08-21,2024-08-22,2024-09-04,10,10,0.09264167633597609
10,8,ridge_base_alpha_0.0001_input_mean10_lag10,19,2024-09-04,2024-09-05,2024-09-18,10,10,0.08196100263765248
10,8,ridge_base_alpha_0.0001_input_mean10_lag10,20,2024-09-18,2024-09-19,2024-10-02,10,10,0.12046645380724755
10,8,ridge_base_alpha_0.0001_input_mean10_lag10,21,2024-10-02,2024-10-03,2024-10-16,10,10,0.14964770509238368
10,8,ridge_base_alpha_0.0001_input_mean10_lag10,22,2024-10-16,2024-10-17,2024-10-30,10,10,0.04953074043276933
10,8,ridge_base_alpha_0.0001_input_mean10_lag10,23,2024-10-30,2024-10-31,2024-11-13,10,10,0.09641606303707821
10,8,ridge_base_alpha_0.0001_input_mean10_lag10,24,2024-11-13,2024-11-14,2024-11-27,10,10,0.13195936842755454
10,8,ridge_base_alpha_0.0001_input_mean10_lag10,25,2024-11-27,2024-11-28,2024-12-11,10,10,0.20310544111619666
10,8,ridge_base_alpha_0.0001_input_mean10_lag10,26,2024-12-11,2024-12-12,2024-12-25,10,9,0.0887658787751525
10,8,ridge_base_alpha_0.0001_input_mean10_lag10,27,2024-12-25,2024-12-26,2024-12-31,4,4,0.16464232773014714
10,11,ridge_base_alpha_0.0001_input_mean10_lag10,1,2023-12-27,2023-12-28,2024-01-10,10,9,0.11106053354512825
10,11,ridge_base_alpha_0.0001_input_mean10_lag10,2,2024-01-10,2024-01-11,2024-01-24,10,10,1.5977698609307767
10,11,ridge_base_alpha_0.0001_input_mean10_lag10,3,2024-01-24,2024-01-25,2024-02-07,10,10,0.8456506526933627
10,11,ridge_base_alpha_0.0001_input_mean10_lag10,4,2024-02-07,2024-02-08,2024-02-21,10,6,0.09522082651094874
10,11,ridge_base_alpha_0.0001_input_mean10_lag10,5,2024-02-21,2024-02-22,2024-03-06,10,10,0.12226302730855865
10,11,ridge_base_alpha_0.0001_input_mean10_lag10,6,2024-03-06,2024-03-07,2024-03-20,10,10,0.14448995774249154
10,11,ridge_base_alpha_0.0001_input_mean10_lag10,7,2024-03-20,2024-03-21,2024-04-03,10,10,0.16518116180726372
10,11,ridge_base_alpha_0.0001_input_mean10_lag10,8,2024-04-03,2024-04-04,2024-04-17,10,10,0.19916266315815007
10,11,ridge_base_alpha_0.0001_input_mean10_lag10,9,2024-04-17,2024-04-18,2024-05-01,10,10,0.14143161118439182
10,11,ridge_base_alpha_0.0001_input_mean10_lag10,10,2024-05-01,2024-05-02,2024-05-15,10,10,0.31896055413361596
10,11,ridge_base_alpha_0.0001_input_mean10_lag10,11,2024-05-15,2024-05-16,2024-05-29,10,10,0.21392551877883254
10,11,ridge_base_alpha_0.0001_input_mean10_lag10,12,2024-05-29,2024-05-30,2024-06-12,10,10,0.17591613308383028
10,11,ridge_base_alpha_0.0001_input_mean10_lag10,13,2024-06-12,2024-06-13,2024-06-26,10,10,0.10381143235107115
10,11,ridge_base_alpha_0.0001_input_mean10_lag10,14,2024-06-26,2024-06-27,2024-07-10,10,10,0.16892646869476882
10,11,ridge_base_alpha_0.0001_input_mean10_lag10,15,2024-07-10,2024-07-11,2024-07-24,10,10,0.20087541475593765
10,11,ridge_base_alpha_0.0001_input_mean10_lag10,16,2024-07-24,2024-07-25,2024-08-07,10,10,0.09447580305340061
10,11,ridge_base_alpha_0.0001_input_mean10_lag10,17,2024-08-07,2024-08-08,2024-08-21,10,10,0.25216001929030907
10,11,ridge_base_alpha_0.0001_input_mean10_lag10,18,2024-08-21,2024-08-22,2024-09-04,10,10,0.1962648346652874
10,11,ridge_base_alpha_0.0001_input_mean10_lag10,19,2024-09-04,2024-09-05,2024-09-18,10,10,0.21847905184383576
10,11,ridge_base_alpha_0.0001_input_mean10_lag10,20,2024-09-18,2024-09-19,2024-10-02,10,10,0.06909061275223596
10,11,ridge_base_alpha_0.0001_input_mean10_lag10,21,2024-10-02,2024-10-03,2024-10-16,10,10,0.1186031097349744
10,11,ridge_base_alpha_0.0001_input_mean10_lag10,22,2024-10-16,2024-10-17,2024-10-30,10,10,0.16417070187747212
10,11,ridge_base_alpha_0.0001_input_mean10_lag10,23,2024-10-30,2024-10-31,2024-11-13,10,10,0.11315634558621666
10,11,ridge_base_alpha_0.0001_input_mean10_lag10,24,2024-11-13,2024-11-14,2024-11-27,10,10,0.5431660052157682
10,11,ridge_base_alpha_0.0001_input_mean10_lag10,25,2024-11-27,2024-11-28,2024-12-11,10,10,1.5784457378680088
10,11,ridge_base_alpha_0.0001_input_mean10_lag10,26,2024-12-11,2024-12-12,2024-12-25,10,9,1.4368494455465906
10,11,ridge_base_alpha_0.0001_input_mean10_lag10,27,2024-12-25,2024-12-26,2024-12-31,4,4,1.7664967444112347
10,12,ridge_base_alpha_0.0001_input_mean10_lag10,1,2023-12-27,2023-12-28,2024-01-10,10,9,0.8259449667163927
10,12,ridge_base_alpha_0.0001_input_mean10_lag10,2,2024-01-10,2024-01-11,2024-01-24,10,10,1.1926146809469418
10,12,ridge_base_alpha_0.0001_input_mean10_lag10,3,2024-01-24,2024-01-25,2024-02-07,10,10,0.8081919575425491
10,12,ridge_base_alpha_0.0001_input_mean10_lag10,4,2024-02-07,2024-02-08,2024-02-21,10,6,1.9085836878462434
10,12,ridge_base_alpha_0.0001_input_mean10_lag10,5,2024-02-21,2024-02-22,2024-03-06,10,10,1.6416110972540836
10,12,ridge_base_alpha_0.0001_input_mean10_lag10,6,2024-03-06,2024-03-07,2024-03-20,10,10,1.8567985814683192
10,12,ridge_base_alpha_0.0001_input_mean10_lag10,7,2024-03-20,2024-03-21,2024-04-03,10,10,2.0
10,12,ridge_base_alpha_0.0001_input_mean10_lag10,8,2024-04-03,2024-04-04,2024-04-17,10,10,1.8841368345546645
10,12,ridge_base_alpha_0.0001_input_mean10_lag10,9,2024-04-17,2024-04-18,2024-05-01,10,10,1.7080719317500863
10,12,ridge_base_alpha_0.0001_input_mean10_lag10,10,2024-05-01,2024-05-02,2024-05-15,10,10,0.8391241150104959
10,12,ridge_base_alpha_0.0001_input_mean10_lag10,11,2024-05-15,2024-05-16,2024-05-29,10,10,1.2884173149646043
10,12,ridge_base_alpha_0.0001_input_mean10_lag10,12,2024-05-29,2024-05-30,2024-06-12,10,10,1.2687442310297987
10,12,ridge_base_alpha_0.0001_input_mean10_lag10,13,2024-06-12,2024-06-13,2024-06-26,10,10,0.6260272960230039
10,12,ridge_base_alpha_0.0001_input_mean10_lag10,14,2024-06-26,2024-06-27,2024-07-10,10,10,1.001354020943286
10,12,ridge_base_alpha_0.0001_input_mean10_lag10,15,2024-07-10,2024-07-11,2024-07-24,10,10,1.348546527291988
10,12,ridge_base_alpha_0.0001_input_mean10_lag10,16,2024-07-24,2024-07-25,2024-08-07,10,10,1.138389285524814
10,12,ridge_base_alpha_0.0001_input_mean10_lag10,17,2024-08-07,2024-08-08,2024-08-21,10,10,1.2627434295783564
10,12,ridge_base_alpha_0.0001_input_mean10_lag10,18,2024-08-21,2024-08-22,2024-09-04,10,10,1.2193764833813692
10,12,ridge_base_alpha_0.0001_input_mean10_lag10,19,2024-09-04,2024-09-05,2024-09-18,10,10,1.0252121170578306
10,12,ridge_base_alpha_0.0001_input_mean10_lag10,20,2024-09-18,2024-09-19,2024-10-02,10,10,0.992030388173311
10,12,ridge_base_alpha_0.0001_input_mean10_lag10,21,2024-10-02,2024-10-03,2024-10-16,10,10,0.9880919330669606
10,12,ridge_base_alpha_0.0001_input_mean10_lag10,22,2024-10-16,2024-10-17,2024-10-30,10,10,0.8018868888678631
10,12,ridge_base_alpha_0.0001_input_mean10_lag10,23,2024-10-30,2024-10-31,2024-11-13,10,10,1.0399046971208745
10,12,ridge_base_alpha_0.0001_input_mean10_lag10,24,2024-11-13,2024-11-14,2024-11-27,10,10,0.3834555595555861
10,12,ridge_base_alpha_0.0001_input_mean10_lag10,25,2024-11-27,2024-11-28,2024-12-11,10,10,1.129780962830246
10,12,ridge_base_alpha_0.0001_input_mean10_lag10,26,2024-12-11,2024-12-12,2024-12-25,10,9,1.3056141127249326
10,12,ridge_base_alpha_0.0001_input_mean10_lag10,27,2024-12-25,2024-12-26,2024-12-31,4,4,2.0
10,3,ridge_schoolholiday_alpha_0.01_input_lag10,1,2023-12-27,2023-12-28,2024-01-10,10,9,0.07736976902595952
10,3,ridge_schoolholiday_alpha_0.01_input_lag10,2,2024-01-10,2024-01-11,2024-01-24,10,10,0.14798309273892304
10,3,ridge_schoolholiday_alpha_0.01_input_lag10,3,2024-01-24,2024-01-25,2024-02-07,10,10,0.10314856804854429
10,3,ridge_schoolholiday_alpha_0.01_input_lag10,4,2024-02-07,2024-02-08,2024-02-21,10,6,0.11420059438143648
10,3,ridge_schoolholiday_alpha_0.01_input_lag10,5,2024-02-21,2024-02-22,2024-03-06,10,10,0.07154275321352359
10,3,ridge_schoolholiday_alpha_0.01_input_lag10,6,2024-03-06,2024-03-07,2024-03-20,10,10,0.10378178605346425
10,3,ridge_schoolholiday_alpha_0.01_input_lag10,7,2024-03-20,2024-03-21,2024-04-03,10,10,0.11983481478984676
10,3,ridge_schoolholiday_alpha_0.01_input_lag10,8,2024-04-03,2024-04-04,2024-04-17,10,10,0.0916228645992741
10,3,ridge_schoolholiday_alpha_0.01_input_lag10,9,2024-04-17,2024-04-18,2024-05-01,10,10,0.276063233431661
10,3,ridge_schoolholiday_alpha_0.01_input_lag10,10,2024-05-01,2024-05-02,2024-05-15,10,10,0.11325686172583699
10,3,ridge_schoolholiday_alpha_0.01_input_lag10,11,2024-05-15,2024-05-16,2024-05-29,10,10,0.33451382918888384
10,3,ridge_schoolholiday_alpha_0.01_input_lag10,12,2024-05-29,2024-05-30,2024-06-12,10,10,0.09007584067000902
10,3,ridge_schoolholiday_alpha_0.01_input_lag10,13,2024-06-12,2024-06-13,2024-06-26,10,10,0.0663268433883334
10,3,ridge_schoolholiday_alpha_0.01_input_lag10,14,2024-06-26,2024-06-27,2024-07-10,10,10,0.12850319814289302
10,3,ridge_schoolholiday_alpha_0.01_input_lag10,15,2024-07-10,2024-07-11,2024-07-24,10,10,0.08164928732544814
10,3,ridge_schoolholiday_alpha_0.01_input_lag10,16,2024-07-24,2024-07-25,2024-08-07,10,10,0.14311695469357205
10,3,ridge_schoolholiday_alpha_0.01_input_lag10,17,2024-08-07,2024-08-08,2024-08-21,10,10,0.31792173411191477
10,3,ridge_schoolholiday_alpha_0.01_input_lag10,18,2024-08-21,2024-08-22,2024-09-04,10,10,0.11921647146359965
10,3,ridge_schoolholiday_alpha_0.01_input_lag10,19,2024-09-04,2024-09-05,2024-09-18,10,10,0.24760347433180208
10,3,ridge_schoolholiday_alpha_0.01_input_lag10,20,2024-09-18,2024-09-19,2024-10-02,10,10,0.08173345363473694
10,3,ridge_schoolholiday_alpha_0.01_input_lag10,21,2024-10-02,2024-10-03,2024-10-16,10,10,0.13700528372434345
10,3,ridge_schoolholiday_alpha_0.01_input_lag10,22,2024-10-16,2024-10-17,2024-10-30,10,10,0.08806901866974234
10,3,ridge_schoolholiday_alpha_0.01_input_lag10,23,2024-10-30,2024-10-31,2024-11-13,10,10,0.05843749072509468
10,3,ridge_schoolholiday_alpha_0.01_input_lag10,24,2024-11-13,2024-11-14,2024-11-27,10,10,0.11812966191768276
10,3,ridge_schoolholiday_alpha_0.01_input_lag10,25,2024-11-27,2024-11-28,2024-12-11,10,10,0.2674741995171207
10,3,ridge_schoolholiday_alpha_0.01_input_lag10,26,2024-12-11,2024-12-12,2024-12-25,10,9,0.07885199050728386
10,3,ridge_schoolholiday_alpha_0.01_input_lag10,27,2024-12-25,2024-12-26,2024-12-31,4,4,0.5525824563667392
10,3,ridge_schoolholiday_alpha_0.01_input_mean5_lag10,1,2023-12-27,2023-12-28,2024-01-10,10,9,0.06577710239390752
10,3,ridge_schoolholiday_alpha_0.01_input_mean5_lag10,2,2024-01-10,2024-01-11,2024-01-24,10,10,0.1767176818208489
10,3,ridge_schoolholiday_alpha_0.01_input_mean5_lag10,3,2024-01-24,2024-01-25,2024-02-07,10,10,0.10232769676998198
10,3,ridge_schoolholiday_alpha_0.01_input_mean5_lag10,4,2024-02-07,2024-02-08,2024-02-21,10,6,0.121538449063782
10,3,ridge_schoolholiday_alpha_0.01_input_mean5_lag10,5,2024-02-21,2024-02-22,2024-03-06,10,10,0.06068481093348143
10,3,ridge_schoolholiday_alpha_0.01_input_mean5_lag10,6,2024-03-06,2024-03-07,2024-03-20,10,10,0.10510196716829706
10,3,ridge_schoolholiday_alpha_0.01_input_mean5_lag10,7,2024-03-20,2024-03-21,2024-04-03,10,10,0.12367567545398117
10,3,ridge_schoolholiday_alpha_0.01_input_mean5_lag10,8,2024-04-03,2024-04-04,2024-04-17,10,10,0.09732079229091826
10,3,ridge_schoolholiday_alpha_0.01_input_mean5_lag10,9,2024-04-17,2024-04-18,2024-05-01,10,10,0.2877659689628853
10,3,ridge_schoolholiday_alpha_0.01_input_mean5_lag10,10,2024-05-01,2024-05-02,2024-05-15,10,10,0.11912773246751525
10,3,ridge_schoolholiday_alpha_0.01_input_mean5_lag10,11,2024-05-15,2024-05-16,2024-05-29,10,10,0.3342123783056668
10,3,ridge_schoolholiday_alpha_0.01_input_mean5_lag10,12,2024-05-29,2024-05-30,2024-06-12,10,10,0.09378290982859745
10,3,ridge_schoolholiday_alpha_0.01_input_mean5_lag10,13,2024-06-12,2024-06-13,2024-06-26,10,10,0.07027435406288152
10,3,ridge_schoolholiday_alpha_0.01_input_mean5_lag10,14,2024-06-26,2024-06-27,2024-07-10,10,10,0.1288555553708109
10,3,ridge_schoolholiday_alpha_0.01_input_mean5_lag10,15,2024-07-10,2024-07-11,2024-07-24,10,10,0.07695974631425373
10,3,ridge_schoolholiday_alpha_0.01_input_mean5_lag10,16,2024-07-24,2024-07-25,2024-08-07,10,10,0.14454899724707213
10,3,ridge_schoolholiday_alpha_0.01_input_mean5_lag10,17,2024-08-07,2024-08-08,2024-08-21,10,10,0.3171705440244124
10,3,ridge_schoolholiday_alpha_0.01_input_mean5_lag10,18,2024-08-21,2024-08-22,2024-09-04,10,10,0.12030116772644671
10,3,ridge_schoolholiday_alpha_0.01_input_mean5_lag10,19,2024-09-04,2024-09-05,2024-09-18,10,10,0.2505771528632846
10,3,ridge_schoolholiday_alpha_0.01_input_mean5_lag10,20,2024-09-18,2024-09-19,2024-10-02,10,10,0.09035041364405634
10,3,ridge_schoolholiday_alpha_0.01_input_mean5_lag10,21,2024-10-02,2024-10-03,2024-10-16,10,10,0.14884624194689566
10,3,ridge_schoolholiday_alpha_0.01_input_mean5_lag10,22,2024-10-16,2024-10-17,2024-10-30,10,10,0.09197796870260555
10,3,ridge_schoolholiday_alpha_0.01_input_mean5_lag10,23,2024-10-30,2024-10-31,2024-11-13,10,10,0.053029476361863975
10,3,ridge_schoolholiday_alpha_0.01_input_mean5_lag10,24,2024-11-13,2024-11-14,2024-11-27,10,10,0.14242984997649916
10,3,ridge_schoolholiday_alpha_0.01_input_mean5_lag10,25,2024-11-27,2024-11-28,2024-12-11,10,10,0.2453537134745709
10,3,ridge_schoolholiday_alpha_0.01_input_mean5_lag10,26,2024-12-11,2024-12-12,2024-12-25,10,9,0.08697374417551387
10,3,ridge_schoolholiday_alpha_0.01_input_mean5_lag10,27,2024-12-25,2024-12-26,2024-12-31,4,4,0.5350142587337658
10,3,ridge_schoolholiday_alpha_0.01_input_mean10_lag10,1,2023-12-27,2023-12-28,2024-01-10,10,9,0.0723523834000238
10,3,ridge_schoolholiday_alpha_0.01_input_mean10_lag10,2,2024-01-10,2024-01-11,2024-01-24,10,10,0.17672238147266034
10,3,ridge_schoolholiday_alpha_0.01_input_mean10_lag10,3,2024-01-24,2024-01-25,2024-02-07,10,10,0.10254608665536498
10,3,ridge_schoolholiday_alpha_0.01_input_mean10_lag10,4,2024-02-07,2024-02-08,2024-02-21,10,6,0.11654437116599349
10,3,ridge_schoolholiday_alpha_0.01_input_mean10_lag10,5,2024-02-21,2024-02-22,2024-03-06,10,10,0.06050180406917308
10,3,ridge_schoolholiday_alpha_0.01_input_mean10_lag10,6,2024-03-06,2024-03-07,2024-03-20,10,10,0.10437382842688864
10,3,ridge_schoolholiday_alpha_0.01_input_mean10_lag10,7,2024-03-20,2024-03-21,2024-04-03,10,10,0.12308231798729806
10,3,ridge_schoolholiday_alpha_0.01_input_mean10_lag10,8,2024-04-03,2024-04-04,2024-04-17,10,10,0.09513584629934313
10,3,ridge_schoolholiday_alpha_0.01_input_mean10_lag10,9,2024-04-17,2024-04-18,2024-05-01,10,10,0.28635392710759483
10,3,ridge_schoolholiday_alpha_0.01_input_mean10_lag10,10,2024-05-01,2024-05-02,2024-05-15,10,10,0.11786188534253493
10,3,ridge_schoolholiday_alpha_0.01_input_mean10_lag10,11,2024-05-15,2024-05-16,2024-05-29,10,10,0.3344342178361368
10,3,ridge_schoolholiday_alpha_0.01_input_mean10_lag10,12,2024-05-29,2024-05-30,2024-06-12,10,10,0.09152711630744964
10,3,ridge_schoolholiday_alpha_0.01_input_mean10_lag10,13,2024-06-12,2024-06-13,2024-06-26,10,10,0.06925590053129327
10,3,ridge_schoolholiday_alpha_0.01_input_mean10_lag10,14,2024-06-26,2024-06-27,2024-07-10,10,10,0.12636247605387693
10,3,ridge_schoolholiday_alpha_0.01_input_mean10_lag10,15,2024-07-10,2024-07-11,2024-07-24,10,10,0.08080221842545354
10,3,ridge_schoolholiday_alpha_0.01_input_mean10_lag10,16,2024-07-24,2024-07-25,2024-08-07,10,10,0.14187591087825405
10,3,ridge_schoolholiday_alpha_0.01_input_mean10_lag10,17,2024-08-07,2024-08-08,2024-08-21,10,10,0.31805968845309085
10,3,ridge_schoolholiday_alpha_0.01_input_mean10_lag10,18,2024-08-21,2024-08-22,2024-09-04,10,10,0.11983900311128562
10,3,ridge_schoolholiday_alpha_0.01_input_mean10_lag10,19,2024-09-04,2024-09-05,2024-09-18,10,10,0.24892805132151485
10,3,ridge_schoolholiday_alpha_0.01_input_mean10_lag10,20,2024-09-18,2024-09-19,2024-10-02,10,10,0.0863087725745104
10,3,ridge_schoolholiday_alpha_0.01_input_mean10_lag10,21,2024-10-02,2024-10-03,2024-10-16,10,10,0.1421254058619471
10,3,ridge_schoolholiday_alpha_0.01_input_mean10_lag10,22,2024-10-16,2024-10-17,2024-10-30,10,10,0.08883633787408625
10,3,ridge_schoolholiday_alpha_0.01_input_mean10_lag10,23,2024-10-30,2024-10-31,2024-11-13,10,10,0.05507757150551976
10,3,ridge_schoolholiday_alpha_0.01_input_mean10_lag10,24,2024-11-13,2024-11-14,2024-11-27,10,10,0.12540773047599585
10,3,ridge_schoolholiday_alpha_0.01_input_mean10_lag10,25,2024-11-27,2024-11-28,2024-12-11,10,10,0.2652003834710039
10,3,ridge_schoolholiday_alpha_0.01_input_mean10_lag10,26,2024-12-11,2024-12-12,2024-12-25,10,9,0.08308642686121512
10,3,ridge_schoolholiday_alpha_0.01_input_mean10_lag10,27,2024-12-25,2024-12-26,2024-12-31,4,4,0.5366850558777218
10,7,ridge_base_alpha_0.001_input_lag10,1,2023-12-27,2023-12-28,2024-01-10,10,9,0.10800606985067723
10,7,ridge_base_alpha_0.001_input_lag10,2,2024-01-10,2024-01-11,2024-01-24,10,10,0.30186285308665384
10,7,ridge_base_alpha_0.001_input_lag10,3,2024-01-24,2024-01-25,2024-02-07,10,10,0.19120824383592494
10,7,ridge_base_alpha_0.001_input_lag10,4,2024-02-07,2024-02-08,2024-02-21,10,6,0.20643874657608408
10,7,ridge_base_alpha_0.001_input_lag10,5,2024-02-21,2024-02-22,2024-03-06,10,10,0.16505017102803407
10,7,ridge_base_alpha_0.001_input_lag10,6,2024-03-06,2024-03-07,2024-03-20,10,10,0.14817640818217662
10,7,ridge_base_alpha_0.001_input_lag10,7,2024-03-20,2024-03-21,2024-04-03,10,10,0.22101635188407698
10,7,ridge_base_alpha_0.001_input_lag10,8,2024-04-03,2024-04-04,2024-04-17,10,10,0.1623358471659938
10,7,ridge_base_alpha_0.001_input_lag10,9,2024-04-17,2024-04-18,2024-05-01,10,10,0.34052517590675735
10,7,ridge_base_alpha_0.001_input_lag10,10,2024-05-01,2024-05-02,2024-05-15,10,10,0.19966857661928927
10,7,ridge_base_alpha_0.001_input_lag10,11,2024-05-15,2024-05-16,2024-05-29,10,10,0.39663103040260217
10,7,ridge_base_alpha_0.001_input_lag10,12,2024-05-29,2024-05-30,2024-06-12,10,10,0.17382092326966006
10,7,ridge_base_alpha_0.001_input_lag10,13,2024-06-12,2024-06-13,2024-06-26,10,10,0.15055313028202275
10,7,ridge_base_alpha_0.001_input_lag10,14,2024-06-26,2024-06-27,2024-07-10,10,10,0.1182114291037023
10,7,ridge_base_alpha_0.001_input_lag10,15,2024-07-10,2024-07-11,2024-07-24,10,10,0.1698373984094597
10,7,ridge_base_alpha_0.001_input_lag10,16,2024-07-24,2024-07-25,2024-08-07,10,10,0.19665248292348547
10,7,ridge_base_alpha_0.001_input_lag10,17,2024-08-07,2024-08-08,2024-08-21,10,10,0.3779411160585527
10,7,ridge_base_alpha_0.001_input_lag10,18,2024-08-21,2024-08-22,2024-09-04,10,10,0.3392773018486197
10,7,ridge_base_alpha_0.001_input_lag10,19,2024-09-04,2024-09-05,2024-09-18,10,10,0.29685583697642204
10,7,ridge_base_alpha_0.001_input_lag10,20,2024-09-18,2024-09-19,2024-10-02,10,10,0.3772162003262435
10,7,ridge_base_alpha_0.001_input_lag10,21,2024-10-02,2024-10-03,2024-10-16,10,10,0.41616471391646465
10,7,ridge_base_alpha_0.001_input_lag10,22,2024-10-16,2024-10-17,2024-10-30,10,10,0.21465207498349181
10,7,ridge_base_alpha_0.001_input_lag10,23,2024-10-30,2024-10-31,2024-11-13,10,10,0.3112499279285197
10,7,ridge_base_alpha_0.001_input_lag10,24,2024-11-13,2024-11-14,2024-11-27,10,10,0.34363318629865924
10,7,ridge_base_alpha_0.001_input_lag10,25,2024-11-27,2024-11-28,2024-12-11,10,10,0.18072943976827285
10,7,ridge_base_alpha_0.001_input_lag10,26,2024-12-11,2024-12-12,2024-12-25,10,9,0.17203646681324727
10,7,ridge_base_alpha_0.001_input_lag10,27,2024-12-25,2024-12-26,2024-12-31,4,4,0.7666473465629552
10,7,ridge_base_alpha_0.001_input_mean5_lag10,1,2023-12-27,2023-12-28,2024-01-10,10,9,0.1348586089566527
10,7,ridge_base_alpha_0.001_input_mean5_lag10,2,2024-01-10,2024-01-11,2024-01-24,10,10,0.3194972659899395
10,7,ridge_base_alpha_0.001_input_mean5_lag10,3,2024-01-24,2024-01-25,2024-02-07,10,10,0.18304119500715826
10,7,ridge_base_alpha_0.001_input_mean5_lag10,4,2024-02-07,2024-02-08,2024-02-21,10,6,0.21974062698437785
10,7,ridge_base_alpha_0.001_input_mean5_lag10,5,2024-02-21,2024-02-22,2024-03-06,10,10,0.13783298343374034
10,7,ridge_base_alpha_0.001_input_mean5_lag10,6,2024-03-06,2024-03-07,2024-03-20,10,10,0.14790994794875864
10,7,ridge_base_alpha_0.001_input_mean5_lag10,7,2024-03-20,2024-03-21,2024-04-03,10,10,0.2303369232394609
10,7,ridge_base_alpha_0.001_input_mean5_lag10,8,2024-04-03,2024-04-04,2024-04-17,10,10,0.14313614130345867
10,7,ridge_base_alpha_0.001_input_mean5_lag10,9,2024-04-17,2024-04-18,2024-05-01,10,10,0.3532752774629538
10,7,ridge_base_alpha_0.001_input_mean5_lag10,10,2024-05-01,2024-05-02,2024-05-15,10,10,0.1863691528294248
10,7,ridge_base_alpha_0.001_input_mean5_lag10,11,2024-05-15,2024-05-16,2024-05-29,10,10,0.38823339375473837
10,7,ridge_base_alpha_0.001_input_mean5_lag10,12,2024-05-29,2024-05-30,2024-06-12,10,10,0.17040181090398118
10,7,ridge_base_alpha_0.001_input_mean5_lag10,13,2024-06-12,2024-06-13,2024-06-26,10,10,0.15872769226970995
10,7,ridge_base_alpha_0.001_input_mean5_lag10,14,2024-06-26,2024-06-27,2024-07-10,10,10,0.12833261110656713
10,7,ridge_base_alpha_0.001_input_mean5_lag10,15,2024-07-10,2024-07-11,2024-07-24,10,10,0.15360199494645532
10,7,ridge_base_alpha_0.001_input_mean5_lag10,16,2024-07-24,2024-07-25,2024-08-07,10,10,0.19858164166905157
10,7,ridge_base_alpha_0.001_input_mean5_lag10,17,2024-08-07,2024-08-08,2024-08-21,10,10,0.37977205924568264
10,7,ridge_base_alpha_0.001_input_mean5_lag10,18,2024-08-21,2024-08-22,2024-09-04,10,10,0.34096034339993164
10,7,ridge_base_alpha_0.001_input_mean5_lag10,19,2024-09-04,2024-09-05,2024-09-18,10,10,0.3002883179948317
10,7,ridge_base_alpha_0.001_input_mean5_lag10,20,2024-09-18,2024-09-19,2024-10-02,10,10,0.4096219209030788
10,7,ridge_base_alpha_0.001_input_mean5_lag10,21,2024-10-02,2024-10-03,2024-10-16,10,10,0.4737863391804089
10,7,ridge_base_alpha_0.001_input_mean5_lag10,22,2024-10-16,2024-10-17,2024-10-30,10,10,0.24616687566427342
10,7,ridge_base_alpha_0.001_input_mean5_lag10,23,2024-10-30,2024-10-31,2024-11-13,10,10,0.33409047492405886
10,7,ridge_base_alpha_0.001_input_mean5_lag10,24,2024-11-13,2024-11-14,2024-11-27,10,10,0.3938601328577557
10,7,ridge_base_alpha_0.001_input_mean5_lag10,25,2024-11-27,2024-11-28,2024-12-11,10,10,0.196837817016967
10,7,ridge_base_alpha_0.001_input_mean5_lag10,26,2024-12-11,2024-12-12,2024-12-25,10,9,0.1702946402674026
10,7,ridge_base_alpha_0.001_input_mean5_lag10,27,2024-12-25,2024-12-26,2024-12-31,4,4,0.7836917412861821
10,7,ridge_base_alpha_0.001_input_mean10_lag10,1,2023-12-27,2023-12-28,2024-01-10,10,9,0.13169892901506441
10,7,ridge_base_alpha_0.001_input_mean10_lag10,2,2024-01-10,2024-01-11,2024-01-24,10,10,0.3050406898646907
10,7,ridge_base_alpha_0.001_input_mean10_lag10,3,2024-01-24,2024-01-25,2024-02-07,10,10,0.19123927814317143
10,7,ridge_base_alpha_0.001_input_mean10_lag10,4,2024-02-07,2024-02-08,2024-02-21,10,6,0.21557955400761103
10,7,ridge_base_alpha_0.001_input_mean10_lag10,5,2024-02-21,2024-02-22,2024-03-06,10,10,0.14227219248586098
10,7,ridge_base_alpha_0.001_input_mean10_lag10,6,2024-03-06,2024-03-07,2024-03-20,10,10,0.1477789793827319
10,7,ridge_base_alpha_0.001_input_mean10_lag10,7,2024-03-20,2024-03-21,2024-04-03,10,10,0.23095211506037666
10,7,ridge_base_alpha_0.001_input_mean10_lag10,8,2024-04-03,2024-04-04,2024-04-17,10,10,0.1509634738956036
10,7,ridge_base_alpha_0.001_input_mean10_lag10,9,2024-04-17,2024-04-18,2024-05-01,10,10,0.3469891414712541
10,7,ridge_base_alpha_0.001_input_mean10_lag10,10,2024-05-01,2024-05-02,2024-05-15,10,10,0.19203903177886775
10,7,ridge_base_alpha_0.001_input_mean10_lag10,11,2024-05-15,2024-05-16,2024-05-29,10,10,0.3925069154283269
10,7,ridge_base_alpha_0.001_input_mean10_lag10,12,2024-05-29,2024-05-30,2024-06-12,10,10,0.16902120341781718
10,7,ridge_base_alpha_0.001_input_mean10_lag10,13,2024-06-12,2024-06-13,2024-06-26,10,10,0.151989169337463
10,7,ridge_base_alpha_0.001_input_mean10_lag10,14,2024-06-26,2024-06-27,2024-07-10,10,10,0.11191453592091022
10,7,ridge_base_alpha_0.001_input_mean10_lag10,15,2024-07-10,2024-07-11,2024-07-24,10,10,0.15932245029566577
10,7,ridge_base_alpha_0.001_input_mean10_lag10,16,2024-07-24,2024-07-25,2024-08-07,10,10,0.19547294556771996
10,7,ridge_base_alpha_0.001_input_mean10_lag10,17,2024-08-07,2024-08-08,2024-08-21,10,10,0.37844044862997867
10,7,ridge_base_alpha_0.001_input_mean10_lag10,18,2024-08-21,2024-08-22,2024-09-04,10,10,0.33824502382881705
10,7,ridge_base_alpha_0.001_input_mean10_lag10,19,2024-09-04,2024-09-05,2024-09-18,10,10,0.2881534884775714
10,7,ridge_base_alpha_0.001_input_mean10_lag10,20,2024-09-18,2024-09-19,2024-10-02,10,10,0.40191274721889275
10,7,ridge_base_alpha_0.001_input_mean10_lag10,21,2024-10-02,2024-10-03,2024-10-16,10,10,0.46217988477115335
10,7,ridge_base_alpha_0.001_input_mean10_lag10,22,2024-10-16,2024-10-17,2024-10-30,10,10,0.2398729995301166
10,7,ridge_base_alpha_0.001_input_mean10_lag10,23,2024-10-30,2024-10-31,2024-11-13,10,10,0.31598113248765725
10,7,ridge_base_alpha_0.001_input_mean10_lag10,24,2024-11-13,2024-11-14,2024-11-27,10,10,0.3535892343055995
10,7,ridge_base_alpha_0.001_input_mean10_lag10,25,2024-11-27,2024-11-28,2024-12-11,10,10,0.1809162461914787
10,7,ridge_base_alpha_0.001_input_mean10_lag10,26,2024-12-11,2024-12-12,2024-12-25,10,9,0.17100337333399437
10,7,ridge_base_alpha_0.001_input_mean10_lag10,27,2024-12-25,2024-12-26,2024-12-31,4,4,0.7591084722226893
10,9,ridge_schoolholiday_alpha_0.0001_input_lag10,1,2023-12-27,2023-12-28,2024-01-10,10,9,0.15949605100846714
10,9,ridge_schoolholiday_alpha_0.0001_input_lag10,2,2024-01-10,2024-01-11,2024-01-24,10,10,0.17741421299292626
10,9,ridge_schoolholiday_alpha_0.0001_input_lag10,3,2024-01-24,2024-01-25,2024-02-07,10,10,0.06037130188408934
10,9,ridge_schoolholiday_alpha_0.0001_input_lag10,4,2024-02-07,2024-02-08,2024-02-21,10,6,0.4615783579002063
10,9,ridge_schoolholiday_alpha_0.0001_input_lag10,5,2024-02-21,2024-02-22,2024-03-06,10,10,0.24316706336773775
10,9,ridge_schoolholiday_alpha_0.0001_input_lag10,6,2024-03-06,2024-03-07,2024-03-20,10,10,0.06381502138213188
10,9,ridge_schoolholiday_alpha_0.0001_input_lag10,7,2024-03-20,2024-03-21,2024-04-03,10,10,0.2735443890555544
10,9,ridge_schoolholiday_alpha_0.0001_input_lag10,8,2024-04-03,2024-04-04,2024-04-17,10,10,0.33115520375010815
10,9,ridge_schoolholiday_alpha_0.0001_input_lag10,9,2024-04-17,2024-04-18,2024-05-01,10,10,0.24238274842159158
10,9,ridge_schoolholiday_alpha_0.0001_input_lag10,10,2024-05-01,2024-05-02,2024-05-15,10,10,0.38208777764702745
10,9,ridge_schoolholiday_alpha_0.0001_input_lag10,11,2024-05-15,2024-05-16,2024-05-29,10,10,0.3165928299079064
10,9,ridge_schoolholiday_alpha_0.0001_input_lag10,12,2024-05-29,2024-05-30,2024-06-12,10,10,0.12577690860058902
10,9,ridge_schoolholiday_alpha_0.0001_input_lag10,13,2024-06-12,2024-06-13,2024-06-26,10,10,0.11095487352018465
10,9,ridge_schoolholiday_alpha_0.0001_input_lag10,14,2024-06-26,2024-06-27,2024-07-10,10,10,0.33005373904306734
10,9,ridge_schoolholiday_alpha_0.0001_input_lag10,15,2024-07-10,2024-07-11,2024-07-24,10,10,0.07283474540096914
10,9,ridge_schoolholiday_alpha_0.0001_input_lag10,16,2024-07-24,2024-07-25,2024-08-07,10,10,0.1464081257526486
10,9,ridge_schoolholiday_alpha_0.0001_input_lag10,17,2024-08-07,2024-08-08,2024-08-21,10,10,0.17376340357453382
10,9,ridge_schoolholiday_alpha_0.0001_input_lag10,18,2024-08-21,2024-08-22,2024-09-04,10,10,0.1306308591047189
10,9,ridge_schoolholiday_alpha_0.0001_input_lag10,19,2024-09-04,2024-09-05,2024-09-18,10,10,0.12646979436238368
10,9,ridge_schoolholiday_alpha_0.0001_input_lag10,20,2024-09-18,2024-09-19,2024-10-02,10,10,0.08514552850565123
10,9,ridge_schoolholiday_alpha_0.0001_input_lag10,21,2024-10-02,2024-10-03,2024-10-16,10,10,0.16221972694286904
10,9,ridge_schoolholiday_alpha_0.0001_input_lag10,22,2024-10-16,2024-10-17,2024-10-30,10,10,0.067074088381551
10,9,ridge_schoolholiday_alpha_0.0001_input_lag10,23,2024-10-30,2024-10-31,2024-11-13,10,10,0.1221868523989334
10,9,ridge_schoolholiday_alpha_0.0001_input_lag10,24,2024-11-13,2024-11-14,2024-11-27,10,10,0.07660589543740902
10,9,ridge_schoolholiday_alpha_0.0001_input_lag10,25,2024-11-27,2024-11-28,2024-12-11,10,10,0.09535638938652681
10,9,ridge_schoolholiday_alpha_0.0001_input_lag10,26,2024-12-11,2024-12-12,2024-12-25,10,9,0.07624429213357954
10,9,ridge_schoolholiday_alpha_0.0001_input_lag10,27,2024-12-25,2024-12-26,2024-12-31,4,4,0.23942295480530099
10,9,ridge_schoolholiday_alpha_0.0001_input_mean5_lag10,1,2023-12-27,2023-12-28,2024-01-10,10,9,0.15983623113528467
10,9,ridge_schoolholiday_alpha_0.0001_input_mean5_lag10,2,2024-01-10,2024-01-11,2024-01-24,10,10,0.17698962622905015
10,9,ridge_schoolholiday_alpha_0.0001_input_mean5_lag10,3,2024-01-24,2024-01-25,2024-02-07,10,10,0.05494739682856753
10,9,ridge_schoolholiday_alpha_0.0001_input_mean5_lag10,4,2024-02-07,2024-02-08,2024-02-21,10,6,0.4649158818280831
10,9,ridge_schoolholiday_alpha_0.0001_input_mean5_lag10,5,2024-02-21,2024-02-22,2024-03-06,10,10,0.2453610483282545
10,9,ridge_schoolholiday_alpha_0.0001_input_mean5_lag10,6,2024-03-06,2024-03-07,2024-03-20,10,10,0.06188424562050239
10,9,ridge_schoolholiday_alpha_0.0001_input_mean5_lag10,7,2024-03-20,2024-03-21,2024-04-03,10,10,0.27549377225052196
10,9,ridge_schoolholiday_alpha_0.0001_input_mean5_lag10,8,2024-04-03,2024-04-04,2024-04-17,10,10,0.3309517718883556
10,9,ridge_schoolholiday_alpha_0.0001_input_mean5_lag10,9,2024-04-17,2024-04-18,2024-05-01,10,10,0.24306226818651427
10,9,ridge_schoolholiday_alpha_0.0001_input_mean5_lag10,10,2024-05-01,2024-05-02,2024-05-15,10,10,0.38310537441171466
10,9,ridge_schoolholiday_alpha_0.0001_input_mean5_lag10,11,2024-05-15,2024-05-16,2024-05-29,10,10,0.31639693231087546
10,9,ridge_schoolholiday_alpha_0.0001_input_mean5_lag10,12,2024-05-29,2024-05-30,2024-06-12,10,10,0.12420179229537996
10,9,ridge_schoolholiday_alpha_0.0001_input_mean5_lag10,13,2024-06-12,2024-06-13,2024-06-26,10,10,0.11127798547510329
10,9,ridge_schoolholiday_alpha_0.0001_input_mean5_lag10,14,2024-06-26,2024-06-27,2024-07-10,10,10,0.3332478335803015
10,9,ridge_schoolholiday_alpha_0.0001_input_mean5_lag10,15,2024-07-10,2024-07-11,2024-07-24,10,10,0.07156638254024235
10,9,ridge_schoolholiday_alpha_0.0001_input_mean5_lag10,16,2024-07-24,2024-07-25,2024-08-07,10,10,0.14640027801634134
10,9,ridge_schoolholiday_alpha_0.0001_input_mean5_lag10,17,2024-08-07,2024-08-08,2024-08-21,10,10,0.17355188429157314
10,9,ridge_schoolholiday_alpha_0.0001_input_mean5_lag10,18,2024-08-21,2024-08-22,2024-09-04,10,10,0.12932676823507783
10,9,ridge_schoolholiday_alpha_0.0001_input_mean5_lag10,19,2024-09-04,2024-09-05,2024-09-18,10,10,0.12549406119235965
10,9,ridge_schoolholiday_alpha_0.0001_input_mean5_lag10,20,2024-09-18,2024-09-19,2024-10-02,10,10,0.08841938769612193
10,9,ridge_schoolholiday_alpha_0.0001_input_mean5_lag10,21,2024-10-02,2024-10-03,2024-10-16,10,10,0.1595984418299686
10,9,ridge_schoolholiday_alpha_0.0001_input_mean5_lag10,22,2024-10-16,2024-10-17,2024-10-30,10,10,0.0673183107351964
10,9,ridge_schoolholiday_alpha_0.0001_input_mean5_lag10,23,2024-10-30,2024-10-31,2024-11-13,10,10,0.12028209292933555
10,9,ridge_schoolholiday_alpha_0.0001_input_mean5_lag10,24,2024-11-13,2024-11-14,2024-11-27,10,10,0.06802597375721696
10,9,ridge_schoolholiday_alpha_0.0001_input_mean5_lag10,25,2024-11-27,2024-11-28,2024-12-11,10,10,0.09689766424687601
10,9,ridge_schoolholiday_alpha_0.0001_input_mean5_lag10,26,2024-12-11,2024-12-12,2024-12-25,10,9,0.07993186221628824
10,9,ridge_schoolholiday_alpha_0.0001_input_mean5_lag10,27,2024-12-25,2024-12-26,2024-12-31,4,4,0.24579305696072215
10,9,ridge_schoolholiday_alpha_0.0001_input_mean10_lag10,1,2023-12-27,2023-12-28,2024-01-10,10,9,0.15819466293572543
10,9,ridge_schoolholiday_alpha_0.0001_input_mean10_lag10,2,2024-01-10,2024-01-11,2024-01-24,10,10,0.18589994987414538
10,9,ridge_schoolholiday_alpha_0.0001_input_mean10_lag10,3,2024-01-24,2024-01-25,2024-02-07,10,10,0.054304801377392686
10,9,ridge_schoolholiday_alpha_0.0001_input_mean10_lag10,4,2024-02-07,2024-02-08,2024-02-21,10,6,0.4659539219349081
10,9,ridge_schoolholiday_alpha_0.0001_input_mean10_lag10,5,2024-02-21,2024-02-22,2024-03-06,10,10,0.23821778722141762
10,9,ridge_schoolholiday_alpha_0.0001_input_mean10_lag10,6,2024-03-06,2024-03-07,2024-03-20,10,10,0.06111066836850979
10,9,ridge_schoolholiday_alpha_0.0001_input_mean10_lag10,7,2024-03-20,2024-03-21,2024-04-03,10,10,0.27712283930332204
10,9,ridge_schoolholiday_alpha_0.0001_input_mean10_lag10,8,2024-04-03,2024-04-04,2024-04-17,10,10,0.3299600531537856
10,9,ridge_schoolholiday_alpha_0.0001_input_mean10_lag10,9,2024-04-17,2024-04-18,2024-05-01,10,10,0.24627398933895664
10,9,ridge_schoolholiday_alpha_0.0001_input_mean10_lag10,10,2024-05-01,2024-05-02,2024-05-15,10,10,0.38770497850292135
10,9,ridge_schoolholiday_alpha_0.0001_input_mean10_lag10,11,2024-05-15,2024-05-16,2024-05-29,10,10,0.3171053937233398
10,9,ridge_schoolholiday_alpha_0.0001_input_mean10_lag10,12,2024-05-29,2024-05-30,2024-06-12,10,10,0.12523099218485045
10,9,ridge_schoolholiday_alpha_0.0001_input_mean10_lag10,13,2024-06-12,2024-06-13,2024-06-26,10,10,0.11171096002646821
10,9,ridge_schoolholiday_alpha_0.0001_input_mean10_lag10,14,2024-06-26,2024-06-27,2024-07-10,10,10,0.3322748251794256
10,9,ridge_schoolholiday_alpha_0.0001_input_mean10_lag10,15,2024-07-10,2024-07-11,2024-07-24,10,10,0.07118801922532846
10,9,ridge_schoolholiday_alpha_0.0001_input_mean10_lag10,16,2024-07-24,2024-07-25,2024-08-07,10,10,0.14576766935829616
10,9,ridge_schoolholiday_alpha_0.0001_input_mean10_lag10,17,2024-08-07,2024-08-08,2024-08-21,10,10,0.17382274188014138
10,9,ridge_schoolholiday_alpha_0.0001_input_mean10_lag10,18,2024-08-21,2024-08-22,2024-09-04,10,10,0.12951906994958332
10,9,ridge_schoolholiday_alpha_0.0001_input_mean10_lag10,19,2024-09-04,2024-09-05,2024-09-18,10,10,0.12608685824456678
10,9,ridge_schoolholiday_alpha_0.0001_input_mean10_lag10,20,2024-09-18,2024-09-19,2024-10-02,10,10,0.08466545897532596
10,9,ridge_schoolholiday_alpha_0.0001_input_mean10_lag10,21,2024-10-02,2024-10-03,2024-10-16,10,10,0.1646646928411768
10,9,ridge_schoolholiday_alpha_0.0001_input_mean10_lag10,22,2024-10-16,2024-10-17,2024-10-30,10,10,0.06704132343271274
10,9,ridge_schoolholiday_alpha_0.0001_input_mean10_lag10,23,2024-10-30,2024-10-31,2024-11-13,10,10,0.12079814490552512
10,9,ridge_schoolholiday_alpha_0.0001_input_mean10_lag10,24,2024-11-13,2024-11-14,2024-11-27,10,10,0.07173434451910528
10,9,ridge_schoolholiday_alpha_0.0001_input_mean10_lag10,25,2024-11-27,2024-11-28,2024-12-11,10,10,0.09616125126514888
10,9,ridge_schoolholiday_alpha_0.0001_input_mean10_lag10,26,2024-12-11,2024-12-12,2024-12-25,10,9,0.07823498271830263
10,9,ridge_schoolholiday_alpha_0.0001_input_mean10_lag10,27,2024-12-25,2024-12-26,2024-12-31,4,4,0.24192276532010484
10,2,ridge_dow_alpha_0.0001_input_lag10,1,2023-12-27,2023-12-28,2024-01-10,10,9,0.19389274494450798
10,2,ridge_dow_alpha_0.0001_input_lag10,2,2024-01-10,2024-01-11,2024-01-24,10,10,0.302958534790599
10,2,ridge_dow_alpha_0.0001_input_lag10,3,2024-01-24,2024-01-25,2024-02-07,10,10,0.15192191751669099
10,2,ridge_dow_alpha_0.0001_input_lag10,4,2024-02-07,2024-02-08,2024-02-21,10,6,0.09756224154219972
10,2,ridge_dow_alpha_0.0001_input_lag10,5,2024-02-21,2024-02-22,2024-03-06,10,10,0.08506838525716874
10,2,ridge_dow_alpha_0.0001_input_lag10,6,2024-03-06,2024-03-07,2024-03-20,10,10,0.11535199853570888
10,2,ridge_dow_alpha_0.0001_input_lag10,7,2024-03-20,2024-03-21,2024-04-03,10,10,0.1598682731806759
10,2,ridge_dow_alpha_0.0001_input_lag10,8,2024-04-03,2024-04-04,2024-04-17,10,10,0.1726155202112799
10,2,ridge_dow_alpha_0.0001_input_lag10,9,2024-04-17,2024-04-18,2024-05-01,10,10,0.2273601198464198
10,2,ridge_dow_alpha_0.0001_input_lag10,10,2024-05-01,2024-05-02,2024-05-15,10,10,0.16198543042406546
10,2,ridge_dow_alpha_0.0001_input_lag10,11,2024-05-15,2024-05-16,2024-05-29,10,10,0.17551128995480567
10,2,ridge_dow_alpha_0.0001_input_lag10,12,2024-05-29,2024-05-30,2024-06-12,10,10,0.09983490051846552
10,2,ridge_dow_alpha_0.0001_input_lag10,13,2024-06-12,2024-06-13,2024-06-26,10,10,0.13786590678166571
10,2,ridge_dow_alpha_0.0001_input_lag10,14,2024-06-26,2024-06-27,2024-07-10,10,10,0.12199292202594728
10,2,ridge_dow_alpha_0.0001_input_lag10,15,2024-07-10,2024-07-11,2024-07-24,10,10,0.11706764232317013
10,2,ridge_dow_alpha_0.0001_input_lag10,16,2024-07-24,2024-07-25,2024-08-07,10,10,0.0796464349646121
10,2,ridge_dow_alpha_0.0001_input_lag10,17,2024-08-07,2024-08-08,2024-08-21,10,10,0.06339808978103083
10,2,ridge_dow_alpha_0.0001_input_lag10,18,2024-08-21,2024-08-22,2024-09-04,10,10,0.0882349224594206
10,2,ridge_dow_alpha_0.0001_input_lag10,19,2024-09-04,2024-09-05,2024-09-18,10,10,0.05305214621799568
10,2,ridge_dow_alpha_0.0001_input_lag10,20,2024-09-18,2024-09-19,2024-10-02,10,10,0.07008460080687542
10,2,ridge_dow_alpha_0.0001_input_lag10,21,2024-10-02,2024-10-03,2024-10-16,10,10,0.20394254271706547
10,2,ridge_dow_alpha_0.0001_input_lag10,22,2024-10-16,2024-10-17,2024-10-30,10,10,0.08162629405059449
10,2,ridge_dow_alpha_0.0001_input_lag10,23,2024-10-30,2024-10-31,2024-11-13,10,10,0.13158390008809706
10,2,ridge_dow_alpha_0.0001_input_lag10,24,2024-11-13,2024-11-14,2024-11-27,10,10,0.09616390819246706
10,2,ridge_dow_alpha_0.0001_input_lag10,25,2024-11-27,2024-11-28,2024-12-11,10,10,0.14871164406959061
10,2,ridge_dow_alpha_0.0001_input_lag10,26,2024-12-11,2024-12-12,2024-12-25,10,9,0.10977744702469018
10,2,ridge_dow_alpha_0.0001_input_lag10,27,2024-12-25,2024-12-26,2024-12-31,4,4,0.1309788015825075
10,10,ridge_dow_alpha_0.0001_input_lag10,1,2023-12-27,2023-12-28,2024-01-10,10,9,0.12751697487185687
10,10,ridge_dow_alpha_0.0001_input_lag10,2,2024-01-10,2024-01-11,2024-01-24,10,10,0.09920974022747099
10,10,ridge_dow_alpha_0.0001_input_lag10,3,2024-01-24,2024-01-25,2024-02-07,10,10,0.11773816774787338
10,10,ridge_dow_alpha_0.0001_input_lag10,4,2024-02-07,2024-02-08,2024-02-21,10,6,0.11411761847511777
10,10,ridge_dow_alpha_0.0001_input_lag10,5,2024-02-21,2024-02-22,2024-03-06,10,10,0.1102118258304674
10,10,ridge_dow_alpha_0.0001_input_lag10,6,2024-03-06,2024-03-07,2024-03-20,10,10,0.0976413995885116
10,10,ridge_dow_alpha_0.0001_input_lag10,7,2024-03-20,2024-03-21,2024-04-03,10,10,0.11230565769220165
10,10,ridge_dow_alpha_0.0001_input_lag10,8,2024-04-03,2024-04-04,2024-04-17,10,10,0.12320001823280978
10,10,ridge_dow_alpha_0.0001_input_lag10,9,2024-04-17,2024-04-18,2024-05-01,10,10,0.1947824542399338
10,10,ridge_dow_alpha_0.0001_input_lag10,10,2024-05-01,2024-05-02,2024-05-15,10,10,0.15547782594766768
10,10,ridge_dow_alpha_0.0001_input_lag10,11,2024-05-15,2024-05-16,2024-05-29,10,10,0.18123144169847766
10,10,ridge_dow_alpha_0.0001_input_lag10,12,2024-05-29,2024-05-30,2024-06-12,10,10,0.12080231889180477
10,10,ridge_dow_alpha_0.0001_input_lag10,13,2024-06-12,2024-06-13,2024-06-26,10,10,0.036537266601823236
10,10,ridge_dow_alpha_0.0001_input_lag10,14,2024-06-26,2024-06-27,2024-07-10,10,10,0.08804190215863306
10,10,ridge_dow_alpha_0.0001_input_lag10,15,2024-07-10,2024-07-11,2024-07-24,10,10,0.05781683129917951
10,10,ridge_dow_alpha_0.0001_input_lag10,16,2024-07-24,2024-07-25,2024-08-07,10,10,0.07353569196103628
10,10,ridge_dow_alpha_0.0001_input_lag10,17,2024-08-07,2024-08-08,2024-08-21,10,10,0.1450971597287459
10,10,ridge_dow_alpha_0.0001_input_lag10,18,2024-08-21,2024-08-22,2024-09-04,10,10,0.07036028400811303
10,10,ridge_dow_alpha_0.0001_input_lag10,19,2024-09-04,2024-09-05,2024-09-18,10,10,0.05563366318616534
10,10,ridge_dow_alpha_0.0001_input_lag10,20,2024-09-18,2024-09-19,2024-10-02,10,10,0.06375407602212194
10,10,ridge_dow_alpha_0.0001_input_lag10,21,2024-10-02,2024-10-03,2024-10-16,10,10,0.15602499604212267
10,10,ridge_dow_alpha_0.0001_input_lag10,22,2024-10-16,2024-10-17,2024-10-30,10,10,0.04992438948313478
10,10,ridge_dow_alpha_0.0001_input_lag10,23,2024-10-30,2024-10-31,2024-11-13,10,10,0.051233565583343514
10,10,ridge_dow_alpha_0.0001_input_lag10,24,2024-11-13,2024-11-14,2024-11-27,10,10,0.10584108526483607
10,10,ridge_dow_alpha_0.0001_input_lag10,25,2024-11-27,2024-11-28,2024-12-11,10,10,0.06689859054277555
10,10,ridge_dow_alpha_0.0001_input_lag10,26,2024-12-11,2024-12-12,2024-12-25,10,9,0.09377314643999418
10,10,ridge_dow_alpha_0.0001_input_lag10,27,2024-12-25,2024-12-26,2024-12-31,4,4,0.17426762462798392
10,2,ridge_dow_alpha_0.0001_input_mean5_lag10,1,2023-12-27,2023-12-28,2024-01-10,10,9,0.2005688585838816
10,2,ridge_dow_alpha_0.0001_input_mean5_lag10,2,2024-01-10,2024-01-11,2024-01-24,10,10,0.3054602013786969
10,2,ridge_dow_alpha_0.0001_input_mean5_lag10,3,2024-01-24,2024-01-25,2024-02-07,10,10,0.14528253189398335
10,2,ridge_dow_alpha_0.0001_input_mean5_lag10,4,2024-02-07,2024-02-08,2024-02-21,10,6,0.08311054615738823
10,2,ridge_dow_alpha_0.0001_input_mean5_lag10,5,2024-02-21,2024-02-22,2024-03-06,10,10,0.081444062815718
10,2,ridge_dow_alpha_0.0001_input_mean5_lag10,6,2024-03-06,2024-03-07,2024-03-20,10,10,0.10905010450842421
10,2,ridge_dow_alpha_0.0001_input_mean5_lag10,7,2024-03-20,2024-03-21,2024-04-03,10,10,0.16227673468063927
10,2,ridge_dow_alpha_0.0001_input_mean5_lag10,8,2024-04-03,2024-04-04,2024-04-17,10,10,0.16088158668538566
10,2,ridge_dow_alpha_0.0001_input_mean5_lag10,9,2024-04-17,2024-04-18,2024-05-01,10,10,0.23423639806400037
10,2,ridge_dow_alpha_0.0001_input_mean5_lag10,10,2024-05-01,2024-05-02,2024-05-15,10,10,0.15668381609090795
10,2,ridge_dow_alpha_0.0001_input_mean5_lag10,11,2024-05-15,2024-05-16,2024-05-29,10,10,0.17583784546530995
10,2,ridge_dow_alpha_0.0001_input_mean5_lag10,12,2024-05-29,2024-05-30,2024-06-12,10,10,0.10546824688812567
10,2,ridge_dow_alpha_0.0001_input_mean5_lag10,13,2024-06-12,2024-06-13,2024-06-26,10,10,0.14276412539092434
10,2,ridge_dow_alpha_0.0001_input_mean5_lag10,14,2024-06-26,2024-06-27,2024-07-10,10,10,0.12018274412290007
10,2,ridge_dow_alpha_0.0001_input_mean5_lag10,15,2024-07-10,2024-07-11,2024-07-24,10,10,0.1133000348147685
10,2,ridge_dow_alpha_0.0001_input_mean5_lag10,16,2024-07-24,2024-07-25,2024-08-07,10,10,0.08030360543409709
10,2,ridge_dow_alpha_0.0001_input_mean5_lag10,17,2024-08-07,2024-08-08,2024-08-21,10,10,0.06391759704319099
10,2,ridge_dow_alpha_0.0001_input_mean5_lag10,18,2024-08-21,2024-08-22,2024-09-04,10,10,0.08770400461614047
10,2,ridge_dow_alpha_0.0001_input_mean5_lag10,19,2024-09-04,2024-09-05,2024-09-18,10,10,0.0553459247030561
10,2,ridge_dow_alpha_0.0001_input_mean5_lag10,20,2024-09-18,2024-09-19,2024-10-02,10,10,0.07073482110023545
10,2,ridge_dow_alpha_0.0001_input_mean5_lag10,21,2024-10-02,2024-10-03,2024-10-16,10,10,0.20819744935359008
10,2,ridge_dow_alpha_0.0001_input_mean5_lag10,22,2024-10-16,2024-10-17,2024-10-30,10,10,0.08054796319864287
10,2,ridge_dow_alpha_0.0001_input_mean5_lag10,23,2024-10-30,2024-10-31,2024-11-13,10,10,0.1380886339096263
10,2,ridge_dow_alpha_0.0001_input_mean5_lag10,24,2024-11-13,2024-11-14,2024-11-27,10,10,0.09839962204973521
10,2,ridge_dow_alpha_0.0001_input_mean5_lag10,25,2024-11-27,2024-11-28,2024-12-11,10,10,0.13226268577131678
10,2,ridge_dow_alpha_0.0001_input_mean5_lag10,26,2024-12-11,2024-12-12,2024-12-25,10,9,0.09507652876169947
10,2,ridge_dow_alpha_0.0001_input_mean5_lag10,27,2024-12-25,2024-12-26,2024-12-31,4,4,0.12345104622273242
10,10,ridge_dow_alpha_0.0001_input_mean5_lag10,1,2023-12-27,2023-12-28,2024-01-10,10,9,0.12783715530728065
10,10,ridge_dow_alpha_0.0001_input_mean5_lag10,2,2024-01-10,2024-01-11,2024-01-24,10,10,0.09282245582239584
10,10,ridge_dow_alpha_0.0001_input_mean5_lag10,3,2024-01-24,2024-01-25,2024-02-07,10,10,0.11702801441574191
10,10,ridge_dow_alpha_0.0001_input_mean5_lag10,4,2024-02-07,2024-02-08,2024-02-21,10,6,0.10457685415425323
10,10,ridge_dow_alpha_0.0001_input_mean5_lag10,5,2024-02-21,2024-02-22,2024-03-06,10,10,0.10704786154165014
10,10,ridge_dow_alpha_0.0001_input_mean5_lag10,6,2024-03-06,2024-03-07,2024-03-20,10,10,0.09476500419203537
10,10,ridge_dow_alpha_0.0001_input_mean5_lag10,7,2024-03-20,2024-03-21,2024-04-03,10,10,0.10607758848008442
10,10,ridge_dow_alpha_0.0001_input_mean5_lag10,8,2024-04-03,2024-04-04,2024-04-17,10,10,0.1277908840117072
10,10,ridge_dow_alpha_0.0001_input_mean5_lag10,9,2024-04-17,2024-04-18,2024-05-01,10,10,0.19075142251140137
10,10,ridge_dow_alpha_0.0001_input_mean5_lag10,10,2024-05-01,2024-05-02,2024-05-15,10,10,0.15200945034785818
10,10,ridge_dow_alpha_0.0001_input_mean5_lag10,11,2024-05-15,2024-05-16,2024-05-29,10,10,0.1837090609702664
10,10,ridge_dow_alpha_0.0001_input_mean5_lag10,12,2024-05-29,2024-05-30,2024-06-12,10,10,0.11975167702354386
10,10,ridge_dow_alpha_0.0001_input_mean5_lag10,13,2024-06-12,2024-06-13,2024-06-26,10,10,0.03855958066767382
10,10,ridge_dow_alpha_0.0001_input_mean5_lag10,14,2024-06-26,2024-06-27,2024-07-10,10,10,0.08471747148062977
10,10,ridge_dow_alpha_0.0001_input_mean5_lag10,15,2024-07-10,2024-07-11,2024-07-24,10,10,0.060717864166508095
10,10,ridge_dow_alpha_0.0001_input_mean5_lag10,16,2024-07-24,2024-07-25,2024-08-07,10,10,0.07384367596049735
10,10,ridge_dow_alpha_0.0001_input_mean5_lag10,17,2024-08-07,2024-08-08,2024-08-21,10,10,0.1468850980951925
10,10,ridge_dow_alpha_0.0001_input_mean5_lag10,18,2024-08-21,2024-08-22,2024-09-04,10,10,0.07170845972103777
10,10,ridge_dow_alpha_0.0001_input_mean5_lag10,19,2024-09-04,2024-09-05,2024-09-18,10,10,0.0574810462181554
10,10,ridge_dow_alpha_0.0001_input_mean5_lag10,20,2024-09-18,2024-09-19,2024-10-02,10,10,0.07024592744323703
10,10,ridge_dow_alpha_0.0001_input_mean5_lag10,21,2024-10-02,2024-10-03,2024-10-16,10,10,0.14706310309444778
10,10,ridge_dow_alpha_0.0001_input_mean5_lag10,22,2024-10-16,2024-10-17,2024-10-30,10,10,0.04264950967754533
10,10,ridge_dow_alpha_0.0001_input_mean5_lag10,23,2024-10-30,2024-10-31,2024-11-13,10,10,0.05256383334530873
10,10,ridge_dow_alpha_0.0001_input_mean5_lag10,24,2024-11-13,2024-11-14,2024-11-27,10,10,0.12473655550354593
10,10,ridge_dow_alpha_0.0001_input_mean5_lag10,25,2024-11-27,2024-11-28,2024-12-11,10,10,0.07042262924118066
10,10,ridge_dow_alpha_0.0001_input_mean5_lag10,26,2024-12-11,2024-12-12,2024-12-25,10,9,0.10412532619399838
10,10,ridge_dow_alpha_0.0001_input_mean5_lag10,27,2024-12-25,2024-12-26,2024-12-31,4,4,0.17852553617360672
10,2,ridge_dow_alpha_0.0001_input_mean10_lag10,1,2023-12-27,2023-12-28,2024-01-10,10,9,0.19864700053360967
10,2,ridge_dow_alpha_0.0001_input_mean10_lag10,2,2024-01-10,2024-01-11,2024-01-24,10,10,0.3052233371894432
10,2,ridge_dow_alpha_0.0001_input_mean10_lag10,3,2024-01-24,2024-01-25,2024-02-07,10,10,0.16323054038206508
10,2,ridge_dow_alpha_0.0001_input_mean10_lag10,4,2024-02-07,2024-02-08,2024-02-21,10,6,0.09912287280894856
10,2,ridge_dow_alpha_0.0001_input_mean10_lag10,5,2024-02-21,2024-02-22,2024-03-06,10,10,0.08542296734478512
10,2,ridge_dow_alpha_0.0001_input_mean10_lag10,6,2024-03-06,2024-03-07,2024-03-20,10,10,0.1144759152763151
10,2,ridge_dow_alpha_0.0001_input_mean10_lag10,7,2024-03-20,2024-03-21,2024-04-03,10,10,0.16000867750941292
10,2,ridge_dow_alpha_0.0001_input_mean10_lag10,8,2024-04-03,2024-04-04,2024-04-17,10,10,0.169378084689798
10,2,ridge_dow_alpha_0.0001_input_mean10_lag10,9,2024-04-17,2024-04-18,2024-05-01,10,10,0.22906429676633255
10,2,ridge_dow_alpha_0.0001_input_mean10_lag10,10,2024-05-01,2024-05-02,2024-05-15,10,10,0.15958764885633653
10,2,ridge_dow_alpha_0.0001_input_mean10_lag10,11,2024-05-15,2024-05-16,2024-05-29,10,10,0.17516395814868718
10,2,ridge_dow_alpha_0.0001_input_mean10_lag10,12,2024-05-29,2024-05-30,2024-06-12,10,10,0.10105613039747437
10,2,ridge_dow_alpha_0.0001_input_mean10_lag10,13,2024-06-12,2024-06-13,2024-06-26,10,10,0.1408745190309411
10,2,ridge_dow_alpha_0.0001_input_mean10_lag10,14,2024-06-26,2024-06-27,2024-07-10,10,10,0.12261529939276175
10,2,ridge_dow_alpha_0.0001_input_mean10_lag10,15,2024-07-10,2024-07-11,2024-07-24,10,10,0.1137927333900478
10,2,ridge_dow_alpha_0.0001_input_mean10_lag10,16,2024-07-24,2024-07-25,2024-08-07,10,10,0.08102752204141135
10,2,ridge_dow_alpha_0.0001_input_mean10_lag10,17,2024-08-07,2024-08-08,2024-08-21,10,10,0.0643407675773252
10,2,ridge_dow_alpha_0.0001_input_mean10_lag10,18,2024-08-21,2024-08-22,2024-09-04,10,10,0.08804565973710166
10,2,ridge_dow_alpha_0.0001_input_mean10_lag10,19,2024-09-04,2024-09-05,2024-09-18,10,10,0.052932502379186064
10,2,ridge_dow_alpha_0.0001_input_mean10_lag10,20,2024-09-18,2024-09-19,2024-10-02,10,10,0.07121618102549195
10,2,ridge_dow_alpha_0.0001_input_mean10_lag10,21,2024-10-02,2024-10-03,2024-10-16,10,10,0.20543204887540606
10,2,ridge_dow_alpha_0.0001_input_mean10_lag10,22,2024-10-16,2024-10-17,2024-10-30,10,10,0.08097095795696169
10,2,ridge_dow_alpha_0.0001_input_mean10_lag10,23,2024-10-30,2024-10-31,2024-11-13,10,10,0.13389653471404073
10,2,ridge_dow_alpha_0.0001_input_mean10_lag10,24,2024-11-13,2024-11-14,2024-11-27,10,10,0.09660181694241549
10,2,ridge_dow_alpha_0.0001_input_mean10_lag10,25,2024-11-27,2024-11-28,2024-12-11,10,10,0.1390877614029242
10,2,ridge_dow_alpha_0.0001_input_mean10_lag10,26,2024-12-11,2024-12-12,2024-12-25,10,9,0.10064453724915641
10,2,ridge_dow_alpha_0.0001_input_mean10_lag10,27,2024-12-25,2024-12-26,2024-12-31,4,4,0.12500694062565829
10,10,ridge_dow_alpha_0.0001_input_mean10_lag10,1,2023-12-27,2023-12-28,2024-01-10,10,9,0.13159317783037636
10,10,ridge_dow_alpha_0.0001_input_mean10_lag10,2,2024-01-10,2024-01-11,2024-01-24,10,10,0.1058135716291016
10,10,ridge_dow_alpha_0.0001_input_mean10_lag10,3,2024-01-24,2024-01-25,2024-02-07,10,10,0.12317489992248182
10,10,ridge_dow_alpha_0.0001_input_mean10_lag10,4,2024-02-07,2024-02-08,2024-02-21,10,6,0.1293677095619094
10,10,ridge_dow_alpha_0.0001_input_mean10_lag10,5,2024-02-21,2024-02-22,2024-03-06,10,10,0.11286645884118965
10,10,ridge_dow_alpha_0.0001_input_mean10_lag10,6,2024-03-06,2024-03-07,2024-03-20,10,10,0.10126897730591365
10,10,ridge_dow_alpha_0.0001_input_mean10_lag10,7,2024-03-20,2024-03-21,2024-04-03,10,10,0.11731526552143788
10,10,ridge_dow_alpha_0.0001_input_mean10_lag10,8,2024-04-03,2024-04-04,2024-04-17,10,10,0.12003861066718652
10,10,ridge_dow_alpha_0.0001_input_mean10_lag10,9,2024-04-17,2024-04-18,2024-05-01,10,10,0.19946713839613942
10,10,ridge_dow_alpha_0.0001_input_mean10_lag10,10,2024-05-01,2024-05-02,2024-05-15,10,10,0.15539682877690664
10,10,ridge_dow_alpha_0.0001_input_mean10_lag10,11,2024-05-15,2024-05-16,2024-05-29,10,10,0.18375017573983982
10,10,ridge_dow_alpha_0.0001_input_mean10_lag10,12,2024-05-29,2024-05-30,2024-06-12,10,10,0.11805341521466738
10,10,ridge_dow_alpha_0.0001_input_mean10_lag10,13,2024-06-12,2024-06-13,2024-06-26,10,10,0.03510110740542073
10,10,ridge_dow_alpha_0.0001_input_mean10_lag10,14,2024-06-26,2024-06-27,2024-07-10,10,10,0.08893075328405625
10,10,ridge_dow_alpha_0.0001_input_mean10_lag10,15,2024-07-10,2024-07-11,2024-07-24,10,10,0.05978406854416113
10,10,ridge_dow_alpha_0.0001_input_mean10_lag10,16,2024-07-24,2024-07-25,2024-08-07,10,10,0.07389085728693172
10,10,ridge_dow_alpha_0.0001_input_mean10_lag10,17,2024-08-07,2024-08-08,2024-08-21,10,10,0.14490020386988386
10,10,ridge_dow_alpha_0.0001_input_mean10_lag10,18,2024-08-21,2024-08-22,2024-09-04,10,10,0.07255673258613941
10,10,ridge_dow_alpha_0.0001_input_mean10_lag10,19,2024-09-04,2024-09-05,2024-09-18,10,10,0.05512925738765844
10,10,ridge_dow_alpha_0.0001_input_mean10_lag10,20,2024-09-18,2024-09-19,2024-10-02,10,10,0.05969648231087177
10,10,ridge_dow_alpha_0.0001_input_mean10_lag10,21,2024-10-02,2024-10-03,2024-10-16,10,10,0.16088483558637523
10,10,ridge_dow_alpha_0.0001_input_mean10_lag10,22,2024-10-16,2024-10-17,2024-10-30,10,10,0.05054146827341917
10,10,ridge_dow_alpha_0.0001_input_mean10_lag10,23,2024-10-30,2024-10-31,2024-11-13,10,10,0.05519226570130729
10,10,ridge_dow_alpha_0.0001_input_mean10_lag10,24,2024-11-13,2024-11-14,2024-11-27,10,10,0.09988987353543752
10,10,ridge_dow_alpha_0.0001_input_mean10_lag10,25,2024-11-27,2024-11-28,2024-12-11,10,10,0.06533332250850497
10,10,ridge_dow_alpha_0.0001_input_mean10_lag10,26,2024-12-11,2024-12-12,2024-12-25,10,9,0.08425277889509915
10,10,ridge_dow_alpha_0.0001_input_mean10_lag10,27,2024-12-25,2024-12-26,2024-12-31,4,4,0.16909992108121547
10,13,ridge_dow_schoolholiday_alpha_1_input_lag10,1,2023-12-27,2023-12-28,2024-01-10,10,9,2.0
10,13,ridge_dow_schoolholiday_alpha_1_input_lag10,2,2024-01-10,2024-01-11,2024-01-24,10,10,2.0
10,13,ridge_dow_schoolholiday_alpha_1_input_lag10,3,2024-01-24,2024-01-25,2024-02-07,10,10,1.9691546955893309
10,13,ridge_dow_schoolholiday_alpha_1_input_lag10,4,2024-02-07,2024-02-08,2024-02-21,10,6,2.0
10,13,ridge_dow_schoolholiday_alpha_1_input_lag10,5,2024-02-21,2024-02-22,2024-03-06,10,10,2.0
10,13,ridge_dow_schoolholiday_alpha_1_input_lag10,6,2024-03-06,2024-03-07,2024-03-20,10,10,1.5882644524764924
10,13,ridge_dow_schoolholiday_alpha_1_input_lag10,7,2024-03-20,2024-03-21,2024-04-03,10,10,1.5723052544780245
10,13,ridge_dow_schoolholiday_alpha_1_input_lag10,8,2024-04-03,2024-04-04,2024-04-17,10,10,2.0
10,13,ridge_dow_schoolholiday_alpha_1_input_lag10,9,2024-04-17,2024-04-18,2024-05-01,10,10,1.458941408042135
10,13,ridge_dow_schoolholiday_alpha_1_input_lag10,10,2024-05-01,2024-05-02,2024-05-15,10,10,0.9163863757916304
10,13,ridge_dow_schoolholiday_alpha_1_input_lag10,11,2024-05-15,2024-05-16,2024-05-29,10,10,2.0
10,13,ridge_dow_schoolholiday_alpha_1_input_lag10,12,2024-05-29,2024-05-30,2024-06-12,10,10,1.8561408331601186
10,13,ridge_dow_schoolholiday_alpha_1_input_lag10,13,2024-06-12,2024-06-13,2024-06-26,10,10,1.9328745177196567
10,13,ridge_dow_schoolholiday_alpha_1_input_lag10,14,2024-06-26,2024-06-27,2024-07-10,10,10,1.9163430225889628
10,13,ridge_dow_schoolholiday_alpha_1_input_lag10,15,2024-07-10,2024-07-11,2024-07-24,10,10,1.709754336406806
10,13,ridge_dow_schoolholiday_alpha_1_input_lag10,16,2024-07-24,2024-07-25,2024-08-07,10,10,1.5564944383997235
10,13,ridge_dow_schoolholiday_alpha_1_input_lag10,17,2024-08-07,2024-08-08,2024-08-21,10,10,1.6669624257302935
10,13,ridge_dow_schoolholiday_alpha_1_input_lag10,18,2024-08-21,2024-08-22,2024-09-04,10,10,1.5585481341076064
10,13,ridge_dow_schoolholiday_alpha_1_input_lag10,19,2024-09-04,2024-09-05,2024-09-18,10,10,1.8993147782100004
10,13,ridge_dow_schoolholiday_alpha_1_input_lag10,20,2024-09-18,2024-09-19,2024-10-02,10,10,1.9793224312701225
10,13,ridge_dow_schoolholiday_alpha_1_input_lag10,21,2024-10-02,2024-10-03,2024-10-16,10,10,1.5606568890169437
10,13,ridge_dow_schoolholiday_alpha_1_input_lag10,22,2024-10-16,2024-10-17,2024-10-30,10,10,2.0
10,13,ridge_dow_schoolholiday_alpha_1_input_lag10,23,2024-10-30,2024-10-31,2024-11-13,10,10,2.0
10,13,ridge_dow_schoolholiday_alpha_1_input_lag10,24,2024-11-13,2024-11-14,2024-11-27,10,10,2.0
10,13,ridge_dow_schoolholiday_alpha_1_input_lag10,25,2024-11-27,2024-11-28,2024-12-11,10,10,1.977569225058786
10,13,ridge_dow_schoolholiday_alpha_1_input_lag10,26,2024-12-11,2024-12-12,2024-12-25,10,9,1.8950496660768104
10,13,ridge_dow_schoolholiday_alpha_1_input_lag10,27,2024-12-25,2024-12-26,2024-12-31,4,4,1.6052485688232223
10,13,ridge_dow_schoolholiday_alpha_1_input_mean5_lag10,1,2023-12-27,2023-12-28,2024-01-10,10,9,2.0
10,13,ridge_dow_schoolholiday_alpha_1_input_mean5_lag10,2,2024-01-10,2024-01-11,2024-01-24,10,10,2.0
10,13,ridge_dow_schoolholiday_alpha_1_input_mean5_lag10,3,2024-01-24,2024-01-25,2024-02-07,10,10,1.9678724628723003
10,13,ridge_dow_schoolholiday_alpha_1_input_mean5_lag10,4,2024-02-07,2024-02-08,2024-02-21,10,6,2.0
10,13,ridge_dow_schoolholiday_alpha_1_input_mean5_lag10,5,2024-02-21,2024-02-22,2024-03-06,10,10,2.0
10,13,ridge_dow_schoolholiday_alpha_1_input_mean5_lag10,6,2024-03-06,2024-03-07,2024-03-20,10,10,1.6187609908557417
10,13,ridge_dow_schoolholiday_alpha_1_input_mean5_lag10,7,2024-03-20,2024-03-21,2024-04-03,10,10,1.577694575281443
10,13,ridge_dow_schoolholiday_alpha_1_input_mean5_lag10,8,2024-04-03,2024-04-04,2024-04-17,10,10,2.0
10,13,ridge_dow_schoolholiday_alpha_1_input_mean5_lag10,9,2024-04-17,2024-04-18,2024-05-01,10,10,1.487555790637134
10,13,ridge_dow_schoolholiday_alpha_1_input_mean5_lag10,10,2024-05-01,2024-05-02,2024-05-15,10,10,0.9119184730588904
10,13,ridge_dow_schoolholiday_alpha_1_input_mean5_lag10,11,2024-05-15,2024-05-16,2024-05-29,10,10,2.0
10,13,ridge_dow_schoolholiday_alpha_1_input_mean5_lag10,12,2024-05-29,2024-05-30,2024-06-12,10,10,1.8619982709313736
10,13,ridge_dow_schoolholiday_alpha_1_input_mean5_lag10,13,2024-06-12,2024-06-13,2024-06-26,10,10,1.926869602379619
10,13,ridge_dow_schoolholiday_alpha_1_input_mean5_lag10,14,2024-06-26,2024-06-27,2024-07-10,10,10,1.915901228317816
10,13,ridge_dow_schoolholiday_alpha_1_input_mean5_lag10,15,2024-07-10,2024-07-11,2024-07-24,10,10,1.7109776834180863
10,13,ridge_dow_schoolholiday_alpha_1_input_mean5_lag10,16,2024-07-24,2024-07-25,2024-08-07,10,10,1.5555124548343524
10,13,ridge_dow_schoolholiday_alpha_1_input_mean5_lag10,17,2024-08-07,2024-08-08,2024-08-21,10,10,1.6664693148472787
10,13,ridge_dow_schoolholiday_alpha_1_input_mean5_lag10,18,2024-08-21,2024-08-22,2024-09-04,10,10,1.561196642096764
10,13,ridge_dow_schoolholiday_alpha_1_input_mean5_lag10,19,2024-09-04,2024-09-05,2024-09-18,10,10,1.896149809099779
10,13,ridge_dow_schoolholiday_alpha_1_input_mean5_lag10,20,2024-09-18,2024-09-19,2024-10-02,10,10,1.9757419453761653
10,13,ridge_dow_schoolholiday_alpha_1_input_mean5_lag10,21,2024-10-02,2024-10-03,2024-10-16,10,10,1.5643039381021566
10,13,ridge_dow_schoolholiday_alpha_1_input_mean5_lag10,22,2024-10-16,2024-10-17,2024-10-30,10,10,2.0
10,13,ridge_dow_schoolholiday_alpha_1_input_mean5_lag10,23,2024-10-30,2024-10-31,2024-11-13,10,10,2.0
10,13,ridge_dow_schoolholiday_alpha_1_input_mean5_lag10,24,2024-11-13,2024-11-14,2024-11-27,10,10,2.0
10,13,ridge_dow_schoolholiday_alpha_1_input_mean5_lag10,25,2024-11-27,2024-11-28,2024-12-11,10,10,1.9748801612925886
10,13,ridge_dow_schoolholiday_alpha_1_input_mean5_lag10,26,2024-12-11,2024-12-12,2024-12-25,10,9,1.9165336400714403
10,13,ridge_dow_schoolholiday_alpha_1_input_mean5_lag10,27,2024-12-25,2024-12-26,2024-12-31,4,4,1.7190261351513365
10,13,ridge_dow_schoolholiday_alpha_1_input_mean10_lag10,1,2023-12-27,2023-12-28,2024-01-10,10,9,2.0
10,13,ridge_dow_schoolholiday_alpha_1_input_mean10_lag10,2,2024-01-10,2024-01-11,2024-01-24,10,10,2.0
10,13,ridge_dow_schoolholiday_alpha_1_input_mean10_lag10,3,2024-01-24,2024-01-25,2024-02-07,10,10,1.9646276794357356
10,13,ridge_dow_schoolholiday_alpha_1_input_mean10_lag10,4,2024-02-07,2024-02-08,2024-02-21,10,6,2.0
10,13,ridge_dow_schoolholiday_alpha_1_input_mean10_lag10,5,2024-02-21,2024-02-22,2024-03-06,10,10,2.0
10,13,ridge_dow_schoolholiday_alpha_1_input_mean10_lag10,6,2024-03-06,2024-03-07,2024-03-20,10,10,1.6392309898291335
10,13,ridge_dow_schoolholiday_alpha_1_input_mean10_lag10,7,2024-03-20,2024-03-21,2024-04-03,10,10,1.5992522518950316
10,13,ridge_dow_schoolholiday_alpha_1_input_mean10_lag10,8,2024-04-03,2024-04-04,2024-04-17,10,10,2.0
10,13,ridge_dow_schoolholiday_alpha_1_input_mean10_lag10,9,2024-04-17,2024-04-18,2024-05-01,10,10,1.5092680848699462
10,13,ridge_dow_schoolholiday_alpha_1_input_mean10_lag10,10,2024-05-01,2024-05-02,2024-05-15,10,10,0.9078037782940194
10,13,ridge_dow_schoolholiday_alpha_1_input_mean10_lag10,11,2024-05-15,2024-05-16,2024-05-29,10,10,2.0
10,13,ridge_dow_schoolholiday_alpha_1_input_mean10_lag10,12,2024-05-29,2024-05-30,2024-06-12,10,10,1.8655839351693164
10,13,ridge_dow_schoolholiday_alpha_1_input_mean10_lag10,13,2024-06-12,2024-06-13,2024-06-26,10,10,1.916421147113707
10,13,ridge_dow_schoolholiday_alpha_1_input_mean10_lag10,14,2024-06-26,2024-06-27,2024-07-10,10,10,1.9097726148740521
10,13,ridge_dow_schoolholiday_alpha_1_input_mean10_lag10,15,2024-07-10,2024-07-11,2024-07-24,10,10,1.7114110445269917
10,13,ridge_dow_schoolholiday_alpha_1_input_mean10_lag10,16,2024-07-24,2024-07-25,2024-08-07,10,10,1.5545864818662058
10,13,ridge_dow_schoolholiday_alpha_1_input_mean10_lag10,17,2024-08-07,2024-08-08,2024-08-21,10,10,1.6663251232607905
10,13,ridge_dow_schoolholiday_alpha_1_input_mean10_lag10,18,2024-08-21,2024-08-22,2024-09-04,10,10,1.563137449610793
10,13,ridge_dow_schoolholiday_alpha_1_input_mean10_lag10,19,2024-09-04,2024-09-05,2024-09-18,10,10,1.8959741650365505
10,13,ridge_dow_schoolholiday_alpha_1_input_mean10_lag10,20,2024-09-18,2024-09-19,2024-10-02,10,10,1.9700533827786089
10,13,ridge_dow_schoolholiday_alpha_1_input_mean10_lag10,21,2024-10-02,2024-10-03,2024-10-16,10,10,1.5621233023672056
10,13,ridge_dow_schoolholiday_alpha_1_input_mean10_lag10,22,2024-10-16,2024-10-17,2024-10-30,10,10,2.0
10,13,ridge_dow_schoolholiday_alpha_1_input_mean10_lag10,23,2024-10-30,2024-10-31,2024-11-13,10,10,2.0
10,13,ridge_dow_schoolholiday_alpha_1_input_mean10_lag10,24,2024-11-13,2024-11-14,2024-11-27,10,10,2.0
10,13,ridge_dow_schoolholiday_alpha_1_input_mean10_lag10,25,2024-11-27,2024-11-28,2024-12-11,10,10,1.7645515836430736
10,13,ridge_dow_schoolholiday_alpha_1_input_mean10_lag10,26,2024-12-11,2024-12-12,2024-12-25,10,9,1.8370924322832367
10,13,ridge_dow_schoolholiday_alpha_1_input_mean10_lag10,27,2024-12-25,2024-12-26,2024-12-31,4,4,1.828326951577338
