horizon,material,model,fold,train_end,test_start,test_end,n_test,n_observed,smape
22,1,naive,1,2023-12-27,2023-12-28,2024-01-26,22,21,0.11098208227879106
22,1,naive,2,2024-01-26,2024-01-29,2024-02-27,22,18,0.053121656414375835
22,1,naive,3,2024-02-27,2024-02-28,2024-03-28,22,22,0.23799502972218511
22,1,naive,4,2024-03-28,2024-03-29,2024-04-29,22,22,0.1655637542117466
22,1,naive,5,2024-04-29,2024-04-30,2024-05-29,22,22,0.159806270758373
22,1,naive,6,2024-05-29,2024-05-30,2024-06-28,22,22,0.14729141299673337
22,1,naive,7,2024-06-28,2024-07-01,2024-07-30,22,22,0.08615746885663059
22,1,naive,8,2024-07-30,2024-07-31,2024-08-29,22,22,0.07049107719394972
22,1,naive,9,2024-08-29,2024-08-30,2024-09-30,22,22,0.09921652174923697
22,1,naive,10,2024-09-30,2024-10-01,2024-10-30,22,22,0.06121382742397347
22,1,naive,11,2024-10-30,2024-10-31,2024-11-29,22,22,0.07270826190620375
22,1,naive,12,2024-11-29,2024-12-02,2024-12-31,22,21,0.08306408119366782
22,2,naive,1,2023-12-27,2023-12-28,2024-01-26,22,21,2.0
22,2,naive,2,2024-01-26,2024-01-29,2024-02-27,22,18,0.08358298379389896
22,2,naive,3,2024-02-27,2024-02-28,2024-03-28,22,22,0.12688471843078925
22,2,naive,4,2024-03-28,2024-03-29,2024-04-29,22,22,0.28461433762518856
22,2,naive,5,2024-04-29,2024-04-30,2024-05-29,22,22,0.7659605662415058
22,2,naive,6,2024-05-29,2024-05-30,2024-06-28,22,22,0.31438219863581063
22,2,naive,7,2024-06-28,2024-07-01,2024-07-30,22,22,0.26138173530684194
22,2,naive,8,2024-07-30,2024-07-31,2024-08-29,22,22,0.08690047564047325
22,2,naive,9,2024-08-29,2024-08-30,2024-09-30,22,22,0.07481848363766426
22,2,naive,10,2024-09-30,2024-10-01,2024-10-30,22,22,0.1447692340070486
22,2,naive,11,2024-10-30,2024-10-31,2024-11-29,22,22,0.13678128367458778
22,2,naive,12,2024-11-29,2024-12-02,2024-12-31,22,21,0.10922443613797679
22,3,naive,1,2023-12-27,2023-12-28,2024-01-26,22,21,0.10943682643951616
22,3,naive,2,2024-01-26,2024-01-29,2024-02-27,22,18,0.2095975250539312
22,3,naive,3,2024-02-27,2024-02-28,2024-03-28,22,22,0.08020930768450672
22,3,naive,4,2024-03-28,2024-03-29,2024-04-29,22,22,0.16040399438767752
22,3,naive,5,2024-04-29,2024-04-30,2024-05-29,22,22,0.44652961242961137
22,3,naive,6,2024-05-29,2024-05-30,2024-06-28,22,22,0.12336950616736643
22,3,naive,7,2024-06-28,2024-07-01,2024-07-30,22,22,0.20893130664487414
22,3,naive,8,2024-07-30,2024-07-31,2024-08-29,22,22,0.27477846026872277
22,3,naive,9,2024-08-29,2024-08-30,2024-09-30,22,22,0.4101649773060073
22,3,naive,10,2024-09-30,2024-10-01,2024-10-30,22,22,0.12183024948462688
22,3,naive,11,2024-10-30,2024-10-31,2024-11-29,22,22,0.1211429642817861
22,3,naive,12,2024-11-29,2024-12-02,2024-12-31,22,21,0.23099609339878252
22,4,naive,1,2023-12-27,2023-12-28,2024-01-26,22,21,2.0
22,4,naive,2,2024-01-26,2024-01-29,2024-02-27,22,18,0.12093496444449603
22,4,naive,3,2024-02-27,2024-02-28,2024-03-28,22,22,0.15238331614228534
22,4,naive,4,2024-03-28,2024-03-29,2024-04-29,22,22,0.16154639011325225
22,4,naive,5,2024-04-29,2024-04-30,2024-05-29,22,22,0.30386497686773817
22,4,naive,6,2024-05-29,2024-05-30,2024-06-28,22,22,0.2372850137478562
22,4,naive,7,2024-06-28,2024-07-01,2024-07-30,22,22,0.11505650934136201
22,4,naive,8,2024-07-30,2024-07-31,2024-08-29,22,22,0.21728428425831595
22,4,naive,9,2024-08-29,2024-08-30,2024-09-30,22,22,0.1334141789313034
22,4,naive,10,2024-09-30,2024-10-01,2024-10-30,22,22,0.17966867169514533
22,4,naive,11,2024-10-30,2024-10-31,2024-11-29,22,22,0.21783212311375336
22,4,naive,12,2024-11-29,2024-12-02,2024-12-31,22,21,0.2223588180219715
22,5,naive,1,2023-12-27,2023-12-28,2024-01-26,22,21,0.07944170322642422
22,5,naive,2,2024-01-26,2024-01-29,2024-02-27,22,18,0.14507652108511396
22,5,naive,3,2024-02-27,2024-02-28,2024-03-28,22,22,0.06557898245970253
22,5,naive,4,2024-03-28,2024-03-29,2024-04-29,22,22,0.20498358571819583
22,5,naive,5,2024-04-29,2024-04-30,2024-05-29,22,22,0.45419765703596704
22,5,naive,6,2024-05-29,2024-05-30,2024-06-28,22,22,0.06818858278581001
22,5,naive,7,2024-06-28,2024-07-01,2024-07-30,22,22,0.10874582975117568
22,5,naive,8,2024-07-30,2024-07-31,2024-08-29,22,22,0.1765585659386087
22,5,naive,9,2024-08-29,2024-08-30,2024-09-30,22,22,0.05858213351853611
22,5,naive,10,2024-09-30,2024-10-01,2024-10-30,22,22,0.1402391457590987
22,5,naive,11,2024-10-30,2024-10-31,2024-11-29,22,22,0.08227299927995552
22,5,naive,12,2024-11-29,2024-12-02,2024-12-31,22,21,0.06352881974495651
22,6,naive,1,2023-12-27,2023-12-28,2024-01-26,22,21,0.1115209710429851
22,6,naive,2,2024-01-26,2024-01-29,2024-02-27,22,18,0.11619471658922098
22,6,naive,3,2024-02-27,2024-02-28,2024-03-28,22,22,0.22860605251577826
22,6,naive,4,2024-03-28,2024-03-29,2024-04-29,22,22,0.15727575475762792
22,6,naive,5,2024-04-29,2024-04-30,2024-05-29,22,22,0.30869370337269414
22,6,naive,6,2024-05-29,2024-05-30,2024-06-28,22,22,0.09956922778911101
22,6,naive,7,2024-06-28,2024-07-01,2024-07-30,22,22,0.19547396575183143
22,6,naive,8,2024-07-30,2024-07-31,2024-08-29,22,22,0.13643012179612754
22,6,naive,9,2024-08-29,2024-08-30,2024-09-30,22,22,0.1631505755592711
22,6,naive,10,2024-09-30,2024-10-01,2024-10-30,22,22,0.07988175700586778
22,6,naive,11,2024-10-30,2024-10-31,2024-11-29,22,22,0.07789755584306583
22,6,naive,12,2024-11-29,2024-12-02,2024-12-31,22,21,0.1377104997534712
22,7,naive,1,2023-12-27,2023-12-28,2024-01-26,22,21,2.0
22,7,naive,2,2024-01-26,2024-01-29,2024-02-27,22,18,0.2064815692550349
22,7,naive,3,2024-02-27,2024-02-28,2024-03-28,22,22,0.25978027326177994
22,7,naive,4,2024-03-28,2024-03-29,2024-04-29,22,22,0.2716459723379675
22,7,naive,5,2024-04-29,2024-04-30,2024-05-29,22,22,0.8855130884513737
22,7,naive,6,2024-05-29,2024-05-30,2024-06-28,22,22,0.2595619432320042
22,7,naive,7,2024-06-28,2024-07-01,2024-07-30,22,22,0.21392568381113009
22,7,naive,8,2024-07-30,2024-07-31,2024-08-29,22,22,0.4201721084732428
22,7,naive,9,2024-08-29,2024-08-30,2024-09-30,22,22,0.24504660304949177
22,7,naive,10,2024-09-30,2024-10-01,2024-10-30,22,22,0.18189821115711774
22,7,naive,11,2024-10-30,2024-10-31,2024-11-29,22,22,0.25866271272132035
22,7,naive,12,2024-11-29,2024-12-02,2024-12-31,22,21,0.26943305376689825
22,8,naive,1,2023-12-27,2023-12-28,2024-01-26,22,21,0.6593367404173225
22,8,naive,2,2024-01-26,2024-01-29,2024-02-27,22,18,0.5472369223914402
22,8,naive,3,2024-02-27,2024-02-28,2024-03-28,22,22,0.12754267450219017
22,8,naive,4,2024-03-28,2024-03-29,2024-04-29,22,22,0.3551407751139922
22,8,naive,5,2024-04-29,2024-04-30,2024-05-29,22,22,0.4734266065868358
22,8,naive,6,2024-05-29,2024-05-30,2024-06-28,22,22,0.13651697937436938
22,8,naive,7,2024-06-28,2024-07-01,2024-07-30,22,22,0.12282975316974624
22,8,naive,8,2024-07-30,2024-07-31,2024-08-29,22,22,0.1845527749024765
22,8,naive,9,2024-08-29,2024-08-30,2024-09-30,22,22,0.11374422595105096
22,8,naive,10,2024-09-30,2024-10-01,2024-10-30,22,22,0.10163554852701812
22,8,naive,11,2024-10-30,2024-10-31,2024-11-29,22,22,0.158947390786931
22,8,naive,12,2024-11-29,2024-12-02,2024-12-31,22,21,0.097938211596486
22,9,naive,1,2023-12-27,2023-12-28,2024-01-26,22,21,2.0
22,9,naive,2,2024-01-26,2024-01-29,2024-02-27,22,18,0.30123942453453767
22,9,naive,3,2024-02-27,2024-02-28,2024-03-28,22,22,0.0601377616237609
22,9,naive,4,2024-03-28,2024-03-29,2024-04-29,22,22,0.3985044219791078
22,9,naive,5,2024-04-29,2024-04-30,2024-05-29,22,22,0.3072455532948352
22,9,naive,6,2024-05-29,2024-05-30,2024-06-28,22,22,0.14529137693846755
22,9,naive,7,2024-06-28,2024-07-01,2024-07-30,22,22,0.20946449310986473
22,9,naive,8,2024-07-30,2024-07-31,2024-08-29,22,22,0.20621418140178843
22,9,naive,9,2024-08-29,2024-08-30,2024-09-30,22,22,0.0925436381318831
22,9,naive,10,2024-09-30,2024-10-01,2024-10-30,22,22,0.11038889663567009
22,9,naive,11,2024-10-30,2024-10-31,2024-11-29,22,22,0.10667222271542041
22,9,naive,12,2024-11-29,2024-12-02,2024-12-31,22,21,0.11076504404233942
22,10,naive,1,2023-12-27,2023-12-28,2024-01-26,22,21,0.26722696950937547
22,10,naive,2,2024-01-26,2024-01-29,2024-02-27,22,18,0.31918782454333505
22,10,naive,3,2024-02-27,2024-02-28,2024-03-28,22,22,0.11389530439108218
22,10,naive,4,2024-03-28,2024-03-29,2024-04-29,22,22,0.14888275939674164
22,10,naive,5,2024-04-29,2024-04-30,2024-05-29,22,22,0.33842818513759215
22,10,naive,6,2024-05-29,2024-05-30,2024-06-28,22,22,0.29746163507405987
22,10,naive,7,2024-06-28,2024-07-01,2024-07-30,22,22,0.12852026443239223
22,10,naive,8,2024-07-30,2024-07-31,2024-08-29,22,22,0.11542265645201095
22,10,naive,9,2024-08-29,2024-08-30,2024-09-30,22,22,0.06916041361782728
22,10,naive,10,2024-09-30,2024-10-01,2024-10-30,22,22,0.10472045431449835
22,10,naive,11,2024-10-30,2024-10-31,2024-11-29,22,22,0.08246493940980101
22,10,naive,12,2024-11-29,2024-12-02,2024-12-31,22,21,0.0996503335570513
22,11,naive,1,2023-12-27,2023-12-28,2024-01-26,22,21,1.2023075369511906
22,11,naive,2,2024-01-26,2024-01-29,2024-02-27,22,18,1.6090245341625333
22,11,naive,3,2024-02-27,2024-02-28,2024-03-28,22,22,0.12232999545056814
22,11,naive,4,2024-03-28,2024-03-29,2024-04-29,22,22,0.21977184822035883
22,11,naive,5,2024-04-29,2024-04-30,2024-05-29,22,22,0.35529173203259623
22,11,naive,6,2024-05-29,2024-05-30,2024-06-28,22,22,0.07883887717167867
22,11,naive,7,2024-06-28,2024-07-01,2024-07-30,22,22,0.14250228057686778
22,11,naive,8,2024-07-30,2024-07-31,2024-08-29,22,22,0.16429777085804462
22,11,naive,9,2024-08-29,2024-08-30,2024-09-30,22,22,0.2817093757330789
22,11,naive,10,2024-09-30,2024-10-01,2024-10-30,22,22,0.16639788401525807
22,11,naive,11,2024-10-30,2024-10-31,2024-11-29,22,22,0.44488736678966295
22,11,naive,12,2024-11-29,2024-12-02,2024-12-31,22,21,1.2672717367565411
22,12,naive,1,2023-12-27,2023-12-28,2024-01-26,22,21,1.3333333333333333
22,12,naive,2,2024-01-26,2024-01-29,2024-02-27,22,18,1.4965936700149278
22,12,naive,3,2024-02-27,2024-02-28,2024-03-28,22,22,0.18181818181818182
22,12,naive,4,2024-03-28,2024-03-29,2024-04-29,22,22,0.2727272727272727
22,12,naive,5,2024-04-29,2024-04-30,2024-05-29,22,22,1.1818181818181819
22,12,naive,6,2024-05-29,2024-05-30,2024-06-28,22,22,1.6363636363636365
22,12,naive,7,2024-06-28,2024-07-01,2024-07-30,22,22,1.1645308133800525
22,12,naive,8,2024-07-30,2024-07-31,2024-08-29,22,22,1.0
22,12,naive,9,2024-08-29,2024-08-30,2024-09-30,22,22,1.5454545454545454
22,12,naive,10,2024-09-30,2024-10-01,2024-10-30,22,22,1.5454545454545454
22,12,naive,11,2024-10-30,2024-10-31,2024-11-29,22,22,1.4808484793087926
22,12,naive,12,2024-11-29,2024-12-02,2024-12-31,22,21,0.8571428571428571
22,13,naive,1,2023-12-27,2023-12-28,2024-01-26,22,21,0.0
22,13,naive,2,2024-01-26,2024-01-29,2024-02-27,22,18,0.1111111111111111
22,13,naive,3,2024-02-27,2024-02-28,2024-03-28,22,22,0.36363636363636365
22,13,naive,4,2024-03-28,2024-03-29,2024-04-29,22,22,0.8181818181818182
22,13,naive,5,2024-04-29,2024-04-30,2024-05-29,22,22,1.5077027536185068
22,13,naive,6,2024-05-29,2024-05-30,2024-06-28,22,22,0.2727272727272727
22,13,naive,7,2024-06-28,2024-07-01,2024-07-30,22,22,0.36363636363636365
22,13,naive,8,2024-07-30,2024-07-31,2024-08-29,22,22,0.4545454545454546
22,13,naive,9,2024-08-29,2024-08-30,2024-09-30,22,22,0.4545454545454546
22,13,naive,10,2024-09-30,2024-10-01,2024-10-30,22,22,0.36363636363636365
22,13,naive,11,2024-10-30,2024-10-31,2024-11-29,22,22,0.0
22,13,naive,12,2024-11-29,2024-12-02,2024-12-31,22,21,0.2857142857142857
22,1,moving_average,1,2023-12-27,2023-12-28,2024-01-26,22,21,0.1697030414120473
22,1,moving_average,2,2024-01-26,2024-01-29,2024-02-27,22,18,0.09848190319177638
22,1,moving_average,3,2024-02-27,2024-02-28,2024-03-28,22,22,0.14964222760963627
22,1,moving_average,4,2024-03-28,2024-03-29,2024-04-29,22,22,0.1339705478584629
22,1,moving_average,5,2024-04-29,2024-04-30,2024-05-29,22,22,0.13474391417715345
22,1,moving_average,6,2024-05-29,2024-05-30,2024-06-28,22,22,0.0982775068459909
22,1,moving_average,7,2024-06-28,2024-07-01,2024-07-30,22,22,0.08055271875430524
22,1,moving_average,8,2024-07-30,2024-07-31,2024-08-29,22,22,0.09245546252090327
22,1,moving_average,9,2024-08-29,2024-08-30,2024-09-30,22,22,0.1335458449774979
22,1,moving_average,10,2024-09-30,2024-10-01,2024-10-30,22,22,0.06787734314459155
22,1,moving_average,11,2024-10-30,2024-10-31,2024-11-29,22,22,0.08601697802287314
22,1,moving_average,12,2024-11-29,2024-12-02,2024-12-31,22,21,0.0837056095785795
22,2,moving_average,1,2023-12-27,2023-12-28,2024-01-26,22,21,0.2819688780504446
22,2,moving_average,2,2024-01-26,2024-01-29,2024-02-27,22,18,0.1082896102633002
22,2,moving_average,3,2024-02-27,2024-02-28,2024-03-28,22,22,0.10624474441910071
22,2,moving_average,4,2024-03-28,2024-03-29,2024-04-29,22,22,0.2298103851684721
22,2,moving_average,5,2024-04-29,2024-04-30,2024-05-29,22,22,0.16262043669446538
22,2,moving_average,6,2024-05-29,2024-05-30,2024-06-28,22,22,0.21429411489796768
22,2,moving_average,7,2024-06-28,2024-07-01,2024-07-30,22,22,0.1230629099306102
22,2,moving_average,8,2024-07-30,2024-07-31,2024-08-29,22,22,0.08517892639313068
22,2,moving_average,9,2024-08-29,2024-08-30,2024-09-30,22,22,0.06892437083820357
22,2,moving_average,10,2024-09-30,2024-10-01,2024-10-30,22,22,0.1321169271443194
22,2,moving_average,11,2024-10-30,2024-10-31,2024-11-29,22,22,0.12337237711096875
22,2,moving_average,12,2024-11-29,2024-12-02,2024-12-31,22,21,0.22192289408193985
22,3,moving_average,1,2023-12-27,2023-12-28,2024-01-26,22,21,0.09819234101900631
22,3,moving_average,2,2024-01-26,2024-01-29,2024-02-27,22,18,0.11498880843744534
22,3,moving_average,3,2024-02-27,2024-02-28,2024-03-28,22,22,0.09171890709688289
22,3,moving_average,4,2024-03-28,2024-03-29,2024-04-29,22,22,0.21397201916791822
22,3,moving_average,5,2024-04-29,2024-04-30,2024-05-29,22,22,0.24706736100751303
22,3,moving_average,6,2024-05-29,2024-05-30,2024-06-28,22,22,0.08228314870477232
22,3,moving_average,7,2024-06-28,2024-07-01,2024-07-30,22,22,0.11132746753265231
22,3,moving_average,8,2024-07-30,2024-07-31,2024-08-29,22,22,0.20828653972585168
22,3,moving_average,9,2024-08-29,2024-08-30,2024-09-30,22,22,0.1320390170665088
22,3,moving_average,10,2024-09-30,2024-10-01,2024-10-30,22,22,0.1098696862219544
22,3,moving_average,11,2024-10-30,2024-10-31,2024-11-29,22,22,0.09440462423900361
22,3,moving_average,12,2024-11-29,2024-12-02,2024-12-31,22,21,0.3080742938997702
22,4,moving_average,1,2023-12-27,2023-12-28,2024-01-26,22,21,0.12718121802326782
22,4,moving_average,2,2024-01-26,2024-01-29,2024-02-27,22,18,0.13822373174629385
22,4,moving_average,3,2024-02-27,2024-02-28,2024-03-28,22,22,0.0982636484135365
22,4,moving_average,4,2024-03-28,2024-03-29,2024-04-29,22,22,0.17779471085182505
22,4,moving_average,5,2024-04-29,2024-04-30,2024-05-29,22,22,0.17724071400148284
22,4,moving_average,6,2024-05-29,2024-05-30,2024-06-28,22,22,0.0761042431680012
22,4,moving_average,7,2024-06-28,2024-07-01,2024-07-30,22,22,0.11087451241776339
22,4,moving_average,8,2024-07-30,2024-07-31,2024-08-29,22,22,0.16674017944143085
22,4,moving_average,9,2024-08-29,2024-08-30,2024-09-30,22,22,0.14764344002060587
22,4,moving_average,10,2024-09-30,2024-10-01,2024-10-30,22,22,0.17180106456891533
22,4,moving_average,11,2024-10-30,2024-10-31,2024-11-29,22,22,0.16747076458253438
22,4,moving_average,12,2024-11-29,2024-12-02,2024-12-31,22,21,0.20813311326799894
22,5,moving_average,1,2023-12-27,2023-12-28,2024-01-26,22,21,0.07993582689602459
22,5,moving_average,2,2024-01-26,2024-01-29,2024-02-27,22,18,0.10546326846050944
22,5,moving_average,3,2024-02-27,2024-02-28,2024-03-28,22,22,0.08439727581825864
22,5,moving_average,4,2024-03-28,2024-03-29,2024-04-29,22,22,0.1566235265087034
22,5,moving_average,5,2024-04-29,2024-04-30,2024-05-29,22,22,0.23847949462545798
22,5,moving_average,6,2024-05-29,2024-05-30,2024-06-28,22,22,0.11162899890701981
22,5,moving_average,7,2024-06-28,2024-07-01,2024-07-30,22,22,0.09968143540917128
22,5,moving_average,8,2024-07-30,2024-07-31,2024-08-29,22,22,0.09820928195446368
22,5,moving_average,9,2024-08-29,2024-08-30,2024-09-30,22,22,0.09404671950116698
22,5,moving_average,10,2024-09-30,2024-10-01,2024-10-30,22,22,0.07912859673512994
22,5,moving_average,11,2024-10-30,2024-10-31,2024-11-29,22,22,0.09715384851762224
22,5,moving_average,12,2024-11-29,2024-12-02,2024-12-31,22,21,0.08197312102545302
22,6,moving_average,1,2023-12-27,2023-12-28,2024-01-26,22,21,0.114664772616855
22,6,moving_average,2,2024-01-26,2024-01-29,2024-02-27,22,18,0.13490977846110888
22,6,moving_average,3,2024-02-27,2024-02-28,2024-03-28,22,22,0.1380122289653083
22,6,moving_average,4,2024-03-28,2024-03-29,2024-04-29,22,22,0.15037214630721743
22,6,moving_average,5,2024-04-29,2024-04-30,2024-05-29,22,22,0.2076406620665266
22,6,moving_average,6,2024-05-29,2024-05-30,2024-06-28,22,22,0.12394019505156773
22,6,moving_average,7,2024-06-28,2024-07-01,2024-07-30,22,22,0.13087582937358216
22,6,moving_average,8,2024-07-30,2024-07-31,2024-08-29,22,22,0.14540954683974308
22,6,moving_average,9,2024-08-29,2024-08-30,2024-09-30,22,22,0.14800495629887936
22,6,moving_average,10,2024-09-30,2024-10-01,2024-10-30,22,22,0.087546611681087
22,6,moving_average,11,2024-10-30,2024-10-31,2024-11-29,22,22,0.09253547486861774
22,6,moving_average,12,2024-11-29,2024-12-02,2024-12-31,22,21,0.15616216770188288
22,7,moving_average,1,2023-12-27,2023-12-28,2024-01-26,22,21,0.25762976829020656
22,7,moving_average,2,2024-01-26,2024-01-29,2024-02-27,22,18,0.23698056352507726
22,7,moving_average,3,2024-02-27,2024-02-28,2024-03-28,22,22,0.1721284631850519
22,7,moving_average,4,2024-03-28,2024-03-29,2024-04-29,22,22,0.28440893252091126
22,7,moving_average,5,2024-04-29,2024-04-30,2024-05-29,22,22,0.24744899658083613
22,7,moving_average,6,2024-05-29,2024-05-30,2024-06-28,22,22,0.17300142064633411
22,7,moving_average,7,2024-06-28,2024-07-01,2024-07-30,22,22,0.15122419905633416
22,7,moving_average,8,2024-07-30,2024-07-31,2024-08-29,22,22,0.34014546367471854
22,7,moving_average,9,2024-08-29,2024-08-30,2024-09-30,22,22,0.25273068982177715
22,7,moving_average,10,2024-09-30,2024-10-01,2024-10-30,22,22,0.3664597450953231
22,7,moving_average,11,2024-10-30,2024-10-31,2024-11-29,22,22,0.22816948761388534
22,7,moving_average,12,2024-11-29,2024-12-02,2024-12-31,22,21,0.29923959623431035
22,8,moving_average,1,2023-12-27,2023-12-28,2024-01-26,22,21,0.26893323455842655
22,8,moving_average,2,2024-01-26,2024-01-29,2024-02-27,22,18,0.3278778122764242
22,8,moving_average,3,2024-02-27,2024-02-28,2024-03-28,22,22,0.13310826171431386
22,8,moving_average,4,2024-03-28,2024-03-29,2024-04-29,22,22,0.3909945784959771
22,8,moving_average,5,2024-04-29,2024-04-30,2024-05-29,22,22,0.36777833493981194
22,8,moving_average,6,2024-05-29,2024-05-30,2024-06-28,22,22,0.1232631954472653
22,8,moving_average,7,2024-06-28,2024-07-01,2024-07-30,22,22,0.20974549399119125
22,8,moving_average,8,2024-07-30,2024-07-31,2024-08-29,22,22,0.13301616758801826
22,8,moving_average,9,2024-08-29,2024-08-30,2024-09-30,22,22,0.14621207474213663
22,8,moving_average,10,2024-09-30,2024-10-01,2024-10-30,22,22,0.10503797793371548
22,8,moving_average,11,2024-10-30,2024-10-31,2024-11-29,22,22,0.11848675834564071
22,8,moving_average,12,2024-11-29,2024-12-02,2024-12-31,22,21,0.13037910416740195
22,9,moving_average,1,2023-12-27,2023-12-28,2024-01-26,22,21,0.11472150864491898
22,9,moving_average,2,2024-01-26,2024-01-29,2024-02-27,22,18,0.31584774275649974
22,9,moving_average,3,2024-02-27,2024-02-28,2024-03-28,22,22,0.22480127074338652
22,9,moving_average,4,2024-03-28,2024-03-29,2024-04-29,22,22,0.35468637750827725
22,9,moving_average,5,2024-04-29,2024-04-30,2024-05-29,22,22,0.3809589651669984
22,9,moving_average,6,2024-05-29,2024-05-30,2024-06-28,22,22,0.16451622006724512
22,9,moving_average,7,2024-06-28,2024-07-01,2024-07-30,22,22,0.3319515987446583
22,9,moving_average,8,2024-07-30,2024-07-31,2024-08-29,22,22,0.13505210700928735
22,9,moving_average,9,2024-08-29,2024-08-30,2024-09-30,22,22,0.14592647901803263
22,9,moving_average,10,2024-09-30,2024-10-01,2024-10-30,22,22,0.08300803450714118
22,9,moving_average,11,2024-10-30,2024-10-31,2024-11-29,22,22,0.09160974065464773
22,9,moving_average,12,2024-11-29,2024-12-02,2024-12-31,22,21,0.15527030558446073
22,10,moving_average,1,2023-12-27,2023-12-28,2024-01-26,22,21,0.09608129968413079
22,10,moving_average,2,2024-01-26,2024-01-29,2024-02-27,22,18,0.2062581328802524
22,10,moving_average,3,2024-02-27,2024-02-28,2024-03-28,22,22,0.08777093201838265
22,10,moving_average,4,2024-03-28,2024-03-29,2024-04-29,22,22,0.15181843541710857
22,10,moving_average,5,2024-04-29,2024-04-30,2024-05-29,22,22,0.17244021820330332
22,10,moving_average,6,2024-05-29,2024-05-30,2024-06-28,22,22,0.161153479125653
22,10,moving_average,7,2024-06-28,2024-07-01,2024-07-30,22,22,0.1036165341198747
22,10,moving_average,8,2024-07-30,2024-07-31,2024-08-29,22,22,0.10578093361126499
22,10,moving_average,9,2024-08-29,2024-08-30,2024-09-30,22,22,0.08211842978970618
22,10,moving_average,10,2024-09-30,2024-10-01,2024-10-30,22,22,0.12042111005800858
22,10,moving_average,11,2024-10-30,2024-10-31,2024-11-29,22,22,0.09345836720488271
22,10,moving_average,12,2024-11-29,2024-12-02,2024-12-31,22,21,0.09875444871710733
22,11,moving_average,1,2023-12-27,2023-12-28,2024-01-26,22,21,0.969834580122714
22,11,moving_average,2,2024-01-26,2024-01-29,2024-02-27,22,18,0.8886742103643113
22,11,moving_average,3,2024-02-27,2024-02-28,2024-03-28,22,22,0.16146067155496405
22,11,moving_average,4,2024-03-28,2024-03-29,2024-04-29,22,22,0.21905780836906627
22,11,moving_average,5,2024-04-29,2024-04-30,2024-05-29,22,22,0.25127721317010415
22,11,moving_average,6,2024-05-29,2024-05-30,2024-06-28,22,22,0.0769397980883029
22,11,moving_average,7,2024-06-28,2024-07-01,2024-07-30,22,22,0.28238974543158063
22,11,moving_average,8,2024-07-30,2024-07-31,2024-08-29,22,22,0.15001924040098694
22,11,moving_average,9,2024-08-29,2024-08-30,2024-09-30,22,22,0.1615010652001924
22,11,moving_average,10,2024-09-30,2024-10-01,2024-10-30,22,22,0.1393876072937466
22,11,moving_average,11,2024-10-30,2024-10-31,2024-11-29,22,22,0.5008938079226088
22,11,moving_average,12,2024-11-29,2024-12-02,2024-12-31,22,21,1.8043289934970719
22,12,moving_average,1,2023-12-27,2023-12-28,2024-01-26,22,21,1.04001255125893
22,12,moving_average,2,2024-01-26,2024-01-29,2024-02-27,22,18,1.4609453486084314
22,12,moving_average,3,2024-02-27,2024-02-28,2024-03-28,22,22,1.8415977349339279
22,12,moving_average,4,2024-03-28,2024-03-29,2024-04-29,22,22,0.46610284567428684
22,12,moving_average,5,2024-04-29,2024-04-30,2024-05-29,22,22,1.5685666539031018
22,12,moving_average,6,2024-05-29,2024-05-30,2024-06-28,22,22,1.0507189949320066
22,12,moving_average,7,2024-06-28,2024-07-01,2024-07-30,22,22,1.1418553273150966
22,12,moving_average,8,2024-07-30,2024-07-31,2024-08-29,22,22,1.28241042755731
22,12,moving_average,9,2024-08-29,2024-08-30,2024-09-30,22,22,0.9948051741537489
22,12,moving_average,10,2024-09-30,2024-10-01,2024-10-30,22,22,0.853903950155435
22,12,moving_average,11,2024-10-30,2024-10-31,2024-11-29,22,22,0.6346301699631113
22,12,moving_average,12,2024-11-29,2024-12-02,2024-12-31,22,21,1.3837057743720125
22,13,moving_average,1,2023-12-27,2023-12-28,2024-01-26,22,21,2.0
22,13,moving_average,2,2024-01-26,2024-01-29,2024-02-27,22,18,0.1111111111111111
22,13,moving_average,3,2024-02-27,2024-02-28,2024-03-28,22,22,0.4969303553489648
22,13,moving_average,4,2024-03-28,2024-03-29,2024-04-29,22,22,1.802324703888722
22,13,moving_average,5,2024-04-29,2024-04-30,2024-05-29,22,22,1.4587591644046958
22,13,moving_average,6,2024-05-29,2024-05-30,2024-06-28,22,22,1.8815030623950624
22,13,moving_average,7,2024-06-28,2024-07-01,2024-07-30,22,22,1.7153185214161675
22,13,moving_average,8,2024-07-30,2024-07-31,2024-08-29,22,22,1.6835535135563156
22,13,moving_average,9,2024-08-29,2024-08-30,2024-09-30,22,22,1.7931591992721954
22,13,moving_average,10,2024-09-30,2024-10-01,2024-10-30,22,22,1.8380112863080937
22,13,moving_average,11,2024-10-30,2024-10-31,2024-11-29,22,22,2.0
22,13,moving_average,12,2024-11-29,2024-12-02,2024-12-31,22,21,0.2857142857142857
22,1,arima_112,1,2023-12-27,2023-12-28,2024-01-26,22,21,0.1569521716329587
22,1,arima_112,2,2024-01-26,2024-01-29,2024-02-27,22,18,0.07919258748731903
22,1,arima_112,3,2024-02-27,2024-02-28,2024-03-28,22,22,0.148685539108275
22,1,arima_112,4,2024-03-28,2024-03-29,2024-04-29,22,22,0.13431410789637305
22,1,arima_112,5,2024-04-29,2024-04-30,2024-05-29,22,22,0.112266581074643
22,1,arima_112,6,2024-05-29,2024-05-30,2024-06-28,22,22,0.10731254042863843
22,1,arima_112,7,2024-06-28,2024-07-01,2024-07-30,22,22,0.08328836648901497
22,1,arima_112,8,2024-07-30,2024-07-31,2024-08-29,22,22,0.07779058156127093
22,1,arima_112,9,2024-08-29,2024-08-30,2024-09-30,22,22,0.14771161169573435
22,1,arima_112,10,2024-09-30,2024-10-01,2024-10-30,22,22,0.1332424971911202
22,1,arima_112,11,2024-10-30,2024-10-31,2024-11-29,22,22,0.09012846170241565
22,1,arima_112,12,2024-11-29,2024-12-02,2024-12-31,22,21,0.0745990375975821
22,2,arima_111,1,2023-12-27,2023-12-28,2024-01-26,22,21,0.32821169519297716
22,2,arima_111,2,2024-01-26,2024-01-29,2024-02-27,22,18,0.09202055221097616
22,2,arima_111,3,2024-02-27,2024-02-28,2024-03-28,22,22,0.09207747187101573
22,2,arima_111,4,2024-03-28,2024-03-29,2024-04-29,22,22,0.23607466302356053
22,2,arima_111,5,2024-04-29,2024-04-30,2024-05-29,22,22,0.1579078236815806
22,2,arima_111,6,2024-05-29,2024-05-30,2024-06-28,22,22,0.2111441197424088
22,2,arima_111,7,2024-06-28,2024-07-01,2024-07-30,22,22,0.10852146513002754
22,2,arima_111,8,2024-07-30,2024-07-31,2024-08-29,22,22,0.08050660942218123
22,2,arima_111,9,2024-08-29,2024-08-30,2024-09-30,22,22,0.06751479977696577
22,2,arima_111,10,2024-09-30,2024-10-01,2024-10-30,22,22,0.129150207970686
22,2,arima_111,11,2024-10-30,2024-10-31,2024-11-29,22,22,0.12295219189049936
22,2,arima_111,12,2024-11-29,2024-12-02,2024-12-31,22,21,0.19053310134761556
22,3,arima_111,1,2023-12-27,2023-12-28,2024-01-26,22,21,0.10115299097520863
22,3,arima_111,2,2024-01-26,2024-01-29,2024-02-27,22,18,0.10968686411118833
22,3,arima_111,3,2024-02-27,2024-02-28,2024-03-28,22,22,0.09031403721987655
22,3,arima_111,4,2024-03-28,2024-03-29,2024-04-29,22,22,0.21724094483556122
22,3,arima_111,5,2024-04-29,2024-04-30,2024-05-29,22,22,0.2370506066366474
22,3,arima_111,6,2024-05-29,2024-05-30,2024-06-28,22,22,0.07975710368445972
22,3,arima_111,7,2024-06-28,2024-07-01,2024-07-30,22,22,0.11135767160573362
22,3,arima_111,8,2024-07-30,2024-07-31,2024-08-29,22,22,0.2063330008998858
22,3,arima_111,9,2024-08-29,2024-08-30,2024-09-30,22,22,0.14012640160832981
22,3,arima_111,10,2024-09-30,2024-10-01,2024-10-30,22,22,0.10436110256734023
22,3,arima_111,11,2024-10-30,2024-10-31,2024-11-29,22,22,0.09587970593980771
22,3,arima_111,12,2024-11-29,2024-12-02,2024-12-31,22,21,0.3111761117915643
22,4,arima_011,1,2023-12-27,2023-12-28,2024-01-26,22,21,0.14185223270206757
22,4,arima_011,2,2024-01-26,2024-01-29,2024-02-27,22,18,0.12093883775860058
22,4,arima_011,3,2024-02-27,2024-02-28,2024-03-28,22,22,0.1262338107875683
22,4,arima_011,4,2024-03-28,2024-03-29,2024-04-29,22,22,0.20463375369925021
22,4,arima_011,5,2024-04-29,2024-04-30,2024-05-29,22,22,0.22175852544036045
22,4,arima_011,6,2024-05-29,2024-05-30,2024-06-28,22,22,0.0719379398927342
22,4,arima_011,7,2024-06-28,2024-07-01,2024-07-30,22,22,0.11087207383170292
22,4,arima_011,8,2024-07-30,2024-07-31,2024-08-29,22,22,0.17011068683541886
22,4,arima_011,9,2024-08-29,2024-08-30,2024-09-30,22,22,0.13234628242363888
22,4,arima_011,10,2024-09-30,2024-10-01,2024-10-30,22,22,0.18579742490890208
22,4,arima_011,11,2024-10-30,2024-10-31,2024-11-29,22,22,0.1474971272920688
22,4,arima_011,12,2024-11-29,2024-12-02,2024-12-31,22,21,0.23947780781997768
22,5,arima_102,1,2023-12-27,2023-12-28,2024-01-26,22,21,0.08341651053381703
22,5,arima_102,2,2024-01-26,2024-01-29,2024-02-27,22,18,0.1010878666501903
22,5,arima_102,3,2024-02-27,2024-02-28,2024-03-28,22,22,0.08974555336421049
22,5,arima_102,4,2024-03-28,2024-03-29,2024-04-29,22,22,0.15035607131718876
22,5,arima_102,5,2024-04-29,2024-04-30,2024-05-29,22,22,0.23749610084655987
22,5,arima_102,6,2024-05-29,2024-05-30,2024-06-28,22,22,0.11841922217753517
22,5,arima_102,7,2024-06-28,2024-07-01,2024-07-30,22,22,0.11045821739964874
22,5,arima_102,8,2024-07-30,2024-07-31,2024-08-29,22,22,0.0964838162956732
22,5,arima_102,9,2024-08-29,2024-08-30,2024-09-30,22,22,0.08695131028003077
22,5,arima_102,10,2024-09-30,2024-10-01,2024-10-30,22,22,0.07812369138407418
22,5,arima_102,11,2024-10-30,2024-10-31,2024-11-29,22,22,0.09219933897682306
22,5,arima_102,12,2024-11-29,2024-12-02,2024-12-31,22,21,0.07592321783419319
22,6,arima_011,1,2023-12-27,2023-12-28,2024-01-26,22,21,0.1130399775482332
22,6,arima_011,2,2024-01-26,2024-01-29,2024-02-27,22,18,0.1389348884633098
22,6,arima_011,3,2024-02-27,2024-02-28,2024-03-28,22,22,0.1521244016030988
22,6,arima_011,4,2024-03-28,2024-03-29,2024-04-29,22,22,0.14670204923878663
22,6,arima_011,5,2024-04-29,2024-04-30,2024-05-29,22,22,0.1947808369460344
22,6,arima_011,6,2024-05-29,2024-05-30,2024-06-28,22,22,0.12223644661048554
22,6,arima_011,7,2024-06-28,2024-07-01,2024-07-30,22,22,0.11667174465362043
22,6,arima_011,8,2024-07-30,2024-07-31,2024-08-29,22,22,0.13892629880957436
22,6,arima_011,9,2024-08-29,2024-08-30,2024-09-30,22,22,0.13064087693853604
22,6,arima_011,10,2024-09-30,2024-10-01,2024-10-30,22,22,0.09389883652030598
22,6,arima_011,11,2024-10-30,2024-10-31,2024-11-29,22,22,0.08484786763651501
22,6,arima_011,12,2024-11-29,2024-12-02,2024-12-31,22,21,0.15892271196299249
22,7,arima_011,1,2023-12-27,2023-12-28,2024-01-26,22,21,0.24459838544620124
22,7,arima_011,2,2024-01-26,2024-01-29,2024-02-27,22,18,0.23822486410165572
22,7,arima_011,3,2024-02-27,2024-02-28,2024-03-28,22,22,0.1809862854373326
22,7,arima_011,4,2024-03-28,2024-03-29,2024-04-29,22,22,0.28466365534996674
22,7,arima_011,5,2024-04-29,2024-04-30,2024-05-29,22,22,0.2564309838067105
22,7,arima_011,6,2024-05-29,2024-05-30,2024-06-28,22,22,0.1776080100907862
22,7,arima_011,7,2024-06-28,2024-07-01,2024-07-30,22,22,0.14897615377154036
22,7,arima_011,8,2024-07-30,2024-07-31,2024-08-29,22,22,0.34141359531544657
22,7,arima_011,9,2024-08-29,2024-08-30,2024-09-30,22,22,0.24755694341234571
22,7,arima_011,10,2024-09-30,2024-10-01,2024-10-30,22,22,0.33764790900970365
22,7,arima_011,11,2024-10-30,2024-10-31,2024-11-29,22,22,0.2082659892126471
22,7,arima_011,12,2024-11-29,2024-12-02,2024-12-31,22,21,0.2962059582712948
22,8,arima_111,1,2023-12-27,2023-12-28,2024-01-26,22,21,0.27042638710276123
22,8,arima_111,2,2024-01-26,2024-01-29,2024-02-27,22,18,0.4099730134692209
22,8,arima_111,3,2024-02-27,2024-02-28,2024-03-28,22,22,0.09811328390459405
22,8,arima_111,4,2024-03-28,2024-03-29,2024-04-29,22,22,0.39968792948799975
22,8,arima_111,5,2024-04-29,2024-04-30,2024-05-29,22,22,0.3406261151923574
22,8,arima_111,6,2024-05-29,2024-05-30,2024-06-28,22,22,0.0865207266999095
22,8,arima_111,7,2024-06-28,2024-07-01,2024-07-30,22,22,0.20661054677553095
22,8,arima_111,8,2024-07-30,2024-07-31,2024-08-29,22,22,0.18351933371670526
22,8,arima_111,9,2024-08-29,2024-08-30,2024-09-30,22,22,0.12292600921756061
22,8,arima_111,10,2024-09-30,2024-10-01,2024-10-30,22,22,0.11362621343804709
22,8,arima_111,11,2024-10-30,2024-10-31,2024-11-29,22,22,0.12232285848978022
22,8,arima_111,12,2024-11-29,2024-12-02,2024-12-31,22,21,0.10564734421555495
22,9,arima_011,1,2023-12-27,2023-12-28,2024-01-26,22,21,0.14658042203364074
22,9,arima_011,2,2024-01-26,2024-01-29,2024-02-27,22,18,0.3153805628030673
22,9,arima_011,3,2024-02-27,2024-02-28,2024-03-28,22,22,0.1684255551306087
22,9,arima_011,4,2024-03-28,2024-03-29,2024-04-29,22,22,0.3569144802139991
22,9,arima_011,5,2024-04-29,2024-04-30,2024-05-29,22,22,0.3731270446518147
22,9,arima_011,6,2024-05-29,2024-05-30,2024-06-28,22,22,0.12373899525257255
22,9,arima_011,7,2024-06-28,2024-07-01,2024-07-30,22,22,0.3275658122798179
22,9,arima_011,8,2024-07-30,2024-07-31,2024-08-29,22,22,0.13672239768086333
22,9,arima_011,9,2024-08-29,2024-08-30,2024-09-30,22,22,0.1305374929193287
22,9,arima_011,10,2024-09-30,2024-10-01,2024-10-30,22,22,0.08702456119559317
22,9,arima_011,11,2024-10-30,2024-10-31,2024-11-29,22,22,0.09086428466976851
22,9,arima_011,12,2024-11-29,2024-12-02,2024-12-31,22,21,0.13819558856730307
22,10,arima_012,1,2023-12-27,2023-12-28,2024-01-26,22,21,0.1047254705974354
22,10,arima_012,2,2024-01-26,2024-01-29,2024-02-27,22,18,0.2192989677350917
22,10,arima_012,3,2024-02-27,2024-02-28,2024-03-28,22,22,0.08413082942903646
22,10,arima_012,4,2024-03-28,2024-03-29,2024-04-29,22,22,0.1487610817428769
22,10,arima_012,5,2024-04-29,2024-04-30,2024-05-29,22,22,0.1544213262178424
22,10,arima_012,6,2024-05-29,2024-05-30,2024-06-28,22,22,0.16485930774572136
22,10,arima_012,7,2024-06-28,2024-07-01,2024-07-30,22,22,0.09400640883289495
22,10,arima_012,8,2024-07-30,2024-07-31,2024-08-29,22,22,0.10321287355702452
22,10,arima_012,9,2024-08-29,2024-08-30,2024-09-30,22,22,0.0781509282883538
22,10,arima_012,10,2024-09-30,2024-10-01,2024-10-30,22,22,0.12250341516497366
22,10,arima_012,11,2024-10-30,2024-10-31,2024-11-29,22,22,0.09229306785521159
22,10,arima_012,12,2024-11-29,2024-12-02,2024-12-31,22,21,0.09745451976761298
22,11,sarima_112_100_5,1,2023-12-27,2023-12-28,2024-01-26,22,21,0.9776223638211975
22,11,sarima_112_100_5,2,2024-01-26,2024-01-29,2024-02-27,22,18,0.582813192937496
22,11,sarima_112_100_5,3,2024-02-27,2024-02-28,2024-03-28,22,22,0.1686891158215092
22,11,sarima_112_100_5,4,2024-03-28,2024-03-29,2024-04-29,22,22,0.24519373167811417
22,11,sarima_112_100_5,5,2024-04-29,2024-04-30,2024-05-29,22,22,0.3598179794215625
22,11,sarima_112_100_5,6,2024-05-29,2024-05-30,2024-06-28,22,22,0.13751972293851064
22,11,sarima_112_100_5,7,2024-06-28,2024-07-01,2024-07-30,22,22,0.19114066350540468
22,11,sarima_112_100_5,8,2024-07-30,2024-07-31,2024-08-29,22,22,0.1471686929103824
22,11,sarima_112_100_5,9,2024-08-29,2024-08-30,2024-09-30,22,22,0.13670569512876615
22,11,sarima_112_100_5,10,2024-09-30,2024-10-01,2024-10-30,22,22,0.12537203445794748
22,11,sarima_112_100_5,11,2024-10-30,2024-10-31,2024-11-29,22,22,0.48606068046673656
22,11,sarima_112_100_5,12,2024-11-29,2024-12-02,2024-12-31,22,21,1.7451713351469902
22,12,arima_201,1,2023-12-27,2023-12-28,2024-01-26,22,21,0.9990780884573864
22,12,arima_201,2,2024-01-26,2024-01-29,2024-02-27,22,18,1.4762118548470897
22,12,arima_201,3,2024-02-27,2024-02-28,2024-03-28,22,22,1.8521361911584802
22,12,arima_201,4,2024-03-28,2024-03-29,2024-04-29,22,22,1.1084169203246004
22,12,arima_201,5,2024-04-29,2024-04-30,2024-05-29,22,22,1.5651570780426098
22,12,arima_201,6,2024-05-29,2024-05-30,2024-06-28,22,22,1.116153373057218
22,12,arima_201,7,2024-06-28,2024-07-01,2024-07-30,22,22,1.1485243968668195
22,12,arima_201,8,2024-07-30,2024-07-31,2024-08-29,22,22,1.298749431160256
22,12,arima_201,9,2024-08-29,2024-08-30,2024-09-30,22,22,1.0281374585237737
22,12,arima_201,10,2024-09-30,2024-10-01,2024-10-30,22,22,0.9019699276149691
22,12,arima_201,11,2024-10-30,2024-10-31,2024-11-29,22,22,0.6669099015542305
22,12,arima_201,12,2024-11-29,2024-12-02,2024-12-31,22,21,1.3684712006720992
22,13,sarima_113_002_5,1,2023-12-27,2023-12-28,2024-01-26,22,21,2.0
22,13,sarima_113_002_5,2,2024-01-26,2024-01-29,2024-02-27,22,18,1.9556291268503083
22,13,sarima_113_002_5,3,2024-02-27,2024-02-28,2024-03-28,22,22,1.9329192068141692
22,13,sarima_113_002_5,4,2024-03-28,2024-03-29,2024-04-29,22,22,1.858114771470703
22,13,sarima_113_002_5,5,2024-04-29,2024-04-30,2024-05-29,22,22,1.4120686134580662
22,13,sarima_113_002_5,6,2024-05-29,2024-05-30,2024-06-28,22,22,1.9290349086357286
22,13,sarima_113_002_5,7,2024-06-28,2024-07-01,2024-07-30,22,22,1.8760277320604666
22,13,sarima_113_002_5,8,2024-07-30,2024-07-31,2024-08-29,22,22,1.6830416475587933
22,13,sarima_113_002_5,9,2024-08-29,2024-08-30,2024-09-30,22,22,1.7096282310840978
22,13,sarima_113_002_5,10,2024-09-30,2024-10-01,2024-10-30,22,22,1.8275833110577555
22,13,sarima_113_002_5,11,2024-10-30,2024-10-31,2024-11-29,22,22,2.0
22,13,sarima_113_002_5,12,2024-11-29,2024-12-02,2024-12-31,22,21,1.791502586069422
22,1,ridge_h22_lags_1_5_10_22_alpha_0.001,1,2023-12-27,2023-12-28,2024-01-26,22,21,0.23037931241508847
22,1,ridge_h22_lags_1_5_10_22_alpha_0.001,2,2024-01-26,2024-01-29,2024-02-27,22,18,0.09307582793619265
22,1,ridge_h22_lags_1_5_10_22_alpha_0.001,3,2024-02-27,2024-02-28,2024-03-28,22,22,0.07055631950481414
22,1,ridge_h22_lags_1_5_10_22_alpha_0.001,4,2024-03-28,2024-03-29,2024-04-29,22,22,0.13345299221793788
22,1,ridge_h22_lags_1_5_10_22_alpha_0.001,5,2024-04-29,2024-04-30,2024-05-29,22,22,0.13053401549116225
22,1,ridge_h22_lags_1_5_10_22_alpha_0.001,6,2024-05-29,2024-05-30,2024-06-28,22,22,0.09409164487167314
22,1,ridge_h22_lags_1_5_10_22_alpha_0.001,7,2024-06-28,2024-07-01,2024-07-30,22,22,0.07708885700968458
22,1,ridge_h22_lags_1_5_10_22_alpha_0.001,8,2024-07-30,2024-07-31,2024-08-29,22,22,0.09097040755541554
22,1,ridge_h22_lags_1_5_10_22_alpha_0.001,9,2024-08-29,2024-08-30,2024-09-30,22,22,0.1783237887592684
22,1,ridge_h22_lags_1_5_10_22_alpha_0.001,10,2024-09-30,2024-10-01,2024-10-30,22,22,0.1797886930854501
22,1,ridge_h22_lags_1_5_10_22_alpha_0.001,11,2024-10-30,2024-10-31,2024-11-29,22,22,0.23477876544542844
22,1,ridge_h22_lags_1_5_10_22_alpha_0.001,12,2024-11-29,2024-12-02,2024-12-31,22,21,0.10920805517806034
22,2,ridge_h22_lags_1_5_10_22_alpha_0.001,1,2023-12-27,2023-12-28,2024-01-26,22,21,0.3124457567745669
22,2,ridge_h22_lags_1_5_10_22_alpha_0.001,2,2024-01-26,2024-01-29,2024-02-27,22,18,0.25721194528134783
22,2,ridge_h22_lags_1_5_10_22_alpha_0.001,3,2024-02-27,2024-02-28,2024-03-28,22,22,0.1359767100496306
22,2,ridge_h22_lags_1_5_10_22_alpha_0.001,4,2024-03-28,2024-03-29,2024-04-29,22,22,0.1762974671108247
22,2,ridge_h22_lags_1_5_10_22_alpha_0.001,5,2024-04-29,2024-04-30,2024-05-29,22,22,0.16986582381802645
22,2,ridge_h22_lags_1_5_10_22_alpha_0.001,6,2024-05-29,2024-05-30,2024-06-28,22,22,0.13059723482325783
22,2,ridge_h22_lags_1_5_10_22_alpha_0.001,7,2024-06-28,2024-07-01,2024-07-30,22,22,0.0950428316980539
22,2,ridge_h22_lags_1_5_10_22_alpha_0.001,8,2024-07-30,2024-07-31,2024-08-29,22,22,0.07586076972706182
22,2,ridge_h22_lags_1_5_10_22_alpha_0.001,9,2024-08-29,2024-08-30,2024-09-30,22,22,0.06978893153395979
22,2,ridge_h22_lags_1_5_10_22_alpha_0.001,10,2024-09-30,2024-10-01,2024-10-30,22,22,0.13691003360077722
22,2,ridge_h22_lags_1_5_10_22_alpha_0.001,11,2024-10-30,2024-10-31,2024-11-29,22,22,0.13429248808686367
22,2,ridge_h22_lags_1_5_10_22_alpha_0.001,12,2024-11-29,2024-12-02,2024-12-31,22,21,0.19418690354390447
22,3,ridge_h22_lags_1_5_10_22_alpha_0.001,1,2023-12-27,2023-12-28,2024-01-26,22,21,0.1097096275171931
22,3,ridge_h22_lags_1_5_10_22_alpha_0.001,2,2024-01-26,2024-01-29,2024-02-27,22,18,0.12628405710962742
22,3,ridge_h22_lags_1_5_10_22_alpha_0.001,3,2024-02-27,2024-02-28,2024-03-28,22,22,0.0714584197485396
22,3,ridge_h22_lags_1_5_10_22_alpha_0.001,4,2024-03-28,2024-03-29,2024-04-29,22,22,0.20215242697751298
22,3,ridge_h22_lags_1_5_10_22_alpha_0.001,5,2024-04-29,2024-04-30,2024-05-29,22,22,0.22430119174213015
22,3,ridge_h22_lags_1_5_10_22_alpha_0.001,6,2024-05-29,2024-05-30,2024-06-28,22,22,0.08219973871316348
22,3,ridge_h22_lags_1_5_10_22_alpha_0.001,7,2024-06-28,2024-07-01,2024-07-30,22,22,0.12314041223016464
22,3,ridge_h22_lags_1_5_10_22_alpha_0.001,8,2024-07-30,2024-07-31,2024-08-29,22,22,0.21188822953500466
22,3,ridge_h22_lags_1_5_10_22_alpha_0.001,9,2024-08-29,2024-08-30,2024-09-30,22,22,0.1715108359698972
22,3,ridge_h22_lags_1_5_10_22_alpha_0.001,10,2024-09-30,2024-10-01,2024-10-30,22,22,0.116502148614236
22,3,ridge_h22_lags_1_5_10_22_alpha_0.001,11,2024-10-30,2024-10-31,2024-11-29,22,22,0.08121108357214682
22,3,ridge_h22_lags_1_5_10_22_alpha_0.001,12,2024-11-29,2024-12-02,2024-12-31,22,21,0.2824881130995253
22,4,ridge_h22_lags_1_5_10_22_alpha_0.001,1,2023-12-27,2023-12-28,2024-01-26,22,21,0.18090203570812036
22,4,ridge_h22_lags_1_5_10_22_alpha_0.001,2,2024-01-26,2024-01-29,2024-02-27,22,18,0.09052684257581047
22,4,ridge_h22_lags_1_5_10_22_alpha_0.001,3,2024-02-27,2024-02-28,2024-03-28,22,22,0.09054555552255675
22,4,ridge_h22_lags_1_5_10_22_alpha_0.001,4,2024-03-28,2024-03-29,2024-04-29,22,22,0.19906815134671269
22,4,ridge_h22_lags_1_5_10_22_alpha_0.001,5,2024-04-29,2024-04-30,2024-05-29,22,22,0.29004465128240264
22,4,ridge_h22_lags_1_5_10_22_alpha_0.001,6,2024-05-29,2024-05-30,2024-06-28,22,22,0.12750326505896747
22,4,ridge_h22_lags_1_5_10_22_alpha_0.001,7,2024-06-28,2024-07-01,2024-07-30,22,22,0.14718294910722077
22,4,ridge_h22_lags_1_5_10_22_alpha_0.001,8,2024-07-30,2024-07-31,2024-08-29,22,22,0.16081701547050417
22,4,ridge_h22_lags_1_5_10_22_alpha_0.001,9,2024-08-29,2024-08-30,2024-09-30,22,22,0.17366552294342738
22,4,ridge_h22_lags_1_5_10_22_alpha_0.001,10,2024-09-30,2024-10-01,2024-10-30,22,22,0.24002541644493955
22,4,ridge_h22_lags_1_5_10_22_alpha_0.001,11,2024-10-30,2024-10-31,2024-11-29,22,22,0.09593971434259432
22,4,ridge_h22_lags_1_5_10_22_alpha_0.001,12,2024-11-29,2024-12-02,2024-12-31,22,21,0.1970113585390945
22,5,ridge_h22_lags_1_5_10_22_alpha_0.001,1,2023-12-27,2023-12-28,2024-01-26,22,21,0.19601579731830593
22,5,ridge_h22_lags_1_5_10_22_alpha_0.001,2,2024-01-26,2024-01-29,2024-02-27,22,18,0.10004598609590985
22,5,ridge_h22_lags_1_5_10_22_alpha_0.001,3,2024-02-27,2024-02-28,2024-03-28,22,22,0.06301939867391923
22,5,ridge_h22_lags_1_5_10_22_alpha_0.001,4,2024-03-28,2024-03-29,2024-04-29,22,22,0.18194234220848457
22,5,ridge_h22_lags_1_5_10_22_alpha_0.001,5,2024-04-29,2024-04-30,2024-05-29,22,22,0.1876857539654752
22,5,ridge_h22_lags_1_5_10_22_alpha_0.001,6,2024-05-29,2024-05-30,2024-06-28,22,22,0.07145446875815491
22,5,ridge_h22_lags_1_5_10_22_alpha_0.001,7,2024-06-28,2024-07-01,2024-07-30,22,22,0.09895489984330522
22,5,ridge_h22_lags_1_5_10_22_alpha_0.001,8,2024-07-30,2024-07-31,2024-08-29,22,22,0.09915205676115142
22,5,ridge_h22_lags_1_5_10_22_alpha_0.001,9,2024-08-29,2024-08-30,2024-09-30,22,22,0.08345066008644225
22,5,ridge_h22_lags_1_5_10_22_alpha_0.001,10,2024-09-30,2024-10-01,2024-10-30,22,22,0.052494002622482556
22,5,ridge_h22_lags_1_5_10_22_alpha_0.001,11,2024-10-30,2024-10-31,2024-11-29,22,22,0.09796699770575978
22,5,ridge_h22_lags_1_5_10_22_alpha_0.001,12,2024-11-29,2024-12-02,2024-12-31,22,21,0.06714996243160216
22,6,ridge_h22_lags_1_5_10_22_alpha_0.001,1,2023-12-27,2023-12-28,2024-01-26,22,21,0.11532790551368108
22,6,ridge_h22_lags_1_5_10_22_alpha_0.001,2,2024-01-26,2024-01-29,2024-02-27,22,18,0.12525247790563512
22,6,ridge_h22_lags_1_5_10_22_alpha_0.001,3,2024-02-27,2024-02-28,2024-03-28,22,22,0.16207349098446885
22,6,ridge_h22_lags_1_5_10_22_alpha_0.001,4,2024-03-28,2024-03-29,2024-04-29,22,22,0.16675069141924778
22,6,ridge_h22_lags_1_5_10_22_alpha_0.001,5,2024-04-29,2024-04-30,2024-05-29,22,22,0.20329823544760825
22,6,ridge_h22_lags_1_5_10_22_alpha_0.001,6,2024-05-29,2024-05-30,2024-06-28,22,22,0.1550813316765456
22,6,ridge_h22_lags_1_5_10_22_alpha_0.001,7,2024-06-28,2024-07-01,2024-07-30,22,22,0.10672240155107367
22,6,ridge_h22_lags_1_5_10_22_alpha_0.001,8,2024-07-30,2024-07-31,2024-08-29,22,22,0.16982261056329523
22,6,ridge_h22_lags_1_5_10_22_alpha_0.001,9,2024-08-29,2024-08-30,2024-09-30,22,22,0.10017680784813203
22,6,ridge_h22_lags_1_5_10_22_alpha_0.001,10,2024-09-30,2024-10-01,2024-10-30,22,22,0.08105724025499476
22,6,ridge_h22_lags_1_5_10_22_alpha_0.001,11,2024-10-30,2024-10-31,2024-11-29,22,22,0.094563160593801
22,6,ridge_h22_lags_1_5_10_22_alpha_0.001,12,2024-11-29,2024-12-02,2024-12-31,22,21,0.19245534065956668
22,7,ridge_h22_lags_1_5_10_22_alpha_0.001,1,2023-12-27,2023-12-28,2024-01-26,22,21,0.2328365423127422
22,7,ridge_h22_lags_1_5_10_22_alpha_0.001,2,2024-01-26,2024-01-29,2024-02-27,22,18,0.20476000226837632
22,7,ridge_h22_lags_1_5_10_22_alpha_0.001,3,2024-02-27,2024-02-28,2024-03-28,22,22,0.17199025378486615
22,7,ridge_h22_lags_1_5_10_22_alpha_0.001,4,2024-03-28,2024-03-29,2024-04-29,22,22,0.26075671919053733
22,7,ridge_h22_lags_1_5_10_22_alpha_0.001,5,2024-04-29,2024-04-30,2024-05-29,22,22,0.26806923985483133
22,7,ridge_h22_lags_1_5_10_22_alpha_0.001,6,2024-05-29,2024-05-30,2024-06-28,22,22,0.16860889720378525
22,7,ridge_h22_lags_1_5_10_22_alpha_0.001,7,2024-06-28,2024-07-01,2024-07-30,22,22,0.14724899971879754
22,7,ridge_h22_lags_1_5_10_22_alpha_0.001,8,2024-07-30,2024-07-31,2024-08-29,22,22,0.33157853399727916
22,7,ridge_h22_lags_1_5_10_22_alpha_0.001,9,2024-08-29,2024-08-30,2024-09-30,22,22,0.2828809211335528
22,7,ridge_h22_lags_1_5_10_22_alpha_0.001,10,2024-09-30,2024-10-01,2024-10-30,22,22,0.4470165832693951
22,7,ridge_h22_lags_1_5_10_22_alpha_0.001,11,2024-10-30,2024-10-31,2024-11-29,22,22,0.3585602291660265
22,7,ridge_h22_lags_1_5_10_22_alpha_0.001,12,2024-11-29,2024-12-02,2024-12-31,22,21,0.3108609280080574
22,8,ridge_h22_lags_1_5_10_22_alpha_0.001,1,2023-12-27,2023-12-28,2024-01-26,22,21,0.2743806990643953
22,8,ridge_h22_lags_1_5_10_22_alpha_0.001,2,2024-01-26,2024-01-29,2024-02-27,22,18,0.3132894287459707
22,8,ridge_h22_lags_1_5_10_22_alpha_0.001,3,2024-02-27,2024-02-28,2024-03-28,22,22,0.2921237865432046
22,8,ridge_h22_lags_1_5_10_22_alpha_0.001,4,2024-03-28,2024-03-29,2024-04-29,22,22,0.5452358534868973
22,8,ridge_h22_lags_1_5_10_22_alpha_0.001,5,2024-04-29,2024-04-30,2024-05-29,22,22,0.2217587327623945
22,8,ridge_h22_lags_1_5_10_22_alpha_0.001,6,2024-05-29,2024-05-30,2024-06-28,22,22,0.09104995982573179
22,8,ridge_h22_lags_1_5_10_22_alpha_0.001,7,2024-06-28,2024-07-01,2024-07-30,22,22,0.13371069796672505
22,8,ridge_h22_lags_1_5_10_22_alpha_0.001,8,2024-07-30,2024-07-31,2024-08-29,22,22,0.13909426347653056
22,8,ridge_h22_lags_1_5_10_22_alpha_0.001,9,2024-08-29,2024-08-30,2024-09-30,22,22,0.1322133745599687
22,8,ridge_h22_lags_1_5_10_22_alpha_0.001,10,2024-09-30,2024-10-01,2024-10-30,22,22,0.07134089121969252
22,8,ridge_h22_lags_1_5_10_22_alpha_0.001,11,2024-10-30,2024-10-31,2024-11-29,22,22,0.12306252434211058
22,8,ridge_h22_lags_1_5_10_22_alpha_0.001,12,2024-11-29,2024-12-02,2024-12-31,22,21,0.1077175345422167
22,9,ridge_h22_lags_1_5_10_22_alpha_0.001,1,2023-12-27,2023-12-28,2024-01-26,22,21,0.2796738311208186
22,9,ridge_h22_lags_1_5_10_22_alpha_0.001,2,2024-01-26,2024-01-29,2024-02-27,22,18,0.26726339179185926
22,9,ridge_h22_lags_1_5_10_22_alpha_0.001,3,2024-02-27,2024-02-28,2024-03-28,22,22,0.1699488510549086
22,9,ridge_h22_lags_1_5_10_22_alpha_0.001,4,2024-03-28,2024-03-29,2024-04-29,22,22,0.3401557121832138
22,9,ridge_h22_lags_1_5_10_22_alpha_0.001,5,2024-04-29,2024-04-30,2024-05-29,22,22,0.43106890964975764
22,9,ridge_h22_lags_1_5_10_22_alpha_0.001,6,2024-05-29,2024-05-30,2024-06-28,22,22,0.1325142449806884
22,9,ridge_h22_lags_1_5_10_22_alpha_0.001,7,2024-06-28,2024-07-01,2024-07-30,22,22,0.20740523727767274
22,9,ridge_h22_lags_1_5_10_22_alpha_0.001,8,2024-07-30,2024-07-31,2024-08-29,22,22,0.14331240284322833
22,9,ridge_h22_lags_1_5_10_22_alpha_0.001,9,2024-08-29,2024-08-30,2024-09-30,22,22,0.1268212670047669
22,9,ridge_h22_lags_1_5_10_22_alpha_0.001,10,2024-09-30,2024-10-01,2024-10-30,22,22,0.1063635885868496
22,9,ridge_h22_lags_1_5_10_22_alpha_0.001,11,2024-10-30,2024-10-31,2024-11-29,22,22,0.12276183090531871
22,9,ridge_h22_lags_1_5_10_22_alpha_0.001,12,2024-11-29,2024-12-02,2024-12-31,22,21,0.12339340809657218
22,10,ridge_h22_lags_1_5_10_22_alpha_0.001,1,2023-12-27,2023-12-28,2024-01-26,22,21,0.11550743919857206
22,10,ridge_h22_lags_1_5_10_22_alpha_0.001,2,2024-01-26,2024-01-29,2024-02-27,22,18,0.17534319298848675
22,10,ridge_h22_lags_1_5_10_22_alpha_0.001,3,2024-02-27,2024-02-28,2024-03-28,22,22,0.10822111962031125
22,10,ridge_h22_lags_1_5_10_22_alpha_0.001,4,2024-03-28,2024-03-29,2024-04-29,22,22,0.15994360840828228
22,10,ridge_h22_lags_1_5_10_22_alpha_0.001,5,2024-04-29,2024-04-30,2024-05-29,22,22,0.185815398205714
22,10,ridge_h22_lags_1_5_10_22_alpha_0.001,6,2024-05-29,2024-05-30,2024-06-28,22,22,0.11134285630403194
22,10,ridge_h22_lags_1_5_10_22_alpha_0.001,7,2024-06-28,2024-07-01,2024-07-30,22,22,0.08429457528840842
22,10,ridge_h22_lags_1_5_10_22_alpha_0.001,8,2024-07-30,2024-07-31,2024-08-29,22,22,0.10175163835168728
22,10,ridge_h22_lags_1_5_10_22_alpha_0.001,9,2024-08-29,2024-08-30,2024-09-30,22,22,0.06788653567062228
22,10,ridge_h22_lags_1_5_10_22_alpha_0.001,10,2024-09-30,2024-10-01,2024-10-30,22,22,0.12902120715213444
22,10,ridge_h22_lags_1_5_10_22_alpha_0.001,11,2024-10-30,2024-10-31,2024-11-29,22,22,0.08070579367862891
22,10,ridge_h22_lags_1_5_10_22_alpha_0.001,12,2024-11-29,2024-12-02,2024-12-31,22,21,0.09644946696276223
22,11,ridge_h22_lags_1_5_10_22_alpha_0.001,1,2023-12-27,2023-12-28,2024-01-26,22,21,0.9793674988627301
22,11,ridge_h22_lags_1_5_10_22_alpha_0.001,2,2024-01-26,2024-01-29,2024-02-27,22,18,0.6984885022534073
22,11,ridge_h22_lags_1_5_10_22_alpha_0.001,3,2024-02-27,2024-02-28,2024-03-28,22,22,0.26257251641842433
22,11,ridge_h22_lags_1_5_10_22_alpha_0.001,4,2024-03-28,2024-03-29,2024-04-29,22,22,0.326994041950247
22,11,ridge_h22_lags_1_5_10_22_alpha_0.001,5,2024-04-29,2024-04-30,2024-05-29,22,22,0.42677655487607846
22,11,ridge_h22_lags_1_5_10_22_alpha_0.001,6,2024-05-29,2024-05-30,2024-06-28,22,22,0.2586006646367919
22,11,ridge_h22_lags_1_5_10_22_alpha_0.001,7,2024-06-28,2024-07-01,2024-07-30,22,22,0.15787163575983196
22,11,ridge_h22_lags_1_5_10_22_alpha_0.001,8,2024-07-30,2024-07-31,2024-08-29,22,22,0.19406139919626098
22,11,ridge_h22_lags_1_5_10_22_alpha_0.001,9,2024-08-29,2024-08-30,2024-09-30,22,22,0.2775651309985297
22,11,ridge_h22_lags_1_5_10_22_alpha_0.001,10,2024-09-30,2024-10-01,2024-10-30,22,22,0.1397017199410677
22,11,ridge_h22_lags_1_5_10_22_alpha_0.001,11,2024-10-30,2024-10-31,2024-11-29,22,22,0.4531221801304171
22,11,ridge_h22_lags_1_5_10_22_alpha_0.001,12,2024-11-29,2024-12-02,2024-12-31,22,21,1.7359467879933188
22,12,ridge_h22_lags_1_5_10_22_alpha_0.001,1,2023-12-27,2023-12-28,2024-01-26,22,21,0.9314822133640213
22,12,ridge_h22_lags_1_5_10_22_alpha_0.001,2,2024-01-26,2024-01-29,2024-02-27,22,18,1.4426571693294934
22,12,ridge_h22_lags_1_5_10_22_alpha_0.001,3,2024-02-27,2024-02-28,2024-03-28,22,22,1.8778536195687494
22,12,ridge_h22_lags_1_5_10_22_alpha_0.001,4,2024-03-28,2024-03-29,2024-04-29,22,22,1.7766164758840388
22,12,ridge_h22_lags_1_5_10_22_alpha_0.001,5,2024-04-29,2024-04-30,2024-05-29,22,22,1.141551729479344
22,12,ridge_h22_lags_1_5_10_22_alpha_0.001,6,2024-05-29,2024-05-30,2024-06-28,22,22,0.9768982642718025
22,12,ridge_h22_lags_1_5_10_22_alpha_0.001,7,2024-06-28,2024-07-01,2024-07-30,22,22,1.251507674497057
22,12,ridge_h22_lags_1_5_10_22_alpha_0.001,8,2024-07-30,2024-07-31,2024-08-29,22,22,1.2769452719976109
22,12,ridge_h22_lags_1_5_10_22_alpha_0.001,9,2024-08-29,2024-08-30,2024-09-30,22,22,0.9060285908282306
22,12,ridge_h22_lags_1_5_10_22_alpha_0.001,10,2024-09-30,2024-10-01,2024-10-30,22,22,0.9415677925549393
22,12,ridge_h22_lags_1_5_10_22_alpha_0.001,11,2024-10-30,2024-10-31,2024-11-29,22,22,0.762842111479221
22,12,ridge_h22_lags_1_5_10_22_alpha_0.001,12,2024-11-29,2024-12-02,2024-12-31,22,21,1.373292261034971
22,13,ridge_h22_lags_1_5_10_22_alpha_0.001,1,2023-12-27,2023-12-28,2024-01-26,22,21,2.0
22,13,ridge_h22_lags_1_5_10_22_alpha_0.001,2,2024-01-26,2024-01-29,2024-02-27,22,18,1.9821269214625192
22,13,ridge_h22_lags_1_5_10_22_alpha_0.001,3,2024-02-27,2024-02-28,2024-03-28,22,22,1.7560489122623246
22,13,ridge_h22_lags_1_5_10_22_alpha_0.001,4,2024-03-28,2024-03-29,2024-04-29,22,22,1.6436109402497452
22,13,ridge_h22_lags_1_5_10_22_alpha_0.001,5,2024-04-29,2024-04-30,2024-05-29,22,22,1.361856788551946
22,13,ridge_h22_lags_1_5_10_22_alpha_0.001,6,2024-05-29,2024-05-30,2024-06-28,22,22,1.9273454950355946
22,13,ridge_h22_lags_1_5_10_22_alpha_0.001,7,2024-06-28,2024-07-01,2024-07-30,22,22,1.8185046216804714
22,13,ridge_h22_lags_1_5_10_22_alpha_0.001,8,2024-07-30,2024-07-31,2024-08-29,22,22,1.6857979043560947
22,13,ridge_h22_lags_1_5_10_22_alpha_0.001,9,2024-08-29,2024-08-30,2024-09-30,22,22,1.704416983207101
22,13,ridge_h22_lags_1_5_10_22_alpha_0.001,10,2024-09-30,2024-10-01,2024-10-30,22,22,1.830631728708514
22,13,ridge_h22_lags_1_5_10_22_alpha_0.001,11,2024-10-30,2024-10-31,2024-11-29,22,22,2.0
22,13,ridge_h22_lags_1_5_10_22_alpha_0.001,12,2024-11-29,2024-12-02,2024-12-31,22,21,1.922593507011985
22,1,ridge_h22_lags_1_2_3_4_5_10_22_alpha_0.001,1,2023-12-27,2023-12-28,2024-01-26,22,21,0.2183168554788346
22,1,ridge_h22_lags_1_2_3_4_5_10_22_alpha_0.001,2,2024-01-26,2024-01-29,2024-02-27,22,18,0.09029282119601698
22,1,ridge_h22_lags_1_2_3_4_5_10_22_alpha_0.001,3,2024-02-27,2024-02-28,2024-03-28,22,22,0.07573155749107574
22,1,ridge_h22_lags_1_2_3_4_5_10_22_alpha_0.001,4,2024-03-28,2024-03-29,2024-04-29,22,22,0.13038733506396843
22,1,ridge_h22_lags_1_2_3_4_5_10_22_alpha_0.001,5,2024-04-29,2024-04-30,2024-05-29,22,22,0.13274933955614096
22,1,ridge_h22_lags_1_2_3_4_5_10_22_alpha_0.001,6,2024-05-29,2024-05-30,2024-06-28,22,22,0.09437516644137148
22,1,ridge_h22_lags_1_2_3_4_5_10_22_alpha_0.001,7,2024-06-28,2024-07-01,2024-07-30,22,22,0.07724236203139499
22,1,ridge_h22_lags_1_2_3_4_5_10_22_alpha_0.001,8,2024-07-30,2024-07-31,2024-08-29,22,22,0.09005556021349191
22,1,ridge_h22_lags_1_2_3_4_5_10_22_alpha_0.001,9,2024-08-29,2024-08-30,2024-09-30,22,22,0.17153970008246902
22,1,ridge_h22_lags_1_2_3_4_5_10_22_alpha_0.001,10,2024-09-30,2024-10-01,2024-10-30,22,22,0.1661372946641088
22,1,ridge_h22_lags_1_2_3_4_5_10_22_alpha_0.001,11,2024-10-30,2024-10-31,2024-11-29,22,22,0.20882150213006254
22,1,ridge_h22_lags_1_2_3_4_5_10_22_alpha_0.001,12,2024-11-29,2024-12-02,2024-12-31,22,21,0.09564381451068804
22,2,ridge_h22_lags_1_2_3_4_5_10_22_alpha_0.001,1,2023-12-27,2023-12-28,2024-01-26,22,21,0.3148690059523839
22,2,ridge_h22_lags_1_2_3_4_5_10_22_alpha_0.001,2,2024-01-26,2024-01-29,2024-02-27,22,18,0.20934457260086303
22,2,ridge_h22_lags_1_2_3_4_5_10_22_alpha_0.001,3,2024-02-27,2024-02-28,2024-03-28,22,22,0.1240758740349436
22,2,ridge_h22_lags_1_2_3_4_5_10_22_alpha_0.001,4,2024-03-28,2024-03-29,2024-04-29,22,22,0.17863283454576756
22,2,ridge_h22_lags_1_2_3_4_5_10_22_alpha_0.001,5,2024-04-29,2024-04-30,2024-05-29,22,22,0.17180933277707328
22,2,ridge_h22_lags_1_2_3_4_5_10_22_alpha_0.001,6,2024-05-29,2024-05-30,2024-06-28,22,22,0.12726916575154756
22,2,ridge_h22_lags_1_2_3_4_5_10_22_alpha_0.001,7,2024-06-28,2024-07-01,2024-07-30,22,22,0.09343506335868264
22,2,ridge_h22_lags_1_2_3_4_5_10_22_alpha_0.001,8,2024-07-30,2024-07-31,2024-08-29,22,22,0.07404186608410365
22,2,ridge_h22_lags_1_2_3_4_5_10_22_alpha_0.001,9,2024-08-29,2024-08-30,2024-09-30,22,22,0.0676159447267016
22,2,ridge_h22_lags_1_2_3_4_5_10_22_alpha_0.001,10,2024-09-30,2024-10-01,2024-10-30,22,22,0.13350810485305145
22,2,ridge_h22_lags_1_2_3_4_5_10_22_alpha_0.001,11,2024-10-30,2024-10-31,2024-11-29,22,22,0.1257321984744903
22,2,ridge_h22_lags_1_2_3_4_5_10_22_alpha_0.001,12,2024-11-29,2024-12-02,2024-12-31,22,21,0.17996832460293047
22,3,ridge_h22_lags_1_2_3_4_5_10_22_alpha_0.001,1,2023-12-27,2023-12-28,2024-01-26,22,21,0.10855789554598905
22,3,ridge_h22_lags_1_2_3_4_5_10_22_alpha_0.001,2,2024-01-26,2024-01-29,2024-02-27,22,18,0.12121029155526611
22,3,ridge_h22_lags_1_2_3_4_5_10_22_alpha_0.001,3,2024-02-27,2024-02-28,2024-03-28,22,22,0.07241822076420633
22,3,ridge_h22_lags_1_2_3_4_5_10_22_alpha_0.001,4,2024-03-28,2024-03-29,2024-04-29,22,22,0.20132162604157663
22,3,ridge_h22_lags_1_2_3_4_5_10_22_alpha_0.001,5,2024-04-29,2024-04-30,2024-05-29,22,22,0.20647456421165683
22,3,ridge_h22_lags_1_2_3_4_5_10_22_alpha_0.001,6,2024-05-29,2024-05-30,2024-06-28,22,22,0.08114750385669936
22,3,ridge_h22_lags_1_2_3_4_5_10_22_alpha_0.001,7,2024-06-28,2024-07-01,2024-07-30,22,22,0.12242821859295487
22,3,ridge_h22_lags_1_2_3_4_5_10_22_alpha_0.001,8,2024-07-30,2024-07-31,2024-08-29,22,22,0.20637478476331142
22,3,ridge_h22_lags_1_2_3_4_5_10_22_alpha_0.001,9,2024-08-29,2024-08-30,2024-09-30,22,22,0.1782996302163285
22,3,ridge_h22_lags_1_2_3_4_5_10_22_alpha_0.001,10,2024-09-30,2024-10-01,2024-10-30,22,22,0.11582646213350078
22,3,ridge_h22_lags_1_2_3_4_5_10_22_alpha_0.001,11,2024-10-30,2024-10-31,2024-11-29,22,22,0.08145177102944667
22,3,ridge_h22_lags_1_2_3_4_5_10_22_alpha_0.001,12,2024-11-29,2024-12-02,2024-12-31,22,21,0.28101991318527897
22,4,ridge_h22_lags_1_2_3_4_5_10_22_alpha_0.001,1,2023-12-27,2023-12-28,2024-01-26,22,21,0.18001903938378555
22,4,ridge_h22_lags_1_2_3_4_5_10_22_alpha_0.001,2,2024-01-26,2024-01-29,2024-02-27,22,18,0.09205801997145162
22,4,ridge_h22_lags_1_2_3_4_5_10_22_alpha_0.001,3,2024-02-27,2024-02-28,2024-03-28,22,22,0.08932688326599802
22,4,ridge_h22_lags_1_2_3_4_5_10_22_alpha_0.001,4,2024-03-28,2024-03-29,2024-04-29,22,22,0.19904478063419986
22,4,ridge_h22_lags_1_2_3_4_5_10_22_alpha_0.001,5,2024-04-29,2024-04-30,2024-05-29,22,22,0.2865217994225461
22,4,ridge_h22_lags_1_2_3_4_5_10_22_alpha_0.001,6,2024-05-29,2024-05-30,2024-06-28,22,22,0.12498324213937569
22,4,ridge_h22_lags_1_2_3_4_5_10_22_alpha_0.001,7,2024-06-28,2024-07-01,2024-07-30,22,22,0.1467165945504112
22,4,ridge_h22_lags_1_2_3_4_5_10_22_alpha_0.001,8,2024-07-30,2024-07-31,2024-08-29,22,22,0.16034457043233896
22,4,ridge_h22_lags_1_2_3_4_5_10_22_alpha_0.001,9,2024-08-29,2024-08-30,2024-09-30,22,22,0.17240492030183815
22,4,ridge_h22_lags_1_2_3_4_5_10_22_alpha_0.001,10,2024-09-30,2024-10-01,2024-10-30,22,22,0.23913394476138072
22,4,ridge_h22_lags_1_2_3_4_5_10_22_alpha_0.001,11,2024-10-30,2024-10-31,2024-11-29,22,22,0.09506530855717006
22,4,ridge_h22_lags_1_2_3_4_5_10_22_alpha_0.001,12,2024-11-29,2024-12-02,2024-12-31,22,21,0.1977258373294576
22,5,ridge_h22_lags_1_2_3_4_5_10_22_alpha_0.001,1,2023-12-27,2023-12-28,2024-01-26,22,21,0.18290188639364177
22,5,ridge_h22_lags_1_2_3_4_5_10_22_alpha_0.001,2,2024-01-26,2024-01-29,2024-02-27,22,18,0.10376229810741577
22,5,ridge_h22_lags_1_2_3_4_5_10_22_alpha_0.001,3,2024-02-27,2024-02-28,2024-03-28,22,22,0.06322443773288458
22,5,ridge_h22_lags_1_2_3_4_5_10_22_alpha_0.001,4,2024-03-28,2024-03-29,2024-04-29,22,22,0.17835346759323434
22,5,ridge_h22_lags_1_2_3_4_5_10_22_alpha_0.001,5,2024-04-29,2024-04-30,2024-05-29,22,22,0.17604445214353623
22,5,ridge_h22_lags_1_2_3_4_5_10_22_alpha_0.001,6,2024-05-29,2024-05-30,2024-06-28,22,22,0.06601032891655521
22,5,ridge_h22_lags_1_2_3_4_5_10_22_alpha_0.001,7,2024-06-28,2024-07-01,2024-07-30,22,22,0.09954141721851152
22,5,ridge_h22_lags_1_2_3_4_5_10_22_alpha_0.001,8,2024-07-30,2024-07-31,2024-08-29,22,22,0.09564906831730671
22,5,ridge_h22_lags_1_2_3_4_5_10_22_alpha_0.001,9,2024-08-29,2024-08-30,2024-09-30,22,22,0.0813554343295749
22,5,ridge_h22_lags_1_2_3_4_5_10_22_alpha_0.001,10,2024-09-30,2024-10-01,2024-10-30,22,22,0.055657775254615495
22,5,ridge_h22_lags_1_2_3_4_5_10_22_alpha_0.001,11,2024-10-30,2024-10-31,2024-11-29,22,22,0.09771419883794329
22,5,ridge_h22_lags_1_2_3_4_5_10_22_alpha_0.001,12,2024-11-29,2024-12-02,2024-12-31,22,21,0.06504403738270434
22,6,ridge_h22_lags_1_2_3_4_5_10_22_alpha_0.001,1,2023-12-27,2023-12-28,2024-01-26,22,21,0.11653859331062291
22,6,ridge_h22_lags_1_2_3_4_5_10_22_alpha_0.001,2,2024-01-26,2024-01-29,2024-02-27,22,18,0.12514849989568264
22,6,ridge_h22_lags_1_2_3_4_5_10_22_alpha_0.001,3,2024-02-27,2024-02-28,2024-03-28,22,22,0.15812054097945147
22,6,ridge_h22_lags_1_2_3_4_5_10_22_alpha_0.001,4,2024-03-28,2024-03-29,2024-04-29,22,22,0.1630748269798516
22,6,ridge_h22_lags_1_2_3_4_5_10_22_alpha_0.001,5,2024-04-29,2024-04-30,2024-05-29,22,22,0.19863897538065564
22,6,ridge_h22_lags_1_2_3_4_5_10_22_alpha_0.001,6,2024-05-29,2024-05-30,2024-06-28,22,22,0.15180704767295927
22,6,ridge_h22_lags_1_2_3_4_5_10_22_alpha_0.001,7,2024-06-28,2024-07-01,2024-07-30,22,22,0.10736710464422758
22,6,ridge_h22_lags_1_2_3_4_5_10_22_alpha_0.001,8,2024-07-30,2024-07-31,2024-08-29,22,22,0.16936177722819493
22,6,ridge_h22_lags_1_2_3_4_5_10_22_alpha_0.001,9,2024-08-29,2024-08-30,2024-09-30,22,22,0.10194945933317122
22,6,ridge_h22_lags_1_2_3_4_5_10_22_alpha_0.001,10,2024-09-30,2024-10-01,2024-10-30,22,22,0.07826152118771433
22,6,ridge_h22_lags_1_2_3_4_5_10_22_alpha_0.001,11,2024-10-30,2024-10-31,2024-11-29,22,22,0.09408036082139092
22,6,ridge_h22_lags_1_2_3_4_5_10_22_alpha_0.001,12,2024-11-29,2024-12-02,2024-12-31,22,21,0.19140253202234295
22,7,ridge_h22_lags_1_2_3_4_5_10_22_alpha_0.001,1,2023-12-27,2023-12-28,2024-01-26,22,21,0.20149885776240142
22,7,ridge_h22_lags_1_2_3_4_5_10_22_alpha_0.001,2,2024-01-26,2024-01-29,2024-02-27,22,18,0.2052100533274791
22,7,ridge_h22_lags_1_2_3_4_5_10_22_alpha_0.001,3,2024-02-27,2024-02-28,2024-03-28,22,22,0.1668055772522968
22,7,ridge_h22_lags_1_2_3_4_5_10_22_alpha_0.001,4,2024-03-28,2024-03-29,2024-04-29,22,22,0.2648535605579538
22,7,ridge_h22_lags_1_2_3_4_5_10_22_alpha_0.001,5,2024-04-29,2024-04-30,2024-05-29,22,22,0.2744468971862481
22,7,ridge_h22_lags_1_2_3_4_5_10_22_alpha_0.001,6,2024-05-29,2024-05-30,2024-06-28,22,22,0.16919338217031285
22,7,ridge_h22_lags_1_2_3_4_5_10_22_alpha_0.001,7,2024-06-28,2024-07-01,2024-07-30,22,22,0.14993983540882128
22,7,ridge_h22_lags_1_2_3_4_5_10_22_alpha_0.001,8,2024-07-30,2024-07-31,2024-08-29,22,22,0.3242213526326427
22,7,ridge_h22_lags_1_2_3_4_5_10_22_alpha_0.001,9,2024-08-29,2024-08-30,2024-09-30,22,22,0.2702538977859158
22,7,ridge_h22_lags_1_2_3_4_5_10_22_alpha_0.001,10,2024-09-30,2024-10-01,2024-10-30,22,22,0.4199442884984739
22,7,ridge_h22_lags_1_2_3_4_5_10_22_alpha_0.001,11,2024-10-30,2024-10-31,2024-11-29,22,22,0.3266798828041476
22,7,ridge_h22_lags_1_2_3_4_5_10_22_alpha_0.001,12,2024-11-29,2024-12-02,2024-12-31,22,21,0.30008325094470717
22,8,ridge_h22_lags_1_2_3_4_5_10_22_alpha_0.001,1,2023-12-27,2023-12-28,2024-01-26,22,21,0.2866038563740455
22,8,ridge_h22_lags_1_2_3_4_5_10_22_alpha_0.001,2,2024-01-26,2024-01-29,2024-02-27,22,18,0.33218173292502784
22,8,ridge_h22_lags_1_2_3_4_5_10_22_alpha_0.001,3,2024-02-27,2024-02-28,2024-03-28,22,22,0.2512561431270317
22,8,ridge_h22_lags_1_2_3_4_5_10_22_alpha_0.001,4,2024-03-28,2024-03-29,2024-04-29,22,22,0.5251140594645833
22,8,ridge_h22_lags_1_2_3_4_5_10_22_alpha_0.001,5,2024-04-29,2024-04-30,2024-05-29,22,22,0.24135529038270975
22,8,ridge_h22_lags_1_2_3_4_5_10_22_alpha_0.001,6,2024-05-29,2024-05-30,2024-06-28,22,22,0.09364566362847258
22,8,ridge_h22_lags_1_2_3_4_5_10_22_alpha_0.001,7,2024-06-28,2024-07-01,2024-07-30,22,22,0.13981039253392896
22,8,ridge_h22_lags_1_2_3_4_5_10_22_alpha_0.001,8,2024-07-30,2024-07-31,2024-08-29,22,22,0.15332310001209654
22,8,ridge_h22_lags_1_2_3_4_5_10_22_alpha_0.001,9,2024-08-29,2024-08-30,2024-09-30,22,22,0.12247651297468305
22,8,ridge_h22_lags_1_2_3_4_5_10_22_alpha_0.001,10,2024-09-30,2024-10-01,2024-10-30,22,22,0.07400932013458987
22,8,ridge_h22_lags_1_2_3_4_5_10_22_alpha_0.001,11,2024-10-30,2024-10-31,2024-11-29,22,22,0.12055732524356029
22,8,ridge_h22_lags_1_2_3_4_5_10_22_alpha_0.001,12,2024-11-29,2024-12-02,2024-12-31,22,21,0.1045289044352443
22,9,ridge_h22_lags_1_2_3_4_5_10_22_alpha_0.001,1,2023-12-27,2023-12-28,2024-01-26,22,21,0.23544217608474624
22,9,ridge_h22_lags_1_2_3_4_5_10_22_alpha_0.001,2,2024-01-26,2024-01-29,2024-02-27,22,18,0.25285719631168857
22,9,ridge_h22_lags_1_2_3_4_5_10_22_alpha_0.001,3,2024-02-27,2024-02-28,2024-03-28,22,22,0.1535932516463356
22,9,ridge_h22_lags_1_2_3_4_5_10_22_alpha_0.001,4,2024-03-28,2024-03-29,2024-04-29,22,22,0.3462320138983104
22,9,ridge_h22_lags_1_2_3_4_5_10_22_alpha_0.001,5,2024-04-29,2024-04-30,2024-05-29,22,22,0.40969245680621585
22,9,ridge_h22_lags_1_2_3_4_5_10_22_alpha_0.001,6,2024-05-29,2024-05-30,2024-06-28,22,22,0.12114661997752275
22,9,ridge_h22_lags_1_2_3_4_5_10_22_alpha_0.001,7,2024-06-28,2024-07-01,2024-07-30,22,22,0.21893964286022324
22,9,ridge_h22_lags_1_2_3_4_5_10_22_alpha_0.001,8,2024-07-30,2024-07-31,2024-08-29,22,22,0.14090008047834676
22,9,ridge_h22_lags_1_2_3_4_5_10_22_alpha_0.001,9,2024-08-29,2024-08-30,2024-09-30,22,22,0.11829030311847688
22,9,ridge_h22_lags_1_2_3_4_5_10_22_alpha_0.001,10,2024-09-30,2024-10-01,2024-10-30,22,22,0.10560314094379615
22,9,ridge_h22_lags_1_2_3_4_5_10_22_alpha_0.001,11,2024-10-30,2024-10-31,2024-11-29,22,22,0.11445158636653117
22,9,ridge_h22_lags_1_2_3_4_5_10_22_alpha_0.001,12,2024-11-29,2024-12-02,2024-12-31,22,21,0.1206959513448004
22,10,ridge_h22_lags_1_2_3_4_5_10_22_alpha_0.001,1,2023-12-27,2023-12-28,2024-01-26,22,21,0.11231571619445498
22,10,ridge_h22_lags_1_2_3_4_5_10_22_alpha_0.001,2,2024-01-26,2024-01-29,2024-02-27,22,18,0.19204508907051976
22,10,ridge_h22_lags_1_2_3_4_5_10_22_alpha_0.001,3,2024-02-27,2024-02-28,2024-03-28,22,22,0.10206902752007925
22,10,ridge_h22_lags_1_2_3_4_5_10_22_alpha_0.001,4,2024-03-28,2024-03-29,2024-04-29,22,22,0.1537942218003169
22,10,ridge_h22_lags_1_2_3_4_5_10_22_alpha_0.001,5,2024-04-29,2024-04-30,2024-05-29,22,22,0.1624093924924095
22,10,ridge_h22_lags_1_2_3_4_5_10_22_alpha_0.001,6,2024-05-29,2024-05-30,2024-06-28,22,22,0.11847726142473598
22,10,ridge_h22_lags_1_2_3_4_5_10_22_alpha_0.001,7,2024-06-28,2024-07-01,2024-07-30,22,22,0.07986059432309865
22,10,ridge_h22_lags_1_2_3_4_5_10_22_alpha_0.001,8,2024-07-30,2024-07-31,2024-08-29,22,22,0.10501750477360136
22,10,ridge_h22_lags_1_2_3_4_5_10_22_alpha_0.001,9,2024-08-29,2024-08-30,2024-09-30,22,22,0.06672318670660736
22,10,ridge_h22_lags_1_2_3_4_5_10_22_alpha_0.001,10,2024-09-30,2024-10-01,2024-10-30,22,22,0.127050781652848
22,10,ridge_h22_lags_1_2_3_4_5_10_22_alpha_0.001,11,2024-10-30,2024-10-31,2024-11-29,22,22,0.07736696283801167
22,10,ridge_h22_lags_1_2_3_4_5_10_22_alpha_0.001,12,2024-11-29,2024-12-02,2024-12-31,22,21,0.09625663481514557
22,11,ridge_h22_lags_1_2_3_4_5_10_22_alpha_0.001,1,2023-12-27,2023-12-28,2024-01-26,22,21,0.9555253291969522
22,11,ridge_h22_lags_1_2_3_4_5_10_22_alpha_0.001,2,2024-01-26,2024-01-29,2024-02-27,22,18,0.8482258541941701
22,11,ridge_h22_lags_1_2_3_4_5_10_22_alpha_0.001,3,2024-02-27,2024-02-28,2024-03-28,22,22,0.24416066199360312
22,11,ridge_h22_lags_1_2_3_4_5_10_22_alpha_0.001,4,2024-03-28,2024-03-29,2024-04-29,22,22,0.30980881767416224
22,11,ridge_h22_lags_1_2_3_4_5_10_22_alpha_0.001,5,2024-04-29,2024-04-30,2024-05-29,22,22,0.4358372953600955
22,11,ridge_h22_lags_1_2_3_4_5_10_22_alpha_0.001,6,2024-05-29,2024-05-30,2024-06-28,22,22,0.21549289182579043
22,11,ridge_h22_lags_1_2_3_4_5_10_22_alpha_0.001,7,2024-06-28,2024-07-01,2024-07-30,22,22,0.15991105767745512
22,11,ridge_h22_lags_1_2_3_4_5_10_22_alpha_0.001,8,2024-07-30,2024-07-31,2024-08-29,22,22,0.1955894137955173
22,11,ridge_h22_lags_1_2_3_4_5_10_22_alpha_0.001,9,2024-08-29,2024-08-30,2024-09-30,22,22,0.2657191946945259
22,11,ridge_h22_lags_1_2_3_4_5_10_22_alpha_0.001,10,2024-09-30,2024-10-01,2024-10-30,22,22,0.12835411622709564
22,11,ridge_h22_lags_1_2_3_4_5_10_22_alpha_0.001,11,2024-10-30,2024-10-31,2024-11-29,22,22,0.4516578605674199
22,11,ridge_h22_lags_1_2_3_4_5_10_22_alpha_0.001,12,2024-11-29,2024-12-02,2024-12-31,22,21,1.6657004436320124
22,12,ridge_h22_lags_1_2_3_4_5_10_22_alpha_0.001,1,2023-12-27,2023-12-28,2024-01-26,22,21,0.9319187914757109
22,12,ridge_h22_lags_1_2_3_4_5_10_22_alpha_0.001,2,2024-01-26,2024-01-29,2024-02-27,22,18,1.4333274546476455
22,12,ridge_h22_lags_1_2_3_4_5_10_22_alpha_0.001,3,2024-02-27,2024-02-28,2024-03-28,22,22,1.8647614544171516
22,12,ridge_h22_lags_1_2_3_4_5_10_22_alpha_0.001,4,2024-03-28,2024-03-29,2024-04-29,22,22,1.7768751690571931
22,12,ridge_h22_lags_1_2_3_4_5_10_22_alpha_0.001,5,2024-04-29,2024-04-30,2024-05-29,22,22,1.1367120493639822
22,12,ridge_h22_lags_1_2_3_4_5_10_22_alpha_0.001,6,2024-05-29,2024-05-30,2024-06-28,22,22,0.9753805613936364
22,12,ridge_h22_lags_1_2_3_4_5_10_22_alpha_0.001,7,2024-06-28,2024-07-01,2024-07-30,22,22,1.2237341304840028
22,12,ridge_h22_lags_1_2_3_4_5_10_22_alpha_0.001,8,2024-07-30,2024-07-31,2024-08-29,22,22,1.2932757871896434
22,12,ridge_h22_lags_1_2_3_4_5_10_22_alpha_0.001,9,2024-08-29,2024-08-30,2024-09-30,22,22,0.8954162732114928
22,12,ridge_h22_lags_1_2_3_4_5_10_22_alpha_0.001,10,2024-09-30,2024-10-01,2024-10-30,22,22,0.9736534684626671
22,12,ridge_h22_lags_1_2_3_4_5_10_22_alpha_0.001,11,2024-10-30,2024-10-31,2024-11-29,22,22,0.7619329907993815
22,12,ridge_h22_lags_1_2_3_4_5_10_22_alpha_0.001,12,2024-11-29,2024-12-02,2024-12-31,22,21,1.3742651395931988
22,13,ridge_h22_lags_1_2_3_4_5_10_22_alpha_0.001,1,2023-12-27,2023-12-28,2024-01-26,22,21,2.0
22,13,ridge_h22_lags_1_2_3_4_5_10_22_alpha_0.001,2,2024-01-26,2024-01-29,2024-02-27,22,18,1.9802751159016527
22,13,ridge_h22_lags_1_2_3_4_5_10_22_alpha_0.001,3,2024-02-27,2024-02-28,2024-03-28,22,22,1.756051964108716
22,13,ridge_h22_lags_1_2_3_4_5_10_22_alpha_0.001,4,2024-03-28,2024-03-29,2024-04-29,22,22,1.6344999616231866
22,13,ridge_h22_lags_1_2_3_4_5_10_22_alpha_0.001,5,2024-04-29,2024-04-30,2024-05-29,22,22,1.3340124250076846
22,13,ridge_h22_lags_1_2_3_4_5_10_22_alpha_0.001,6,2024-05-29,2024-05-30,2024-06-28,22,22,1.9244584333443098
22,13,ridge_h22_lags_1_2_3_4_5_10_22_alpha_0.001,7,2024-06-28,2024-07-01,2024-07-30,22,22,1.819409715267727
22,13,ridge_h22_lags_1_2_3_4_5_10_22_alpha_0.001,8,2024-07-30,2024-07-31,2024-08-29,22,22,1.6896024034239283
22,13,ridge_h22_lags_1_2_3_4_5_10_22_alpha_0.001,9,2024-08-29,2024-08-30,2024-09-30,22,22,1.7073407597324004
22,13,ridge_h22_lags_1_2_3_4_5_10_22_alpha_0.001,10,2024-09-30,2024-10-01,2024-10-30,22,22,1.825076281441003
22,13,ridge_h22_lags_1_2_3_4_5_10_22_alpha_0.001,11,2024-10-30,2024-10-31,2024-11-29,22,22,2.0
22,13,ridge_h22_lags_1_2_3_4_5_10_22_alpha_0.001,12,2024-11-29,2024-12-02,2024-12-31,22,21,1.922207303917735
22,1,ridge_h22_lags_1_2_3_4_5_10_22_roll10_alpha_0.001,1,2023-12-27,2023-12-28,2024-01-26,22,21,0.20447706576752256
22,1,ridge_h22_lags_1_2_3_4_5_10_22_roll10_alpha_0.001,2,2024-01-26,2024-01-29,2024-02-27,22,18,0.07931836401590432
22,1,ridge_h22_lags_1_2_3_4_5_10_22_roll10_alpha_0.001,3,2024-02-27,2024-02-28,2024-03-28,22,22,0.08172199821969335
22,1,ridge_h22_lags_1_2_3_4_5_10_22_roll10_alpha_0.001,4,2024-03-28,2024-03-29,2024-04-29,22,22,0.1293956043308628
22,1,ridge_h22_lags_1_2_3_4_5_10_22_roll10_alpha_0.001,5,2024-04-29,2024-04-30,2024-05-29,22,22,0.14014966012769542
22,1,ridge_h22_lags_1_2_3_4_5_10_22_roll10_alpha_0.001,6,2024-05-29,2024-05-30,2024-06-28,22,22,0.09426714332298146
22,1,ridge_h22_lags_1_2_3_4_5_10_22_roll10_alpha_0.001,7,2024-06-28,2024-07-01,2024-07-30,22,22,0.076260266213182
22,1,ridge_h22_lags_1_2_3_4_5_10_22_roll10_alpha_0.001,8,2024-07-30,2024-07-31,2024-08-29,22,22,0.08904828312725381
22,1,ridge_h22_lags_1_2_3_4_5_10_22_roll10_alpha_0.001,9,2024-08-29,2024-08-30,2024-09-30,22,22,0.1661678066563896
22,1,ridge_h22_lags_1_2_3_4_5_10_22_roll10_alpha_0.001,10,2024-09-30,2024-10-01,2024-10-30,22,22,0.15302742894531624
22,1,ridge_h22_lags_1_2_3_4_5_10_22_roll10_alpha_0.001,11,2024-10-30,2024-10-31,2024-11-29,22,22,0.1866209880528547
22,1,ridge_h22_lags_1_2_3_4_5_10_22_roll10_alpha_0.001,12,2024-11-29,2024-12-02,2024-12-31,22,21,0.0792873349482627
22,2,ridge_h22_lags_1_2_3_4_5_10_22_roll10_alpha_0.001,1,2023-12-27,2023-12-28,2024-01-26,22,21,0.31083340648478547
22,2,ridge_h22_lags_1_2_3_4_5_10_22_roll10_alpha_0.001,2,2024-01-26,2024-01-29,2024-02-27,22,18,0.16109893321083577
22,2,ridge_h22_lags_1_2_3_4_5_10_22_roll10_alpha_0.001,3,2024-02-27,2024-02-28,2024-03-28,22,22,0.10586652987267836
22,2,ridge_h22_lags_1_2_3_4_5_10_22_roll10_alpha_0.001,4,2024-03-28,2024-03-29,2024-04-29,22,22,0.17904986172722417
22,2,ridge_h22_lags_1_2_3_4_5_10_22_roll10_alpha_0.001,5,2024-04-29,2024-04-30,2024-05-29,22,22,0.1831069844717874
22,2,ridge_h22_lags_1_2_3_4_5_10_22_roll10_alpha_0.001,6,2024-05-29,2024-05-30,2024-06-28,22,22,0.14050633008317082
22,2,ridge_h22_lags_1_2_3_4_5_10_22_roll10_alpha_0.001,7,2024-06-28,2024-07-01,2024-07-30,22,22,0.10296061067484547
22,2,ridge_h22_lags_1_2_3_4_5_10_22_roll10_alpha_0.001,8,2024-07-30,2024-07-31,2024-08-29,22,22,0.07484131378481924
22,2,ridge_h22_lags_1_2_3_4_5_10_22_roll10_alpha_0.001,9,2024-08-29,2024-08-30,2024-09-30,22,22,0.06835283359893256
22,2,ridge_h22_lags_1_2_3_4_5_10_22_roll10_alpha_0.001,10,2024-09-30,2024-10-01,2024-10-30,22,22,0.13267465552075605
22,2,ridge_h22_lags_1_2_3_4_5_10_22_roll10_alpha_0.001,11,2024-10-30,2024-10-31,2024-11-29,22,22,0.12362914611804614
22,2,ridge_h22_lags_1_2_3_4_5_10_22_roll10_alpha_0.001,12,2024-11-29,2024-12-02,2024-12-31,22,21,0.17319893245667423
22,3,ridge_h22_lags_1_2_3_4_5_10_22_roll10_alpha_0.001,1,2023-12-27,2023-12-28,2024-01-26,22,21,0.10935881218620196
22,3,ridge_h22_lags_1_2_3_4_5_10_22_roll10_alpha_0.001,2,2024-01-26,2024-01-29,2024-02-27,22,18,0.11251312832867286
22,3,ridge_h22_lags_1_2_3_4_5_10_22_roll10_alpha_0.001,3,2024-02-27,2024-02-28,2024-03-28,22,22,0.07281781856740409
22,3,ridge_h22_lags_1_2_3_4_5_10_22_roll10_alpha_0.001,4,2024-03-28,2024-03-29,2024-04-29,22,22,0.20071238580554904
22,3,ridge_h22_lags_1_2_3_4_5_10_22_roll10_alpha_0.001,5,2024-04-29,2024-04-30,2024-05-29,22,22,0.20846778745463507
22,3,ridge_h22_lags_1_2_3_4_5_10_22_roll10_alpha_0.001,6,2024-05-29,2024-05-30,2024-06-28,22,22,0.08304054295675865
22,3,ridge_h22_lags_1_2_3_4_5_10_22_roll10_alpha_0.001,7,2024-06-28,2024-07-01,2024-07-30,22,22,0.1196593666928446
22,3,ridge_h22_lags_1_2_3_4_5_10_22_roll10_alpha_0.001,8,2024-07-30,2024-07-31,2024-08-29,22,22,0.2081439725084942
22,3,ridge_h22_lags_1_2_3_4_5_10_22_roll10_alpha_0.001,9,2024-08-29,2024-08-30,2024-09-30,22,22,0.1790702886841902
22,3,ridge_h22_lags_1_2_3_4_5_10_22_roll10_alpha_0.001,10,2024-09-30,2024-10-01,2024-10-30,22,22,0.1107438993700781
22,3,ridge_h22_lags_1_2_3_4_5_10_22_roll10_alpha_0.001,11,2024-10-30,2024-10-31,2024-11-29,22,22,0.08309454785665578
22,3,ridge_h22_lags_1_2_3_4_5_10_22_roll10_alpha_0.001,12,2024-11-29,2024-12-02,2024-12-31,22,21,0.29075100722471503
22,4,ridge_h22_lags_1_2_3_4_5_10_22_roll10_alpha_0.001,1,2023-12-27,2023-12-28,2024-01-26,22,21,0.17798723233948716
22,4,ridge_h22_lags_1_2_3_4_5_10_22_roll10_alpha_0.001,2,2024-01-26,2024-01-29,2024-02-27,22,18,0.09022437593909047
22,4,ridge_h22_lags_1_2_3_4_5_10_22_roll10_alpha_0.001,3,2024-02-27,2024-02-28,2024-03-28,22,22,0.08996817274805993
22,4,ridge_h22_lags_1_2_3_4_5_10_22_roll10_alpha_0.001,4,2024-03-28,2024-03-29,2024-04-29,22,22,0.19814702013859678
22,4,ridge_h22_lags_1_2_3_4_5_10_22_roll10_alpha_0.001,5,2024-04-29,2024-04-30,2024-05-29,22,22,0.280143845696091
22,4,ridge_h22_lags_1_2_3_4_5_10_22_roll10_alpha_0.001,6,2024-05-29,2024-05-30,2024-06-28,22,22,0.1206829121152837
22,4,ridge_h22_lags_1_2_3_4_5_10_22_roll10_alpha_0.001,7,2024-06-28,2024-07-01,2024-07-30,22,22,0.14381155695931097
22,4,ridge_h22_lags_1_2_3_4_5_10_22_roll10_alpha_0.001,8,2024-07-30,2024-07-31,2024-08-29,22,22,0.15907510354209822
22,4,ridge_h22_lags_1_2_3_4_5_10_22_roll10_alpha_0.001,9,2024-08-29,2024-08-30,2024-09-30,22,22,0.17158580956138483
22,4,ridge_h22_lags_1_2_3_4_5_10_22_roll10_alpha_0.001,10,2024-09-30,2024-10-01,2024-10-30,22,22,0.2346714684364649
22,4,ridge_h22_lags_1_2_3_4_5_10_22_roll10_alpha_0.001,11,2024-10-30,2024-10-31,2024-11-29,22,22,0.0957000618645197
22,4,ridge_h22_lags_1_2_3_4_5_10_22_roll10_alpha_0.001,12,2024-11-29,2024-12-02,2024-12-31,22,21,0.1973434138186272
22,5,ridge_h22_lags_1_2_3_4_5_10_22_roll10_alpha_0.001,1,2023-12-27,2023-12-28,2024-01-26,22,21,0.15790135278175968
22,5,ridge_h22_lags_1_2_3_4_5_10_22_roll10_alpha_0.001,2,2024-01-26,2024-01-29,2024-02-27,22,18,0.09085405312841083
22,5,ridge_h22_lags_1_2_3_4_5_10_22_roll10_alpha_0.001,3,2024-02-27,2024-02-28,2024-03-28,22,22,0.0616639885160837
22,5,ridge_h22_lags_1_2_3_4_5_10_22_roll10_alpha_0.001,4,2024-03-28,2024-03-29,2024-04-29,22,22,0.17467205621112722
22,5,ridge_h22_lags_1_2_3_4_5_10_22_roll10_alpha_0.001,5,2024-04-29,2024-04-30,2024-05-29,22,22,0.19762931103783785
22,5,ridge_h22_lags_1_2_3_4_5_10_22_roll10_alpha_0.001,6,2024-05-29,2024-05-30,2024-06-28,22,22,0.06800804156432493
22,5,ridge_h22_lags_1_2_3_4_5_10_22_roll10_alpha_0.001,7,2024-06-28,2024-07-01,2024-07-30,22,22,0.09796970531466709
22,5,ridge_h22_lags_1_2_3_4_5_10_22_roll10_alpha_0.001,8,2024-07-30,2024-07-31,2024-08-29,22,22,0.09484152856130224
22,5,ridge_h22_lags_1_2_3_4_5_10_22_roll10_alpha_0.001,9,2024-08-29,2024-08-30,2024-09-30,22,22,0.08156422472887748
22,5,ridge_h22_lags_1_2_3_4_5_10_22_roll10_alpha_0.001,10,2024-09-30,2024-10-01,2024-10-30,22,22,0.06382466732362185
22,5,ridge_h22_lags_1_2_3_4_5_10_22_roll10_alpha_0.001,11,2024-10-30,2024-10-31,2024-11-29,22,22,0.09711810063472229
22,5,ridge_h22_lags_1_2_3_4_5_10_22_roll10_alpha_0.001,12,2024-11-29,2024-12-02,2024-12-31,22,21,0.06547353942430344
22,6,ridge_h22_lags_1_2_3_4_5_10_22_roll10_alpha_0.001,1,2023-12-27,2023-12-28,2024-01-26,22,21,0.11407378504429264
22,6,ridge_h22_lags_1_2_3_4_5_10_22_roll10_alpha_0.001,2,2024-01-26,2024-01-29,2024-02-27,22,18,0.12102051816868435
22,6,ridge_h22_lags_1_2_3_4_5_10_22_roll10_alpha_0.001,3,2024-02-27,2024-02-28,2024-03-28,22,22,0.15644290780493125
22,6,ridge_h22_lags_1_2_3_4_5_10_22_roll10_alpha_0.001,4,2024-03-28,2024-03-29,2024-04-29,22,22,0.154720166261476
22,6,ridge_h22_lags_1_2_3_4_5_10_22_roll10_alpha_0.001,5,2024-04-29,2024-04-30,2024-05-29,22,22,0.21004974224503004
22,6,ridge_h22_lags_1_2_3_4_5_10_22_roll10_alpha_0.001,6,2024-05-29,2024-05-30,2024-06-28,22,22,0.14164920516290286
22,6,ridge_h22_lags_1_2_3_4_5_10_22_roll10_alpha_0.001,7,2024-06-28,2024-07-01,2024-07-30,22,22,0.10557694403057173
22,6,ridge_h22_lags_1_2_3_4_5_10_22_roll10_alpha_0.001,8,2024-07-30,2024-07-31,2024-08-29,22,22,0.1674481785179191
22,6,ridge_h22_lags_1_2_3_4_5_10_22_roll10_alpha_0.001,9,2024-08-29,2024-08-30,2024-09-30,22,22,0.1061398027682745
22,6,ridge_h22_lags_1_2_3_4_5_10_22_roll10_alpha_0.001,10,2024-09-30,2024-10-01,2024-10-30,22,22,0.0786220951278966
22,6,ridge_h22_lags_1_2_3_4_5_10_22_roll10_alpha_0.001,11,2024-10-30,2024-10-31,2024-11-29,22,22,0.09524757314718604
22,6,ridge_h22_lags_1_2_3_4_5_10_22_roll10_alpha_0.001,12,2024-11-29,2024-12-02,2024-12-31,22,21,0.1880873109441848
22,7,ridge_h22_lags_1_2_3_4_5_10_22_roll10_alpha_0.001,1,2023-12-27,2023-12-28,2024-01-26,22,21,0.20100481917745464
22,7,ridge_h22_lags_1_2_3_4_5_10_22_roll10_alpha_0.001,2,2024-01-26,2024-01-29,2024-02-27,22,18,0.2054107142368742
22,7,ridge_h22_lags_1_2_3_4_5_10_22_roll10_alpha_0.001,3,2024-02-27,2024-02-28,2024-03-28,22,22,0.16708254116757743
22,7,ridge_h22_lags_1_2_3_4_5_10_22_roll10_alpha_0.001,4,2024-03-28,2024-03-29,2024-04-29,22,22,0.26470575457303736
22,7,ridge_h22_lags_1_2_3_4_5_10_22_roll10_alpha_0.001,5,2024-04-29,2024-04-30,2024-05-29,22,22,0.2747893735196324
22,7,ridge_h22_lags_1_2_3_4_5_10_22_roll10_alpha_0.001,6,2024-05-29,2024-05-30,2024-06-28,22,22,0.17062226067622102
22,7,ridge_h22_lags_1_2_3_4_5_10_22_roll10_alpha_0.001,7,2024-06-28,2024-07-01,2024-07-30,22,22,0.14992778059802175
22,7,ridge_h22_lags_1_2_3_4_5_10_22_roll10_alpha_0.001,8,2024-07-30,2024-07-31,2024-08-29,22,22,0.32337545117178235
22,7,ridge_h22_lags_1_2_3_4_5_10_22_roll10_alpha_0.001,9,2024-08-29,2024-08-30,2024-09-30,22,22,0.2693853321182376
22,7,ridge_h22_lags_1_2_3_4_5_10_22_roll10_alpha_0.001,10,2024-09-30,2024-10-01,2024-10-30,22,22,0.4173035262116477
22,7,ridge_h22_lags_1_2_3_4_5_10_22_roll10_alpha_0.001,11,2024-10-30,2024-10-31,2024-11-29,22,22,0.32163594651356564
22,7,ridge_h22_lags_1_2_3_4_5_10_22_roll10_alpha_0.001,12,2024-11-29,2024-12-02,2024-12-31,22,21,0.2974857989570894
22,8,ridge_h22_lags_1_2_3_4_5_10_22_roll10_alpha_0.001,1,2023-12-27,2023-12-28,2024-01-26,22,21,0.2800299638570951
22,8,ridge_h22_lags_1_2_3_4_5_10_22_roll10_alpha_0.001,2,2024-01-26,2024-01-29,2024-02-27,22,18,0.348317573695654
22,8,ridge_h22_lags_1_2_3_4_5_10_22_roll10_alpha_0.001,3,2024-02-27,2024-02-28,2024-03-28,22,22,0.2226836063432299
22,8,ridge_h22_lags_1_2_3_4_5_10_22_roll10_alpha_0.001,4,2024-03-28,2024-03-29,2024-04-29,22,22,0.5076877843776025
22,8,ridge_h22_lags_1_2_3_4_5_10_22_roll10_alpha_0.001,5,2024-04-29,2024-04-30,2024-05-29,22,22,0.24689585673578765
22,8,ridge_h22_lags_1_2_3_4_5_10_22_roll10_alpha_0.001,6,2024-05-29,2024-05-30,2024-06-28,22,22,0.08935419410782902
22,8,ridge_h22_lags_1_2_3_4_5_10_22_roll10_alpha_0.001,7,2024-06-28,2024-07-01,2024-07-30,22,22,0.14683260480787214
22,8,ridge_h22_lags_1_2_3_4_5_10_22_roll10_alpha_0.001,8,2024-07-30,2024-07-31,2024-08-29,22,22,0.1560854779856285
22,8,ridge_h22_lags_1_2_3_4_5_10_22_roll10_alpha_0.001,9,2024-08-29,2024-08-30,2024-09-30,22,22,0.1246595255121805
22,8,ridge_h22_lags_1_2_3_4_5_10_22_roll10_alpha_0.001,10,2024-09-30,2024-10-01,2024-10-30,22,22,0.07698602039939283
22,8,ridge_h22_lags_1_2_3_4_5_10_22_roll10_alpha_0.001,11,2024-10-30,2024-10-31,2024-11-29,22,22,0.12165653501689991
22,8,ridge_h22_lags_1_2_3_4_5_10_22_roll10_alpha_0.001,12,2024-11-29,2024-12-02,2024-12-31,22,21,0.1024727031249759
22,9,ridge_h22_lags_1_2_3_4_5_10_22_roll10_alpha_0.001,1,2023-12-27,2023-12-28,2024-01-26,22,21,0.174738672034336
22,9,ridge_h22_lags_1_2_3_4_5_10_22_roll10_alpha_0.001,2,2024-01-26,2024-01-29,2024-02-27,22,18,0.24226297021169704
22,9,ridge_h22_lags_1_2_3_4_5_10_22_roll10_alpha_0.001,3,2024-02-27,2024-02-28,2024-03-28,22,22,0.12956414741331146
22,9,ridge_h22_lags_1_2_3_4_5_10_22_roll10_alpha_0.001,4,2024-03-28,2024-03-29,2024-04-29,22,22,0.3499508370146353
22,9,ridge_h22_lags_1_2_3_4_5_10_22_roll10_alpha_0.001,5,2024-04-29,2024-04-30,2024-05-29,22,22,0.40090826640826105
22,9,ridge_h22_lags_1_2_3_4_5_10_22_roll10_alpha_0.001,6,2024-05-29,2024-05-30,2024-06-28,22,22,0.11129222896620249
22,9,ridge_h22_lags_1_2_3_4_5_10_22_roll10_alpha_0.001,7,2024-06-28,2024-07-01,2024-07-30,22,22,0.23369006496939643
22,9,ridge_h22_lags_1_2_3_4_5_10_22_roll10_alpha_0.001,8,2024-07-30,2024-07-31,2024-08-29,22,22,0.13822607782619648
22,9,ridge_h22_lags_1_2_3_4_5_10_22_roll10_alpha_0.001,9,2024-08-29,2024-08-30,2024-09-30,22,22,0.11856303408391185
22,9,ridge_h22_lags_1_2_3_4_5_10_22_roll10_alpha_0.001,10,2024-09-30,2024-10-01,2024-10-30,22,22,0.10444551571732216
22,9,ridge_h22_lags_1_2_3_4_5_10_22_roll10_alpha_0.001,11,2024-10-30,2024-10-31,2024-11-29,22,22,0.1089281218840929
22,9,ridge_h22_lags_1_2_3_4_5_10_22_roll10_alpha_0.001,12,2024-11-29,2024-12-02,2024-12-31,22,21,0.12091701882872484
22,10,ridge_h22_lags_1_2_3_4_5_10_22_roll10_alpha_0.001,1,2023-12-27,2023-12-28,2024-01-26,22,21,0.10842576734287353
22,10,ridge_h22_lags_1_2_3_4_5_10_22_roll10_alpha_0.001,2,2024-01-26,2024-01-29,2024-02-27,22,18,0.19913330695371737
22,10,ridge_h22_lags_1_2_3_4_5_10_22_roll10_alpha_0.001,3,2024-02-27,2024-02-28,2024-03-28,22,22,0.09693662457185996
22,10,ridge_h22_lags_1_2_3_4_5_10_22_roll10_alpha_0.001,4,2024-03-28,2024-03-29,2024-04-29,22,22,0.15017787592329693
22,10,ridge_h22_lags_1_2_3_4_5_10_22_roll10_alpha_0.001,5,2024-04-29,2024-04-30,2024-05-29,22,22,0.16224969377842838
22,10,ridge_h22_lags_1_2_3_4_5_10_22_roll10_alpha_0.001,6,2024-05-29,2024-05-30,2024-06-28,22,22,0.1199001827402892
22,10,ridge_h22_lags_1_2_3_4_5_10_22_roll10_alpha_0.001,7,2024-06-28,2024-07-01,2024-07-30,22,22,0.0819057495237896
22,10,ridge_h22_lags_1_2_3_4_5_10_22_roll10_alpha_0.001,8,2024-07-30,2024-07-31,2024-08-29,22,22,0.1060999892395008
22,10,ridge_h22_lags_1_2_3_4_5_10_22_roll10_alpha_0.001,9,2024-08-29,2024-08-30,2024-09-30,22,22,0.06733749116634906
22,10,ridge_h22_lags_1_2_3_4_5_10_22_roll10_alpha_0.001,10,2024-09-30,2024-10-01,2024-10-30,22,22,0.12585854240113134
22,10,ridge_h22_lags_1_2_3_4_5_10_22_roll10_alpha_0.001,11,2024-10-30,2024-10-31,2024-11-29,22,22,0.07453393635518553
22,10,ridge_h22_lags_1_2_3_4_5_10_22_roll10_alpha_0.001,12,2024-11-29,2024-12-02,2024-12-31,22,21,0.09595033529711089
22,11,ridge_h22_lags_1_2_3_4_5_10_22_roll10_alpha_0.001,1,2023-12-27,2023-12-28,2024-01-26,22,21,0.9550750925974555
22,11,ridge_h22_lags_1_2_3_4_5_10_22_roll10_alpha_0.001,2,2024-01-26,2024-01-29,2024-02-27,22,18,0.8661019024999242
22,11,ridge_h22_lags_1_2_3_4_5_10_22_roll10_alpha_0.001,3,2024-02-27,2024-02-28,2024-03-28,22,22,0.2464500444638243
22,11,ridge_h22_lags_1_2_3_4_5_10_22_roll10_alpha_0.001,4,2024-03-28,2024-03-29,2024-04-29,22,22,0.31166579901717323
22,11,ridge_h22_lags_1_2_3_4_5_10_22_roll10_alpha_0.001,5,2024-04-29,2024-04-30,2024-05-29,22,22,0.43702313586641245
22,11,ridge_h22_lags_1_2_3_4_5_10_22_roll10_alpha_0.001,6,2024-05-29,2024-05-30,2024-06-28,22,22,0.22268306132581256
22,11,ridge_h22_lags_1_2_3_4_5_10_22_roll10_alpha_0.001,7,2024-06-28,2024-07-01,2024-07-30,22,22,0.16021249227582565
22,11,ridge_h22_lags_1_2_3_4_5_10_22_roll10_alpha_0.001,8,2024-07-30,2024-07-31,2024-08-29,22,22,0.19900413819629553
22,11,ridge_h22_lags_1_2_3_4_5_10_22_roll10_alpha_0.001,9,2024-08-29,2024-08-30,2024-09-30,22,22,0.2654520292653919
22,11,ridge_h22_lags_1_2_3_4_5_10_22_roll10_alpha_0.001,10,2024-09-30,2024-10-01,2024-10-30,22,22,0.1283138882517526
22,11,ridge_h22_lags_1_2_3_4_5_10_22_roll10_alpha_0.001,11,2024-10-30,2024-10-31,2024-11-29,22,22,0.4516767227517617
22,11,ridge_h22_lags_1_2_3_4_5_10_22_roll10_alpha_0.001,12,2024-11-29,2024-12-02,2024-12-31,22,21,1.6648981133879897
22,12,ridge_h22_lags_1_2_3_4_5_10_22_roll10_alpha_0.001,1,2023-12-27,2023-12-28,2024-01-26,22,21,0.9444517337430474
22,12,ridge_h22_lags_1_2_3_4_5_10_22_roll10_alpha_0.001,2,2024-01-26,2024-01-29,2024-02-27,22,18,1.4335688801554514
22,12,ridge_h22_lags_1_2_3_4_5_10_22_roll10_alpha_0.001,3,2024-02-27,2024-02-28,2024-03-28,22,22,1.861482431395082
22,12,ridge_h22_lags_1_2_3_4_5_10_22_roll10_alpha_0.001,4,2024-03-28,2024-03-29,2024-04-29,22,22,1.784978550326888
22,12,ridge_h22_lags_1_2_3_4_5_10_22_roll10_alpha_0.001,5,2024-04-29,2024-04-30,2024-05-29,22,22,1.1424352513806204
22,12,ridge_h22_lags_1_2_3_4_5_10_22_roll10_alpha_0.001,6,2024-05-29,2024-05-30,2024-06-28,22,22,0.9974737826449172
22,12,ridge_h22_lags_1_2_3_4_5_10_22_roll10_alpha_0.001,7,2024-06-28,2024-07-01,2024-07-30,22,22,1.205369883840636
22,12,ridge_h22_lags_1_2_3_4_5_10_22_roll10_alpha_0.001,8,2024-07-30,2024-07-31,2024-08-29,22,22,1.3010077621376448
22,12,ridge_h22_lags_1_2_3_4_5_10_22_roll10_alpha_0.001,9,2024-08-29,2024-08-30,2024-09-30,22,22,0.9050696841256446
22,12,ridge_h22_lags_1_2_3_4_5_10_22_roll10_alpha_0.001,10,2024-09-30,2024-10-01,2024-10-30,22,22,0.9588561176298284
22,12,ridge_h22_lags_1_2_3_4_5_10_22_roll10_alpha_0.001,11,2024-10-30,2024-10-31,2024-11-29,22,22,0.7494905442814235
22,12,ridge_h22_lags_1_2_3_4_5_10_22_roll10_alpha_0.001,12,2024-11-29,2024-12-02,2024-12-31,22,21,1.369067661726004
22,13,ridge_h22_lags_1_2_3_4_5_10_22_roll10_alpha_0.001,1,2023-12-27,2023-12-28,2024-01-26,22,21,2.0
22,13,ridge_h22_lags_1_2_3_4_5_10_22_roll10_alpha_0.001,2,2024-01-26,2024-01-29,2024-02-27,22,18,1.9774665472036983
22,13,ridge_h22_lags_1_2_3_4_5_10_22_roll10_alpha_0.001,3,2024-02-27,2024-02-28,2024-03-28,22,22,1.7671189838986683
22,13,ridge_h22_lags_1_2_3_4_5_10_22_roll10_alpha_0.001,4,2024-03-28,2024-03-29,2024-04-29,22,22,1.6454789793126754
22,13,ridge_h22_lags_1_2_3_4_5_10_22_roll10_alpha_0.001,5,2024-04-29,2024-04-30,2024-05-29,22,22,1.3550314234748209
22,13,ridge_h22_lags_1_2_3_4_5_10_22_roll10_alpha_0.001,6,2024-05-29,2024-05-30,2024-06-28,22,22,1.9199395513400324
22,13,ridge_h22_lags_1_2_3_4_5_10_22_roll10_alpha_0.001,7,2024-06-28,2024-07-01,2024-07-30,22,22,1.8263660496663672
22,13,ridge_h22_lags_1_2_3_4_5_10_22_roll10_alpha_0.001,8,2024-07-30,2024-07-31,2024-08-29,22,22,1.6806740799913156
22,13,ridge_h22_lags_1_2_3_4_5_10_22_roll10_alpha_0.001,9,2024-08-29,2024-08-30,2024-09-30,22,22,1.708398388442793
22,13,ridge_h22_lags_1_2_3_4_5_10_22_roll10_alpha_0.001,10,2024-09-30,2024-10-01,2024-10-30,22,22,1.82694999092759
22,13,ridge_h22_lags_1_2_3_4_5_10_22_roll10_alpha_0.001,11,2024-10-30,2024-10-31,2024-11-29,22,22,2.0
22,13,ridge_h22_lags_1_2_3_4_5_10_22_roll10_alpha_0.001,12,2024-11-29,2024-12-02,2024-12-31,22,21,1.918918750992674
22,1,ridge_h22_lags_1_2_3_4_5_10_22_roll22_alpha_0.001,1,2023-12-27,2023-12-28,2024-01-26,22,21,0.19606744436012147
22,1,ridge_h22_lags_1_2_3_4_5_10_22_roll22_alpha_0.001,2,2024-01-26,2024-01-29,2024-02-27,22,18,0.06458769640407547
22,1,ridge_h22_lags_1_2_3_4_5_10_22_roll22_alpha_0.001,3,2024-02-27,2024-02-28,2024-03-28,22,22,0.093692358917888
22,1,ridge_h22_lags_1_2_3_4_5_10_22_roll22_alpha_0.001,4,2024-03-28,2024-03-29,2024-04-29,22,22,0.1312597316482561
22,1,ridge_h22_lags_1_2_3_4_5_10_22_roll22_alpha_0.001,5,2024-04-29,2024-04-30,2024-05-29,22,22,0.13070285149039773
22,1,ridge_h22_lags_1_2_3_4_5_10_22_roll22_alpha_0.001,6,2024-05-29,2024-05-30,2024-06-28,22,22,0.0959513935650044
22,1,ridge_h22_lags_1_2_3_4_5_10_22_roll22_alpha_0.001,7,2024-06-28,2024-07-01,2024-07-30,22,22,0.07852450618909428
22,1,ridge_h22_lags_1_2_3_4_5_10_22_roll22_alpha_0.001,8,2024-07-30,2024-07-31,2024-08-29,22,22,0.08859313064834182
22,1,ridge_h22_lags_1_2_3_4_5_10_22_roll22_alpha_0.001,9,2024-08-29,2024-08-30,2024-09-30,22,22,0.1566944581583828
22,1,ridge_h22_lags_1_2_3_4_5_10_22_roll22_alpha_0.001,10,2024-09-30,2024-10-01,2024-10-30,22,22,0.13313923831394847
22,1,ridge_h22_lags_1_2_3_4_5_10_22_roll22_alpha_0.001,11,2024-10-30,2024-10-31,2024-11-29,22,22,0.15946293967302855
22,1,ridge_h22_lags_1_2_3_4_5_10_22_roll22_alpha_0.001,12,2024-11-29,2024-12-02,2024-12-31,22,21,0.06213914438146405
22,2,ridge_h22_lags_1_2_3_4_5_10_22_roll22_alpha_0.001,1,2023-12-27,2023-12-28,2024-01-26,22,21,0.29431526856712914
22,2,ridge_h22_lags_1_2_3_4_5_10_22_roll22_alpha_0.001,2,2024-01-26,2024-01-29,2024-02-27,22,18,0.1509529062469129
22,2,ridge_h22_lags_1_2_3_4_5_10_22_roll22_alpha_0.001,3,2024-02-27,2024-02-28,2024-03-28,22,22,0.07910234409998128
22,2,ridge_h22_lags_1_2_3_4_5_10_22_roll22_alpha_0.001,4,2024-03-28,2024-03-29,2024-04-29,22,22,0.19080378299905254
22,2,ridge_h22_lags_1_2_3_4_5_10_22_roll22_alpha_0.001,5,2024-04-29,2024-04-30,2024-05-29,22,22,0.16565555506340682
22,2,ridge_h22_lags_1_2_3_4_5_10_22_roll22_alpha_0.001,6,2024-05-29,2024-05-30,2024-06-28,22,22,0.1520304712478663
22,2,ridge_h22_lags_1_2_3_4_5_10_22_roll22_alpha_0.001,7,2024-06-28,2024-07-01,2024-07-30,22,22,0.10183946456898073
22,2,ridge_h22_lags_1_2_3_4_5_10_22_roll22_alpha_0.001,8,2024-07-30,2024-07-31,2024-08-29,22,22,0.08042274800600206
22,2,ridge_h22_lags_1_2_3_4_5_10_22_roll22_alpha_0.001,9,2024-08-29,2024-08-30,2024-09-30,22,22,0.06832748439776382
22,2,ridge_h22_lags_1_2_3_4_5_10_22_roll22_alpha_0.001,10,2024-09-30,2024-10-01,2024-10-30,22,22,0.13305236663612827
22,2,ridge_h22_lags_1_2_3_4_5_10_22_roll22_alpha_0.001,11,2024-10-30,2024-10-31,2024-11-29,22,22,0.1244365030562495
22,2,ridge_h22_lags_1_2_3_4_5_10_22_roll22_alpha_0.001,12,2024-11-29,2024-12-02,2024-12-31,22,21,0.18544042628022708
22,3,ridge_h22_lags_1_2_3_4_5_10_22_roll22_alpha_0.001,1,2023-12-27,2023-12-28,2024-01-26,22,21,0.10725831488622391
22,3,ridge_h22_lags_1_2_3_4_5_10_22_roll22_alpha_0.001,2,2024-01-26,2024-01-29,2024-02-27,22,18,0.11836466438883247
22,3,ridge_h22_lags_1_2_3_4_5_10_22_roll22_alpha_0.001,3,2024-02-27,2024-02-28,2024-03-28,22,22,0.07305373567543844
22,3,ridge_h22_lags_1_2_3_4_5_10_22_roll22_alpha_0.001,4,2024-03-28,2024-03-29,2024-04-29,22,22,0.20312960839672964
22,3,ridge_h22_lags_1_2_3_4_5_10_22_roll22_alpha_0.001,5,2024-04-29,2024-04-30,2024-05-29,22,22,0.2152379378524318
22,3,ridge_h22_lags_1_2_3_4_5_10_22_roll22_alpha_0.001,6,2024-05-29,2024-05-30,2024-06-28,22,22,0.07772980065975489
22,3,ridge_h22_lags_1_2_3_4_5_10_22_roll22_alpha_0.001,7,2024-06-28,2024-07-01,2024-07-30,22,22,0.11738645315956711
22,3,ridge_h22_lags_1_2_3_4_5_10_22_roll22_alpha_0.001,8,2024-07-30,2024-07-31,2024-08-29,22,22,0.2049258361422123
22,3,ridge_h22_lags_1_2_3_4_5_10_22_roll22_alpha_0.001,9,2024-08-29,2024-08-30,2024-09-30,22,22,0.16245137663378606
22,3,ridge_h22_lags_1_2_3_4_5_10_22_roll22_alpha_0.001,10,2024-09-30,2024-10-01,2024-10-30,22,22,0.10102606341944856
22,3,ridge_h22_lags_1_2_3_4_5_10_22_roll22_alpha_0.001,11,2024-10-30,2024-10-31,2024-11-29,22,22,0.08412546001237388
22,3,ridge_h22_lags_1_2_3_4_5_10_22_roll22_alpha_0.001,12,2024-11-29,2024-12-02,2024-12-31,22,21,0.2906354699709159
22,4,ridge_h22_lags_1_2_3_4_5_10_22_roll22_alpha_0.001,1,2023-12-27,2023-12-28,2024-01-26,22,21,0.16996686513051246
22,4,ridge_h22_lags_1_2_3_4_5_10_22_roll22_alpha_0.001,2,2024-01-26,2024-01-29,2024-02-27,22,18,0.08572397612388581
22,4,ridge_h22_lags_1_2_3_4_5_10_22_roll22_alpha_0.001,3,2024-02-27,2024-02-28,2024-03-28,22,22,0.08697324229232789
22,4,ridge_h22_lags_1_2_3_4_5_10_22_roll22_alpha_0.001,4,2024-03-28,2024-03-29,2024-04-29,22,22,0.18461706718903562
22,4,ridge_h22_lags_1_2_3_4_5_10_22_roll22_alpha_0.001,5,2024-04-29,2024-04-30,2024-05-29,22,22,0.20830541670543143
22,4,ridge_h22_lags_1_2_3_4_5_10_22_roll22_alpha_0.001,6,2024-05-29,2024-05-30,2024-06-28,22,22,0.09594735191377124
22,4,ridge_h22_lags_1_2_3_4_5_10_22_roll22_alpha_0.001,7,2024-06-28,2024-07-01,2024-07-30,22,22,0.12827792379598799
22,4,ridge_h22_lags_1_2_3_4_5_10_22_roll22_alpha_0.001,8,2024-07-30,2024-07-31,2024-08-29,22,22,0.151998973846536
22,4,ridge_h22_lags_1_2_3_4_5_10_22_roll22_alpha_0.001,9,2024-08-29,2024-08-30,2024-09-30,22,22,0.15308511554062337
22,4,ridge_h22_lags_1_2_3_4_5_10_22_roll22_alpha_0.001,10,2024-09-30,2024-10-01,2024-10-30,22,22,0.2050028902808578
22,4,ridge_h22_lags_1_2_3_4_5_10_22_roll22_alpha_0.001,11,2024-10-30,2024-10-31,2024-11-29,22,22,0.10167928935059342
22,4,ridge_h22_lags_1_2_3_4_5_10_22_roll22_alpha_0.001,12,2024-11-29,2024-12-02,2024-12-31,22,21,0.19878687363379893
22,5,ridge_h22_lags_1_2_3_4_5_10_22_roll22_alpha_0.001,1,2023-12-27,2023-12-28,2024-01-26,22,21,0.11135926598543765
22,5,ridge_h22_lags_1_2_3_4_5_10_22_roll22_alpha_0.001,2,2024-01-26,2024-01-29,2024-02-27,22,18,0.06497999837614778
22,5,ridge_h22_lags_1_2_3_4_5_10_22_roll22_alpha_0.001,3,2024-02-27,2024-02-28,2024-03-28,22,22,0.07177837609097568
22,5,ridge_h22_lags_1_2_3_4_5_10_22_roll22_alpha_0.001,4,2024-03-28,2024-03-29,2024-04-29,22,22,0.16824191351142992
22,5,ridge_h22_lags_1_2_3_4_5_10_22_roll22_alpha_0.001,5,2024-04-29,2024-04-30,2024-05-29,22,22,0.21105197698585978
22,5,ridge_h22_lags_1_2_3_4_5_10_22_roll22_alpha_0.001,6,2024-05-29,2024-05-30,2024-06-28,22,22,0.08064073445575706
22,5,ridge_h22_lags_1_2_3_4_5_10_22_roll22_alpha_0.001,7,2024-06-28,2024-07-01,2024-07-30,22,22,0.09892036877358858
22,5,ridge_h22_lags_1_2_3_4_5_10_22_roll22_alpha_0.001,8,2024-07-30,2024-07-31,2024-08-29,22,22,0.09666016358938126
22,5,ridge_h22_lags_1_2_3_4_5_10_22_roll22_alpha_0.001,9,2024-08-29,2024-08-30,2024-09-30,22,22,0.08695957314504084
22,5,ridge_h22_lags_1_2_3_4_5_10_22_roll22_alpha_0.001,10,2024-09-30,2024-10-01,2024-10-30,22,22,0.06612678720214821
22,5,ridge_h22_lags_1_2_3_4_5_10_22_roll22_alpha_0.001,11,2024-10-30,2024-10-31,2024-11-29,22,22,0.09892690031151785
22,5,ridge_h22_lags_1_2_3_4_5_10_22_roll22_alpha_0.001,12,2024-11-29,2024-12-02,2024-12-31,22,21,0.06653806659088903
22,6,ridge_h22_lags_1_2_3_4_5_10_22_roll22_alpha_0.001,1,2023-12-27,2023-12-28,2024-01-26,22,21,0.10549719636087915
22,6,ridge_h22_lags_1_2_3_4_5_10_22_roll22_alpha_0.001,2,2024-01-26,2024-01-29,2024-02-27,22,18,0.12881199318446876
22,6,ridge_h22_lags_1_2_3_4_5_10_22_roll22_alpha_0.001,3,2024-02-27,2024-02-28,2024-03-28,22,22,0.14644894310636875
22,6,ridge_h22_lags_1_2_3_4_5_10_22_roll22_alpha_0.001,4,2024-03-28,2024-03-29,2024-04-29,22,22,0.15251042864655817
22,6,ridge_h22_lags_1_2_3_4_5_10_22_roll22_alpha_0.001,5,2024-04-29,2024-04-30,2024-05-29,22,22,0.20635597314831716
22,6,ridge_h22_lags_1_2_3_4_5_10_22_roll22_alpha_0.001,6,2024-05-29,2024-05-30,2024-06-28,22,22,0.14341473774347652
22,6,ridge_h22_lags_1_2_3_4_5_10_22_roll22_alpha_0.001,7,2024-06-28,2024-07-01,2024-07-30,22,22,0.10214152115676463
22,6,ridge_h22_lags_1_2_3_4_5_10_22_roll22_alpha_0.001,8,2024-07-30,2024-07-31,2024-08-29,22,22,0.16336948019359207
22,6,ridge_h22_lags_1_2_3_4_5_10_22_roll22_alpha_0.001,9,2024-08-29,2024-08-30,2024-09-30,22,22,0.11132100103977906
22,6,ridge_h22_lags_1_2_3_4_5_10_22_roll22_alpha_0.001,10,2024-09-30,2024-10-01,2024-10-30,22,22,0.0795674101741563
22,6,ridge_h22_lags_1_2_3_4_5_10_22_roll22_alpha_0.001,11,2024-10-30,2024-10-31,2024-11-29,22,22,0.09440359120965493
22,6,ridge_h22_lags_1_2_3_4_5_10_22_roll22_alpha_0.001,12,2024-11-29,2024-12-02,2024-12-31,22,21,0.1815120509527113
22,7,ridge_h22_lags_1_2_3_4_5_10_22_roll22_alpha_0.001,1,2023-12-27,2023-12-28,2024-01-26,22,21,0.19157369773851068
22,7,ridge_h22_lags_1_2_3_4_5_10_22_roll22_alpha_0.001,2,2024-01-26,2024-01-29,2024-02-27,22,18,0.2076067755997397
22,7,ridge_h22_lags_1_2_3_4_5_10_22_roll22_alpha_0.001,3,2024-02-27,2024-02-28,2024-03-28,22,22,0.1643255399038916
22,7,ridge_h22_lags_1_2_3_4_5_10_22_roll22_alpha_0.001,4,2024-03-28,2024-03-29,2024-04-29,22,22,0.2663541254875912
22,7,ridge_h22_lags_1_2_3_4_5_10_22_roll22_alpha_0.001,5,2024-04-29,2024-04-30,2024-05-29,22,22,0.2664256442609852
22,7,ridge_h22_lags_1_2_3_4_5_10_22_roll22_alpha_0.001,6,2024-05-29,2024-05-30,2024-06-28,22,22,0.17021103641742716
22,7,ridge_h22_lags_1_2_3_4_5_10_22_roll22_alpha_0.001,7,2024-06-28,2024-07-01,2024-07-30,22,22,0.15112321930355885
22,7,ridge_h22_lags_1_2_3_4_5_10_22_roll22_alpha_0.001,8,2024-07-30,2024-07-31,2024-08-29,22,22,0.3225760328751111
22,7,ridge_h22_lags_1_2_3_4_5_10_22_roll22_alpha_0.001,9,2024-08-29,2024-08-30,2024-09-30,22,22,0.259699929243456
22,7,ridge_h22_lags_1_2_3_4_5_10_22_roll22_alpha_0.001,10,2024-09-30,2024-10-01,2024-10-30,22,22,0.4029260415695441
22,7,ridge_h22_lags_1_2_3_4_5_10_22_roll22_alpha_0.001,11,2024-10-30,2024-10-31,2024-11-29,22,22,0.27023539061368246
22,7,ridge_h22_lags_1_2_3_4_5_10_22_roll22_alpha_0.001,12,2024-11-29,2024-12-02,2024-12-31,22,21,0.2809993370083862
22,8,ridge_h22_lags_1_2_3_4_5_10_22_roll22_alpha_0.001,1,2023-12-27,2023-12-28,2024-01-26,22,21,0.2733080209015003
22,8,ridge_h22_lags_1_2_3_4_5_10_22_roll22_alpha_0.001,2,2024-01-26,2024-01-29,2024-02-27,22,18,0.3388830557633535
22,8,ridge_h22_lags_1_2_3_4_5_10_22_roll22_alpha_0.001,3,2024-02-27,2024-02-28,2024-03-28,22,22,0.2200134981499236
22,8,ridge_h22_lags_1_2_3_4_5_10_22_roll22_alpha_0.001,4,2024-03-28,2024-03-29,2024-04-29,22,22,0.49688307495922573
22,8,ridge_h22_lags_1_2_3_4_5_10_22_roll22_alpha_0.001,5,2024-04-29,2024-04-30,2024-05-29,22,22,0.26891839197715134
22,8,ridge_h22_lags_1_2_3_4_5_10_22_roll22_alpha_0.001,6,2024-05-29,2024-05-30,2024-06-28,22,22,0.08714914955457784
22,8,ridge_h22_lags_1_2_3_4_5_10_22_roll22_alpha_0.001,7,2024-06-28,2024-07-01,2024-07-30,22,22,0.14881057002180836
22,8,ridge_h22_lags_1_2_3_4_5_10_22_roll22_alpha_0.001,8,2024-07-30,2024-07-31,2024-08-29,22,22,0.15040262722212985
22,8,ridge_h22_lags_1_2_3_4_5_10_22_roll22_alpha_0.001,9,2024-08-29,2024-08-30,2024-09-30,22,22,0.12572978610396812
22,8,ridge_h22_lags_1_2_3_4_5_10_22_roll22_alpha_0.001,10,2024-09-30,2024-10-01,2024-10-30,22,22,0.08011595068730806
22,8,ridge_h22_lags_1_2_3_4_5_10_22_roll22_alpha_0.001,11,2024-10-30,2024-10-31,2024-11-29,22,22,0.1217205196127737
22,8,ridge_h22_lags_1_2_3_4_5_10_22_roll22_alpha_0.001,12,2024-11-29,2024-12-02,2024-12-31,22,21,0.10501799879337405
22,9,ridge_h22_lags_1_2_3_4_5_10_22_roll22_alpha_0.001,1,2023-12-27,2023-12-28,2024-01-26,22,21,0.12143400569232074
22,9,ridge_h22_lags_1_2_3_4_5_10_22_roll22_alpha_0.001,2,2024-01-26,2024-01-29,2024-02-27,22,18,0.2532184832506023
22,9,ridge_h22_lags_1_2_3_4_5_10_22_roll22_alpha_0.001,3,2024-02-27,2024-02-28,2024-03-28,22,22,0.22518084660956586
22,9,ridge_h22_lags_1_2_3_4_5_10_22_roll22_alpha_0.001,4,2024-03-28,2024-03-29,2024-04-29,22,22,0.3491208736783931
22,9,ridge_h22_lags_1_2_3_4_5_10_22_roll22_alpha_0.001,5,2024-04-29,2024-04-30,2024-05-29,22,22,0.4014259017536451
22,9,ridge_h22_lags_1_2_3_4_5_10_22_roll22_alpha_0.001,6,2024-05-29,2024-05-30,2024-06-28,22,22,0.096063867183378
22,9,ridge_h22_lags_1_2_3_4_5_10_22_roll22_alpha_0.001,7,2024-06-28,2024-07-01,2024-07-30,22,22,0.25879656951135366
22,9,ridge_h22_lags_1_2_3_4_5_10_22_roll22_alpha_0.001,8,2024-07-30,2024-07-31,2024-08-29,22,22,0.1382703085517988
22,9,ridge_h22_lags_1_2_3_4_5_10_22_roll22_alpha_0.001,9,2024-08-29,2024-08-30,2024-09-30,22,22,0.12470755553366962
22,9,ridge_h22_lags_1_2_3_4_5_10_22_roll22_alpha_0.001,10,2024-09-30,2024-10-01,2024-10-30,22,22,0.09417638954227159
22,9,ridge_h22_lags_1_2_3_4_5_10_22_roll22_alpha_0.001,11,2024-10-30,2024-10-31,2024-11-29,22,22,0.10040994503183585
22,9,ridge_h22_lags_1_2_3_4_5_10_22_roll22_alpha_0.001,12,2024-11-29,2024-12-02,2024-12-31,22,21,0.12702313664174705
22,10,ridge_h22_lags_1_2_3_4_5_10_22_roll22_alpha_0.001,1,2023-12-27,2023-12-28,2024-01-26,22,21,0.1029406615969014
22,10,ridge_h22_lags_1_2_3_4_5_10_22_roll22_alpha_0.001,2,2024-01-26,2024-01-29,2024-02-27,22,18,0.20420139188393874
22,10,ridge_h22_lags_1_2_3_4_5_10_22_roll22_alpha_0.001,3,2024-02-27,2024-02-28,2024-03-28,22,22,0.08702969532138223
22,10,ridge_h22_lags_1_2_3_4_5_10_22_roll22_alpha_0.001,4,2024-03-28,2024-03-29,2024-04-29,22,22,0.1515804576593858
22,10,ridge_h22_lags_1_2_3_4_5_10_22_roll22_alpha_0.001,5,2024-04-29,2024-04-30,2024-05-29,22,22,0.16710615457053035
22,10,ridge_h22_lags_1_2_3_4_5_10_22_roll22_alpha_0.001,6,2024-05-29,2024-05-30,2024-06-28,22,22,0.14025165961239436
22,10,ridge_h22_lags_1_2_3_4_5_10_22_roll22_alpha_0.001,7,2024-06-28,2024-07-01,2024-07-30,22,22,0.08704709376039796
22,10,ridge_h22_lags_1_2_3_4_5_10_22_roll22_alpha_0.001,8,2024-07-30,2024-07-31,2024-08-29,22,22,0.10695013646907103
22,10,ridge_h22_lags_1_2_3_4_5_10_22_roll22_alpha_0.001,9,2024-08-29,2024-08-30,2024-09-30,22,22,0.07380764150933745
22,10,ridge_h22_lags_1_2_3_4_5_10_22_roll22_alpha_0.001,10,2024-09-30,2024-10-01,2024-10-30,22,22,0.12326690385645915
22,10,ridge_h22_lags_1_2_3_4_5_10_22_roll22_alpha_0.001,11,2024-10-30,2024-10-31,2024-11-29,22,22,0.07865298562865256
22,10,ridge_h22_lags_1_2_3_4_5_10_22_roll22_alpha_0.001,12,2024-11-29,2024-12-02,2024-12-31,22,21,0.09361589091410251
22,11,ridge_h22_lags_1_2_3_4_5_10_22_roll22_alpha_0.001,1,2023-12-27,2023-12-28,2024-01-26,22,21,0.9570819211533542
22,11,ridge_h22_lags_1_2_3_4_5_10_22_roll22_alpha_0.001,2,2024-01-26,2024-01-29,2024-02-27,22,18,0.8501250026149265
22,11,ridge_h22_lags_1_2_3_4_5_10_22_roll22_alpha_0.001,3,2024-02-27,2024-02-28,2024-03-28,22,22,0.24439684061904357
22,11,ridge_h22_lags_1_2_3_4_5_10_22_roll22_alpha_0.001,4,2024-03-28,2024-03-29,2024-04-29,22,22,0.3033362595949634
22,11,ridge_h22_lags_1_2_3_4_5_10_22_roll22_alpha_0.001,5,2024-04-29,2024-04-30,2024-05-29,22,22,0.4295792410883948
22,11,ridge_h22_lags_1_2_3_4_5_10_22_roll22_alpha_0.001,6,2024-05-29,2024-05-30,2024-06-28,22,22,0.20717863243182957
22,11,ridge_h22_lags_1_2_3_4_5_10_22_roll22_alpha_0.001,7,2024-06-28,2024-07-01,2024-07-30,22,22,0.1588293241707746
22,11,ridge_h22_lags_1_2_3_4_5_10_22_roll22_alpha_0.001,8,2024-07-30,2024-07-31,2024-08-29,22,22,0.191740172024288
22,11,ridge_h22_lags_1_2_3_4_5_10_22_roll22_alpha_0.001,9,2024-08-29,2024-08-30,2024-09-30,22,22,0.2546953647597803
22,11,ridge_h22_lags_1_2_3_4_5_10_22_roll22_alpha_0.001,10,2024-09-30,2024-10-01,2024-10-30,22,22,0.12412210554899883
22,11,ridge_h22_lags_1_2_3_4_5_10_22_roll22_alpha_0.001,11,2024-10-30,2024-10-31,2024-11-29,22,22,0.4503141907064313
22,11,ridge_h22_lags_1_2_3_4_5_10_22_roll22_alpha_0.001,12,2024-11-29,2024-12-02,2024-12-31,22,21,1.6664950674959171
22,12,ridge_h22_lags_1_2_3_4_5_10_22_roll22_alpha_0.001,1,2023-12-27,2023-12-28,2024-01-26,22,21,0.9536975102960369
22,12,ridge_h22_lags_1_2_3_4_5_10_22_roll22_alpha_0.001,2,2024-01-26,2024-01-29,2024-02-27,22,18,1.425082092522497
22,12,ridge_h22_lags_1_2_3_4_5_10_22_roll22_alpha_0.001,3,2024-02-27,2024-02-28,2024-03-28,22,22,1.8745384340133895
22,12,ridge_h22_lags_1_2_3_4_5_10_22_roll22_alpha_0.001,4,2024-03-28,2024-03-29,2024-04-29,22,22,1.7908318540347365
22,12,ridge_h22_lags_1_2_3_4_5_10_22_roll22_alpha_0.001,5,2024-04-29,2024-04-30,2024-05-29,22,22,1.1795918529458675
22,12,ridge_h22_lags_1_2_3_4_5_10_22_roll22_alpha_0.001,6,2024-05-29,2024-05-30,2024-06-28,22,22,0.9967393814485497
22,12,ridge_h22_lags_1_2_3_4_5_10_22_roll22_alpha_0.001,7,2024-06-28,2024-07-01,2024-07-30,22,22,1.1836886313639974
22,12,ridge_h22_lags_1_2_3_4_5_10_22_roll22_alpha_0.001,8,2024-07-30,2024-07-31,2024-08-29,22,22,1.29285721162378
22,12,ridge_h22_lags_1_2_3_4_5_10_22_roll22_alpha_0.001,9,2024-08-29,2024-08-30,2024-09-30,22,22,0.9092758681075853
22,12,ridge_h22_lags_1_2_3_4_5_10_22_roll22_alpha_0.001,10,2024-09-30,2024-10-01,2024-10-30,22,22,0.9332337440732973
22,12,ridge_h22_lags_1_2_3_4_5_10_22_roll22_alpha_0.001,11,2024-10-30,2024-10-31,2024-11-29,22,22,0.7162434555588272
22,12,ridge_h22_lags_1_2_3_4_5_10_22_roll22_alpha_0.001,12,2024-11-29,2024-12-02,2024-12-31,22,21,1.3735219666217964
22,13,ridge_h22_lags_1_2_3_4_5_10_22_roll22_alpha_0.001,1,2023-12-27,2023-12-28,2024-01-26,22,21,2.0
22,13,ridge_h22_lags_1_2_3_4_5_10_22_roll22_alpha_0.001,2,2024-01-26,2024-01-29,2024-02-27,22,18,1.9707526514791942
22,13,ridge_h22_lags_1_2_3_4_5_10_22_roll22_alpha_0.001,3,2024-02-27,2024-02-28,2024-03-28,22,22,1.8183428778860529
22,13,ridge_h22_lags_1_2_3_4_5_10_22_roll22_alpha_0.001,4,2024-03-28,2024-03-29,2024-04-29,22,22,1.6806380877313403
22,13,ridge_h22_lags_1_2_3_4_5_10_22_roll22_alpha_0.001,5,2024-04-29,2024-04-30,2024-05-29,22,22,1.3674634692834293
22,13,ridge_h22_lags_1_2_3_4_5_10_22_roll22_alpha_0.001,6,2024-05-29,2024-05-30,2024-06-28,22,22,1.9030918708935094
22,13,ridge_h22_lags_1_2_3_4_5_10_22_roll22_alpha_0.001,7,2024-06-28,2024-07-01,2024-07-30,22,22,1.8538785852561934
22,13,ridge_h22_lags_1_2_3_4_5_10_22_roll22_alpha_0.001,8,2024-07-30,2024-07-31,2024-08-29,22,22,1.6806819046217427
22,13,ridge_h22_lags_1_2_3_4_5_10_22_roll22_alpha_0.001,9,2024-08-29,2024-08-30,2024-09-30,22,22,1.702123409011291
22,13,ridge_h22_lags_1_2_3_4_5_10_22_roll22_alpha_0.001,10,2024-09-30,2024-10-01,2024-10-30,22,22,1.8324247196108165
22,13,ridge_h22_lags_1_2_3_4_5_10_22_roll22_alpha_0.001,11,2024-10-30,2024-10-31,2024-11-29,22,22,2.0
22,13,ridge_h22_lags_1_2_3_4_5_10_22_roll22_alpha_0.001,12,2024-11-29,2024-12-02,2024-12-31,22,21,1.9028827633839391
