horizon,material,model,fold,train_end,test_start,test_end,n_test,n_observed,smape
10,1,naive,1,2023-12-27,2023-12-28,2024-01-10,10,9,0.1257788651650627
10,1,naive,2,2024-01-10,2024-01-11,2024-01-24,10,10,0.17095388982832715
10,1,naive,3,2024-01-24,2024-01-25,2024-02-07,10,10,0.18005375667343715
10,1,naive,4,2024-02-07,2024-02-08,2024-02-21,10,6,0.092236235430702
10,1,naive,5,2024-02-21,2024-02-22,2024-03-06,10,10,0.11766017436401835
10,1,naive,6,2024-03-06,2024-03-07,2024-03-20,10,10,0.08210209393216
10,1,naive,7,2024-03-20,2024-03-21,2024-04-03,10,10,0.18968797283682282
10,1,naive,8,2024-04-03,2024-04-04,2024-04-17,10,10,0.1798390598943372
10,1,naive,9,2024-04-17,2024-04-18,2024-05-01,10,10,0.27372899311896803
10,1,naive,10,2024-05-01,2024-05-02,2024-05-15,10,10,0.403385525650376
10,1,naive,11,2024-05-15,2024-05-16,2024-05-29,10,10,0.15811923102021952
10,1,naive,12,2024-05-29,2024-05-30,2024-06-12,10,10,0.1736017437354389
10,1,naive,13,2024-06-12,2024-06-13,2024-06-26,10,10,0.22178563168665433
10,1,naive,14,2024-06-26,2024-06-27,2024-07-10,10,10,0.10629657186683868
10,1,naive,15,2024-07-10,2024-07-11,2024-07-24,10,10,0.08041975402350487
10,1,naive,16,2024-07-24,2024-07-25,2024-08-07,10,10,0.09552775744822274
10,1,naive,17,2024-08-07,2024-08-08,2024-08-21,10,10,0.11131513600308914
10,1,naive,18,2024-08-21,2024-08-22,2024-09-04,10,10,0.07067294985021844
10,1,naive,19,2024-09-04,2024-09-05,2024-09-18,10,10,0.09963842008654791
10,1,naive,20,2024-09-18,2024-09-19,2024-10-02,10,10,0.09240521694453244
10,1,naive,21,2024-10-02,2024-10-03,2024-10-16,10,10,0.07950068538688605
10,1,naive,22,2024-10-16,2024-10-17,2024-10-30,10,10,0.08674398899451105
10,1,naive,23,2024-10-30,2024-10-31,2024-11-13,10,10,0.07739838910874211
10,1,naive,24,2024-11-13,2024-11-14,2024-11-27,10,10,0.10072602732200896
10,1,naive,25,2024-11-27,2024-11-28,2024-12-11,10,10,0.08923820877389987
10,1,naive,26,2024-12-11,2024-12-12,2024-12-25,10,9,0.09076857758606842
10,1,naive,27,2024-12-25,2024-12-26,2024-12-31,4,4,0.11348203035453319
10,2,naive,1,2023-12-27,2023-12-28,2024-01-10,10,9,2.0
10,2,naive,2,2024-01-10,2024-01-11,2024-01-24,10,10,0.2085428702456712
10,2,naive,3,2024-01-24,2024-01-25,2024-02-07,10,10,0.10293193197231354
10,2,naive,4,2024-02-07,2024-02-08,2024-02-21,10,6,0.08408561505858711
10,2,naive,5,2024-02-21,2024-02-22,2024-03-06,10,10,0.12101143141999447
10,2,naive,6,2024-03-06,2024-03-07,2024-03-20,10,10,0.04865934067289643
10,2,naive,7,2024-03-20,2024-03-21,2024-04-03,10,10,0.22333794130395757
10,2,naive,8,2024-04-03,2024-04-04,2024-04-17,10,10,0.1989717603166568
10,2,naive,9,2024-04-17,2024-04-18,2024-05-01,10,10,0.29671500809913354
10,2,naive,10,2024-05-01,2024-05-02,2024-05-15,10,10,0.2181535242255094
10,2,naive,11,2024-05-15,2024-05-16,2024-05-29,10,10,0.18439387637869997
10,2,naive,12,2024-05-29,2024-05-30,2024-06-12,10,10,0.22780469093039812
10,2,naive,13,2024-06-12,2024-06-13,2024-06-26,10,10,0.12840649951207572
10,2,naive,14,2024-06-26,2024-06-27,2024-07-10,10,10,0.23314920005708353
10,2,naive,15,2024-07-10,2024-07-11,2024-07-24,10,10,0.16211370927538726
10,2,naive,16,2024-07-24,2024-07-25,2024-08-07,10,10,0.09634195526867631
10,2,naive,17,2024-08-07,2024-08-08,2024-08-21,10,10,0.19066180539877198
10,2,naive,18,2024-08-21,2024-08-22,2024-09-04,10,10,0.0924760947161812
10,2,naive,19,2024-09-04,2024-09-05,2024-09-18,10,10,0.057528610803008765
10,2,naive,20,2024-09-18,2024-09-19,2024-10-02,10,10,0.09285643799930032
10,2,naive,21,2024-10-02,2024-10-03,2024-10-16,10,10,0.22121727619160542
10,2,naive,22,2024-10-16,2024-10-17,2024-10-30,10,10,0.12622692278293443
10,2,naive,23,2024-10-30,2024-10-31,2024-11-13,10,10,0.11704265193221719
10,2,naive,24,2024-11-13,2024-11-14,2024-11-27,10,10,0.15819012832979956
10,2,naive,25,2024-11-27,2024-11-28,2024-12-11,10,10,0.1144371521051524
10,2,naive,26,2024-12-11,2024-12-12,2024-12-25,10,9,0.08307302861093008
10,2,naive,27,2024-12-25,2024-12-26,2024-12-31,4,4,0.13214616177424165
10,3,naive,1,2023-12-27,2023-12-28,2024-01-10,10,9,0.14307417947626838
10,3,naive,2,2024-01-10,2024-01-11,2024-01-24,10,10,0.21011855281729397
10,3,naive,3,2024-01-24,2024-01-25,2024-02-07,10,10,0.10037356481985367
10,3,naive,4,2024-02-07,2024-02-08,2024-02-21,10,6,0.12295304878618192
10,3,naive,5,2024-02-21,2024-02-22,2024-03-06,10,10,0.06103164774114578
10,3,naive,6,2024-03-06,2024-03-07,2024-03-20,10,10,0.1065918922288996
10,3,naive,7,2024-03-20,2024-03-21,2024-04-03,10,10,0.13871497949875508
10,3,naive,8,2024-04-03,2024-04-04,2024-04-17,10,10,0.09532892902922985
10,3,naive,9,2024-04-17,2024-04-18,2024-05-01,10,10,0.42814932928004357
10,3,naive,10,2024-05-01,2024-05-02,2024-05-15,10,10,0.1419875781695495
10,3,naive,11,2024-05-15,2024-05-16,2024-05-29,10,10,0.3267396892448189
10,3,naive,12,2024-05-29,2024-05-30,2024-06-12,10,10,0.12611734040086545
10,3,naive,13,2024-06-12,2024-06-13,2024-06-26,10,10,0.11117592258861558
10,3,naive,14,2024-06-26,2024-06-27,2024-07-10,10,10,0.11000764977395659
10,3,naive,15,2024-07-10,2024-07-11,2024-07-24,10,10,0.1679185496795598
10,3,naive,16,2024-07-24,2024-07-25,2024-08-07,10,10,0.21923230512444017
10,3,naive,17,2024-08-07,2024-08-08,2024-08-21,10,10,0.37490888730542504
10,3,naive,18,2024-08-21,2024-08-22,2024-09-04,10,10,0.21368359944640056
10,3,naive,19,2024-09-04,2024-09-05,2024-09-18,10,10,0.13353072141918287
10,3,naive,20,2024-09-18,2024-09-19,2024-10-02,10,10,0.08842732866355257
10,3,naive,21,2024-10-02,2024-10-03,2024-10-16,10,10,0.1269070377897354
10,3,naive,22,2024-10-16,2024-10-17,2024-10-30,10,10,0.09970001123999257
10,3,naive,23,2024-10-30,2024-10-31,2024-11-13,10,10,0.08009516923215994
10,3,naive,24,2024-11-13,2024-11-14,2024-11-27,10,10,0.11980721798322813
10,3,naive,25,2024-11-27,2024-11-28,2024-12-11,10,10,0.3707985781672281
10,3,naive,26,2024-12-11,2024-12-12,2024-12-25,10,9,0.0775079150610722
10,3,naive,27,2024-12-25,2024-12-26,2024-12-31,4,4,0.5814472352253873
10,4,naive,1,2023-12-27,2023-12-28,2024-01-10,10,9,2.0
10,4,naive,2,2024-01-10,2024-01-11,2024-01-24,10,10,0.1551671547790523
10,4,naive,3,2024-01-24,2024-01-25,2024-02-07,10,10,0.10384739629095417
10,4,naive,4,2024-02-07,2024-02-08,2024-02-21,10,6,0.1476330086308764
10,4,naive,5,2024-02-21,2024-02-22,2024-03-06,10,10,0.3452937808995523
10,4,naive,6,2024-03-06,2024-03-07,2024-03-20,10,10,0.05304087304107278
10,4,naive,7,2024-03-20,2024-03-21,2024-04-03,10,10,0.17668765939489992
10,4,naive,8,2024-04-03,2024-04-04,2024-04-17,10,10,0.15141566060543168
10,4,naive,9,2024-04-17,2024-04-18,2024-05-01,10,10,0.20668446992285935
10,4,naive,10,2024-05-01,2024-05-02,2024-05-15,10,10,0.232663640304245
10,4,naive,11,2024-05-15,2024-05-16,2024-05-29,10,10,0.20948024548919536
10,4,naive,12,2024-05-29,2024-05-30,2024-06-12,10,10,0.2220196170780406
10,4,naive,13,2024-06-12,2024-06-13,2024-06-26,10,10,0.20775676488074635
10,4,naive,14,2024-06-26,2024-06-27,2024-07-10,10,10,0.12454794091422056
10,4,naive,15,2024-07-10,2024-07-11,2024-07-24,10,10,0.15913217353380146
10,4,naive,16,2024-07-24,2024-07-25,2024-08-07,10,10,0.17965346616785421
10,4,naive,17,2024-08-07,2024-08-08,2024-08-21,10,10,0.23010233167773855
10,4,naive,18,2024-08-21,2024-08-22,2024-09-04,10,10,0.1615649079780966
10,4,naive,19,2024-09-04,2024-09-05,2024-09-18,10,10,0.12302601187468323
10,4,naive,20,2024-09-18,2024-09-19,2024-10-02,10,10,0.09713295695811763
10,4,naive,21,2024-10-02,2024-10-03,2024-10-16,10,10,0.09438225702527506
10,4,naive,22,2024-10-16,2024-10-17,2024-10-30,10,10,0.2910184689506545
10,4,naive,23,2024-10-30,2024-10-31,2024-11-13,10,10,0.2042857282995065
10,4,naive,24,2024-11-13,2024-11-14,2024-11-27,10,10,0.19677619255803666
10,4,naive,25,2024-11-27,2024-11-28,2024-12-11,10,10,0.10999772716674186
10,4,naive,26,2024-12-11,2024-12-12,2024-12-25,10,9,0.12380606904785121
10,4,naive,27,2024-12-25,2024-12-26,2024-12-31,4,4,0.5790509085166018
10,5,naive,1,2023-12-27,2023-12-28,2024-01-10,10,9,0.08175018089613607
10,5,naive,2,2024-01-10,2024-01-11,2024-01-24,10,10,0.14216388147417514
10,5,naive,3,2024-01-24,2024-01-25,2024-02-07,10,10,0.13791201705403752
10,5,naive,4,2024-02-07,2024-02-08,2024-02-21,10,6,0.06071375466422905
10,5,naive,5,2024-02-21,2024-02-22,2024-03-06,10,10,0.1526834135554005
10,5,naive,6,2024-03-06,2024-03-07,2024-03-20,10,10,0.08773224935697972
10,5,naive,7,2024-03-20,2024-03-21,2024-04-03,10,10,0.1531766891153273
10,5,naive,8,2024-04-03,2024-04-04,2024-04-17,10,10,0.1664321699916972
10,5,naive,9,2024-04-17,2024-04-18,2024-05-01,10,10,0.1897116515851721
10,5,naive,10,2024-05-01,2024-05-02,2024-05-15,10,10,0.23932162649844418
10,5,naive,11,2024-05-15,2024-05-16,2024-05-29,10,10,0.24628339844671482
10,5,naive,12,2024-05-29,2024-05-30,2024-06-12,10,10,0.08495600591597152
10,5,naive,13,2024-06-12,2024-06-13,2024-06-26,10,10,0.13890503712534025
10,5,naive,14,2024-06-26,2024-06-27,2024-07-10,10,10,0.08929136738155063
10,5,naive,15,2024-07-10,2024-07-11,2024-07-24,10,10,0.17933256875154047
10,5,naive,16,2024-07-24,2024-07-25,2024-08-07,10,10,0.11262752644856343
10,5,naive,17,2024-08-07,2024-08-08,2024-08-21,10,10,0.13084888021943977
10,5,naive,18,2024-08-21,2024-08-22,2024-09-04,10,10,0.09802951353537447
10,5,naive,19,2024-09-04,2024-09-05,2024-09-18,10,10,0.05687516566162583
10,5,naive,20,2024-09-18,2024-09-19,2024-10-02,10,10,0.0552602742018801
10,5,naive,21,2024-10-02,2024-10-03,2024-10-16,10,10,0.16950559331262952
10,5,naive,22,2024-10-16,2024-10-17,2024-10-30,10,10,0.037686405495167434
10,5,naive,23,2024-10-30,2024-10-31,2024-11-13,10,10,0.08566257065071461
10,5,naive,24,2024-11-13,2024-11-14,2024-11-27,10,10,0.10568307533014742
10,5,naive,25,2024-11-27,2024-11-28,2024-12-11,10,10,0.0779682619635951
10,5,naive,26,2024-12-11,2024-12-12,2024-12-25,10,9,0.05010796962814117
10,5,naive,27,2024-12-25,2024-12-26,2024-12-31,4,4,0.14778438076521627
10,6,naive,1,2023-12-27,2023-12-28,2024-01-10,10,9,0.0848887148007359
10,6,naive,2,2024-01-10,2024-01-11,2024-01-24,10,10,0.1766647440276362
10,6,naive,3,2024-01-24,2024-01-25,2024-02-07,10,10,0.13908921805675087
10,6,naive,4,2024-02-07,2024-02-08,2024-02-21,10,6,0.11797839468346423
10,6,naive,5,2024-02-21,2024-02-22,2024-03-06,10,10,0.29695917957897117
10,6,naive,6,2024-03-06,2024-03-07,2024-03-20,10,10,0.12653061397739257
10,6,naive,7,2024-03-20,2024-03-21,2024-04-03,10,10,0.15199941722339722
10,6,naive,8,2024-04-03,2024-04-04,2024-04-17,10,10,0.06910533815979414
10,6,naive,9,2024-04-17,2024-04-18,2024-05-01,10,10,0.24895156298219626
10,6,naive,10,2024-05-01,2024-05-02,2024-05-15,10,10,0.13519390295571393
10,6,naive,11,2024-05-15,2024-05-16,2024-05-29,10,10,0.26410778728081014
10,6,naive,12,2024-05-29,2024-05-30,2024-06-12,10,10,0.09244824152935305
10,6,naive,13,2024-06-12,2024-06-13,2024-06-26,10,10,0.1663219959758434
10,6,naive,14,2024-06-26,2024-06-27,2024-07-10,10,10,0.125894779216796
10,6,naive,15,2024-07-10,2024-07-11,2024-07-24,10,10,0.13405760426135713
10,6,naive,16,2024-07-24,2024-07-25,2024-08-07,10,10,0.1354498158990134
10,6,naive,17,2024-08-07,2024-08-08,2024-08-21,10,10,0.12572384287514926
10,6,naive,18,2024-08-21,2024-08-22,2024-09-04,10,10,0.18660200366068494
10,6,naive,19,2024-09-04,2024-09-05,2024-09-18,10,10,0.06410474370096447
10,6,naive,20,2024-09-18,2024-09-19,2024-10-02,10,10,0.11726466542299824
10,6,naive,21,2024-10-02,2024-10-03,2024-10-16,10,10,0.0892559676341568
10,6,naive,22,2024-10-16,2024-10-17,2024-10-30,10,10,0.09620280586571615
10,6,naive,23,2024-10-30,2024-10-31,2024-11-13,10,10,0.09711732860134736
10,6,naive,24,2024-11-13,2024-11-14,2024-11-27,10,10,0.060801675066292665
10,6,naive,25,2024-11-27,2024-11-28,2024-12-11,10,10,0.1653296637051398
10,6,naive,26,2024-12-11,2024-12-12,2024-12-25,10,9,0.10368733496900116
10,6,naive,27,2024-12-25,2024-12-26,2024-12-31,4,4,0.18005493588667315
10,7,naive,1,2023-12-27,2023-12-28,2024-01-10,10,9,2.0
10,7,naive,2,2024-01-10,2024-01-11,2024-01-24,10,10,0.330434414381234
10,7,naive,3,2024-01-24,2024-01-25,2024-02-07,10,10,0.26827097443171266
10,7,naive,4,2024-02-07,2024-02-08,2024-02-21,10,6,0.1895523471388189
10,7,naive,5,2024-02-21,2024-02-22,2024-03-06,10,10,0.3627075117610642
10,7,naive,6,2024-03-06,2024-03-07,2024-03-20,10,10,0.21749783372143794
10,7,naive,7,2024-03-20,2024-03-21,2024-04-03,10,10,0.2712660671520706
10,7,naive,8,2024-04-03,2024-04-04,2024-04-17,10,10,0.21233460873725707
10,7,naive,9,2024-04-17,2024-04-18,2024-05-01,10,10,0.3141680078130813
10,7,naive,10,2024-05-01,2024-05-02,2024-05-15,10,10,0.18073340983582886
10,7,naive,11,2024-05-15,2024-05-16,2024-05-29,10,10,0.35561635418859877
10,7,naive,12,2024-05-29,2024-05-30,2024-06-12,10,10,0.22247146681435642
10,7,naive,13,2024-06-12,2024-06-13,2024-06-26,10,10,0.16040267585508383
10,7,naive,14,2024-06-26,2024-06-27,2024-07-10,10,10,0.16780457355706802
10,7,naive,15,2024-07-10,2024-07-11,2024-07-24,10,10,0.30407110665378306
10,7,naive,16,2024-07-24,2024-07-25,2024-08-07,10,10,0.296863079209157
10,7,naive,17,2024-08-07,2024-08-08,2024-08-21,10,10,0.4003618111000935
10,7,naive,18,2024-08-21,2024-08-22,2024-09-04,10,10,0.282345133621896
10,7,naive,19,2024-09-04,2024-09-05,2024-09-18,10,10,0.3263089068780107
10,7,naive,20,2024-09-18,2024-09-19,2024-10-02,10,10,0.25446719168388116
10,7,naive,21,2024-10-02,2024-10-03,2024-10-16,10,10,0.2737014366392787
10,7,naive,22,2024-10-16,2024-10-17,2024-10-30,10,10,0.28786808412798365
10,7,naive,23,2024-10-30,2024-10-31,2024-11-13,10,10,0.36752924658775427
10,7,naive,24,2024-11-13,2024-11-14,2024-11-27,10,10,0.17889588790727806
10,7,naive,25,2024-11-27,2024-11-28,2024-12-11,10,10,0.16104438049146524
10,7,naive,26,2024-12-11,2024-12-12,2024-12-25,10,9,0.18376143969870534
10,7,naive,27,2024-12-25,2024-12-26,2024-12-31,4,4,0.7908400498000967
10,8,naive,1,2023-12-27,2023-12-28,2024-01-10,10,9,0.8667559001253714
10,8,naive,2,2024-01-10,2024-01-11,2024-01-24,10,10,0.3729547622513193
10,8,naive,3,2024-01-24,2024-01-25,2024-02-07,10,10,0.22711707429462297
10,8,naive,4,2024-02-07,2024-02-08,2024-02-21,10,6,0.27582107223114255
10,8,naive,5,2024-02-21,2024-02-22,2024-03-06,10,10,0.12656157496830753
10,8,naive,6,2024-03-06,2024-03-07,2024-03-20,10,10,0.11314411771676702
10,8,naive,7,2024-03-20,2024-03-21,2024-04-03,10,10,0.2692166165248778
10,8,naive,8,2024-04-03,2024-04-04,2024-04-17,10,10,0.2599640774255073
10,8,naive,9,2024-04-17,2024-04-18,2024-05-01,10,10,0.20419598520936866
10,8,naive,10,2024-05-01,2024-05-02,2024-05-15,10,10,0.19299518261099916
10,8,naive,11,2024-05-15,2024-05-16,2024-05-29,10,10,0.36906310492785793
10,8,naive,12,2024-05-29,2024-05-30,2024-06-12,10,10,0.15561315928554287
10,8,naive,13,2024-06-12,2024-06-13,2024-06-26,10,10,0.10114682958568258
10,8,naive,14,2024-06-26,2024-06-27,2024-07-10,10,10,0.4018736024088496
10,8,naive,15,2024-07-10,2024-07-11,2024-07-24,10,10,0.10915316398115525
10,8,naive,16,2024-07-24,2024-07-25,2024-08-07,10,10,0.20066192771601188
10,8,naive,17,2024-08-07,2024-08-08,2024-08-21,10,10,0.20380109925765233
10,8,naive,18,2024-08-21,2024-08-22,2024-09-04,10,10,0.23306898857276367
10,8,naive,19,2024-09-04,2024-09-05,2024-09-18,10,10,0.083686896102846
10,8,naive,20,2024-09-18,2024-09-19,2024-10-02,10,10,0.2536944315388699
10,8,naive,21,2024-10-02,2024-10-03,2024-10-16,10,10,0.21243659816622326
10,8,naive,22,2024-10-16,2024-10-17,2024-10-30,10,10,0.07780518247126396
10,8,naive,23,2024-10-30,2024-10-31,2024-11-13,10,10,0.1378599283751544
10,8,naive,24,2024-11-13,2024-11-14,2024-11-27,10,10,0.1517266530337935
10,8,naive,25,2024-11-27,2024-11-28,2024-12-11,10,10,0.10897310202786917
10,8,naive,26,2024-12-11,2024-12-12,2024-12-25,10,9,0.14315268738401213
10,8,naive,27,2024-12-25,2024-12-26,2024-12-31,4,4,0.24556719341575944
10,9,naive,1,2023-12-27,2023-12-28,2024-01-10,10,9,2.0
10,9,naive,2,2024-01-10,2024-01-11,2024-01-24,10,10,0.0863555605732707
10,9,naive,3,2024-01-24,2024-01-25,2024-02-07,10,10,0.2768607844713448
10,9,naive,4,2024-02-07,2024-02-08,2024-02-21,10,6,0.48991788227290045
10,9,naive,5,2024-02-21,2024-02-22,2024-03-06,10,10,0.0634300402896991
10,9,naive,6,2024-03-06,2024-03-07,2024-03-20,10,10,0.05570176057291474
10,9,naive,7,2024-03-20,2024-03-21,2024-04-03,10,10,0.3211044360765643
10,9,naive,8,2024-04-03,2024-04-04,2024-04-17,10,10,0.4120377756746681
10,9,naive,9,2024-04-17,2024-04-18,2024-05-01,10,10,0.42473247932963204
10,9,naive,10,2024-05-01,2024-05-02,2024-05-15,10,10,0.3277693948292347
10,9,naive,11,2024-05-15,2024-05-16,2024-05-29,10,10,0.4055271534910997
10,9,naive,12,2024-05-29,2024-05-30,2024-06-12,10,10,0.16569199901539897
10,9,naive,13,2024-06-12,2024-06-13,2024-06-26,10,10,0.17036709420964546
10,9,naive,14,2024-06-26,2024-06-27,2024-07-10,10,10,0.38990612107898115
10,9,naive,15,2024-07-10,2024-07-11,2024-07-24,10,10,0.5579755241199323
10,9,naive,16,2024-07-24,2024-07-25,2024-08-07,10,10,0.14695518503088434
10,9,naive,17,2024-08-07,2024-08-08,2024-08-21,10,10,0.14277553736951654
10,9,naive,18,2024-08-21,2024-08-22,2024-09-04,10,10,0.16520632078023206
10,9,naive,19,2024-09-04,2024-09-05,2024-09-18,10,10,0.18377847576854506
10,9,naive,20,2024-09-18,2024-09-19,2024-10-02,10,10,0.07160504428840563
10,9,naive,21,2024-10-02,2024-10-03,2024-10-16,10,10,0.2436660253899921
10,9,naive,22,2024-10-16,2024-10-17,2024-10-30,10,10,0.07557464293590932
10,9,naive,23,2024-10-30,2024-10-31,2024-11-13,10,10,0.12593864225196952
10,9,naive,24,2024-11-13,2024-11-14,2024-11-27,10,10,0.05464679377587555
10,9,naive,25,2024-11-27,2024-11-28,2024-12-11,10,10,0.07807445443992267
10,9,naive,26,2024-12-11,2024-12-12,2024-12-25,10,9,0.12060106674783089
10,9,naive,27,2024-12-25,2024-12-26,2024-12-31,4,4,0.2774853403179825
10,10,naive,1,2023-12-27,2023-12-28,2024-01-10,10,9,0.33498060337550994
10,10,naive,2,2024-01-10,2024-01-11,2024-01-24,10,10,0.11040102590450558
10,10,naive,3,2024-01-24,2024-01-25,2024-02-07,10,10,0.13226723755008843
10,10,naive,4,2024-02-07,2024-02-08,2024-02-21,10,6,0.10763970648884398
10,10,naive,5,2024-02-21,2024-02-22,2024-03-06,10,10,0.11143324581003289
10,10,naive,6,2024-03-06,2024-03-07,2024-03-20,10,10,0.2155394028844984
10,10,naive,7,2024-03-20,2024-03-21,2024-04-03,10,10,0.0857154527193018
10,10,naive,8,2024-04-03,2024-04-04,2024-04-17,10,10,0.1304814516615438
10,10,naive,9,2024-04-17,2024-04-18,2024-05-01,10,10,0.21673355815023543
10,10,naive,10,2024-05-01,2024-05-02,2024-05-15,10,10,0.12191274238322446
10,10,naive,11,2024-05-15,2024-05-16,2024-05-29,10,10,0.3610795335320042
10,10,naive,12,2024-05-29,2024-05-30,2024-06-12,10,10,0.26810339337547207
10,10,naive,13,2024-06-12,2024-06-13,2024-06-26,10,10,0.12237506725420944
10,10,naive,14,2024-06-26,2024-06-27,2024-07-10,10,10,0.06771584580276739
10,10,naive,15,2024-07-10,2024-07-11,2024-07-24,10,10,0.22446264416629638
10,10,naive,16,2024-07-24,2024-07-25,2024-08-07,10,10,0.09970061579026274
10,10,naive,17,2024-08-07,2024-08-08,2024-08-21,10,10,0.1400995233900963
10,10,naive,18,2024-08-21,2024-08-22,2024-09-04,10,10,0.07047224229052892
10,10,naive,19,2024-09-04,2024-09-05,2024-09-18,10,10,0.12194389591466737
10,10,naive,20,2024-09-18,2024-09-19,2024-10-02,10,10,0.05549688874022103
10,10,naive,21,2024-10-02,2024-10-03,2024-10-16,10,10,0.20408350200611652
10,10,naive,22,2024-10-16,2024-10-17,2024-10-30,10,10,0.05459853688752869
10,10,naive,23,2024-10-30,2024-10-31,2024-11-13,10,10,0.07234095931724824
10,10,naive,24,2024-11-13,2024-11-14,2024-11-27,10,10,0.088938660566097
10,10,naive,25,2024-11-27,2024-11-28,2024-12-11,10,10,0.07822627611414283
10,10,naive,26,2024-12-11,2024-12-12,2024-12-25,10,9,0.10154810234548022
10,10,naive,27,2024-12-25,2024-12-26,2024-12-31,4,4,0.1621176445989759
10,11,naive,1,2023-12-27,2023-12-28,2024-01-10,10,9,0.4933820716109056
10,11,naive,2,2024-01-10,2024-01-11,2024-01-24,10,10,1.611256188916756
10,11,naive,3,2024-01-24,2024-01-25,2024-02-07,10,10,1.8
10,11,naive,4,2024-02-07,2024-02-08,2024-02-21,10,6,0.058089011915923146
10,11,naive,5,2024-02-21,2024-02-22,2024-03-06,10,10,0.1292084245042758
10,11,naive,6,2024-03-06,2024-03-07,2024-03-20,10,10,0.14724157279038302
10,11,naive,7,2024-03-20,2024-03-21,2024-04-03,10,10,0.2773144304161521
10,11,naive,8,2024-04-03,2024-04-04,2024-04-17,10,10,0.15050601213111858
10,11,naive,9,2024-04-17,2024-04-18,2024-05-01,10,10,0.14719840809397952
10,11,naive,10,2024-05-01,2024-05-02,2024-05-15,10,10,0.22043847948620174
10,11,naive,11,2024-05-15,2024-05-16,2024-05-29,10,10,0.1938658772274238
10,11,naive,12,2024-05-29,2024-05-30,2024-06-12,10,10,0.07427069188560205
10,11,naive,13,2024-06-12,2024-06-13,2024-06-26,10,10,0.07768941564242818
10,11,naive,14,2024-06-26,2024-06-27,2024-07-10,10,10,0.3516487428220698
10,11,naive,15,2024-07-10,2024-07-11,2024-07-24,10,10,0.40821498604062056
10,11,naive,16,2024-07-24,2024-07-25,2024-08-07,10,10,0.09627820034053702
10,11,naive,17,2024-08-07,2024-08-08,2024-08-21,10,10,0.25020491801454847
10,11,naive,18,2024-08-21,2024-08-22,2024-09-04,10,10,0.09304518351287941
10,11,naive,19,2024-09-04,2024-09-05,2024-09-18,10,10,0.18897771432926924
10,11,naive,20,2024-09-18,2024-09-19,2024-10-02,10,10,0.11015714899934806
10,11,naive,21,2024-10-02,2024-10-03,2024-10-16,10,10,0.10750655726032024
10,11,naive,22,2024-10-16,2024-10-17,2024-10-30,10,10,0.13749680439928444
10,11,naive,23,2024-10-30,2024-10-31,2024-11-13,10,10,0.10862038451936579
10,11,naive,24,2024-11-13,2024-11-14,2024-11-27,10,10,0.5311171734892515
10,11,naive,25,2024-11-27,2024-11-28,2024-12-11,10,10,0.987298753334949
10,11,naive,26,2024-12-11,2024-12-12,2024-12-25,10,9,1.3333333333333333
10,11,naive,27,2024-12-25,2024-12-26,2024-12-31,4,4,0.5
10,12,naive,1,2023-12-27,2023-12-28,2024-01-10,10,9,1.5555555555555554
10,12,naive,2,2024-01-10,2024-01-11,2024-01-24,10,10,1.1564073196088787
10,12,naive,3,2024-01-24,2024-01-25,2024-02-07,10,10,1.4000000000000001
10,12,naive,4,2024-02-07,2024-02-08,2024-02-21,10,6,1.774211832807492
10,12,naive,5,2024-02-21,2024-02-22,2024-03-06,10,10,0.4
10,12,naive,6,2024-03-06,2024-03-07,2024-03-20,10,10,0.2
10,12,naive,7,2024-03-20,2024-03-21,2024-04-03,10,10,0.0
10,12,naive,8,2024-04-03,2024-04-04,2024-04-17,10,10,0.2
10,12,naive,9,2024-04-17,2024-04-18,2024-05-01,10,10,0.4
10,12,naive,10,2024-05-01,2024-05-02,2024-05-15,10,10,1.6
10,12,naive,11,2024-05-15,2024-05-16,2024-05-29,10,10,1.3502932433008294
10,12,naive,12,2024-05-29,2024-05-30,2024-06-12,10,10,1.4000000000000001
10,12,naive,13,2024-06-12,2024-06-13,2024-06-26,10,10,1.0803134824104885
10,12,naive,14,2024-06-26,2024-06-27,2024-07-10,10,10,1.1945749862599124
10,12,naive,15,2024-07-10,2024-07-11,2024-07-24,10,10,1.5541451850364754
10,12,naive,16,2024-07-24,2024-07-25,2024-08-07,10,10,1.2000000000000002
10,12,naive,17,2024-08-07,2024-08-08,2024-08-21,10,10,1.3471644142394479
10,12,naive,18,2024-08-21,2024-08-22,2024-09-04,10,10,1.5192429107072156
10,12,naive,19,2024-09-04,2024-09-05,2024-09-18,10,10,1.0846879059818224
10,12,naive,20,2024-09-18,2024-09-19,2024-10-02,10,10,0.8826307410118261
10,12,naive,21,2024-10-02,2024-10-03,2024-10-16,10,10,0.9145750633451573
10,12,naive,22,2024-10-16,2024-10-17,2024-10-30,10,10,0.8646874488795615
10,12,naive,23,2024-10-30,2024-10-31,2024-11-13,10,10,1.5822954740428772
10,12,naive,24,2024-11-13,2024-11-14,2024-11-27,10,10,0.7349399110473622
10,12,naive,25,2024-11-27,2024-11-28,2024-12-11,10,10,1.0726063173689133
10,12,naive,26,2024-12-11,2024-12-12,2024-12-25,10,9,0.8888888888888888
10,12,naive,27,2024-12-25,2024-12-26,2024-12-31,4,4,0.0
10,13,naive,1,2023-12-27,2023-12-28,2024-01-10,10,9,0.0
10,13,naive,2,2024-01-10,2024-01-11,2024-01-24,10,10,0.0
10,13,naive,3,2024-01-24,2024-01-25,2024-02-07,10,10,0.2
10,13,naive,4,2024-02-07,2024-02-08,2024-02-21,10,6,0.0
10,13,naive,5,2024-02-21,2024-02-22,2024-03-06,10,10,0.0
10,13,naive,6,2024-03-06,2024-03-07,2024-03-20,10,10,0.6000000000000001
10,13,naive,7,2024-03-20,2024-03-21,2024-04-03,10,10,0.8
10,13,naive,8,2024-04-03,2024-04-04,2024-04-17,10,10,0.0
10,13,naive,9,2024-04-17,2024-04-18,2024-05-01,10,10,1.6
10,13,naive,10,2024-05-01,2024-05-02,2024-05-15,10,10,1.1043747070197518
10,13,naive,11,2024-05-15,2024-05-16,2024-05-29,10,10,0.0
10,13,naive,12,2024-05-29,2024-05-30,2024-06-12,10,10,0.4
10,13,naive,13,2024-06-12,2024-06-13,2024-06-26,10,10,0.2
10,13,naive,14,2024-06-26,2024-06-27,2024-07-10,10,10,0.2
10,13,naive,15,2024-07-10,2024-07-11,2024-07-24,10,10,1.7167668911804022
10,13,naive,16,2024-07-24,2024-07-25,2024-08-07,10,10,0.6000000000000001
10,13,naive,17,2024-08-07,2024-08-08,2024-08-21,10,10,0.6000000000000001
10,13,naive,18,2024-08-21,2024-08-22,2024-09-04,10,10,0.6000000000000001
10,13,naive,19,2024-09-04,2024-09-05,2024-09-18,10,10,1.8938658355706612
10,13,naive,20,2024-09-18,2024-09-19,2024-10-02,10,10,0.2
10,13,naive,21,2024-10-02,2024-10-03,2024-10-16,10,10,0.8
10,13,naive,22,2024-10-16,2024-10-17,2024-10-30,10,10,0.0
10,13,naive,23,2024-10-30,2024-10-31,2024-11-13,10,10,0.0
10,13,naive,24,2024-11-13,2024-11-14,2024-11-27,10,10,0.0
10,13,naive,25,2024-11-27,2024-11-28,2024-12-11,10,10,0.2
10,13,naive,26,2024-12-11,2024-12-12,2024-12-25,10,9,1.819268118693888
10,13,naive,27,2024-12-25,2024-12-26,2024-12-31,4,4,0.5
10,1,moving_average,1,2023-12-27,2023-12-28,2024-01-10,10,9,0.0782206050824204
10,1,moving_average,2,2024-01-10,2024-01-11,2024-01-24,10,10,0.16409201397669743
10,1,moving_average,3,2024-01-24,2024-01-25,2024-02-07,10,10,0.17164853672378164
10,1,moving_average,4,2024-02-07,2024-02-08,2024-02-21,10,6,0.04298759204049091
10,1,moving_average,5,2024-02-21,2024-02-22,2024-03-06,10,10,0.08826690951512793
10,1,moving_average,6,2024-03-06,2024-03-07,2024-03-20,10,10,0.12315319974154522
10,1,moving_average,7,2024-03-20,2024-03-21,2024-04-03,10,10,0.11830409433882681
10,1,moving_average,8,2024-04-03,2024-04-04,2024-04-17,10,10,0.08756985774112905
10,1,moving_average,9,2024-04-17,2024-04-18,2024-05-01,10,10,0.22997646578858366
10,1,moving_average,10,2024-05-01,2024-05-02,2024-05-15,10,10,0.29936664651387596
10,1,moving_average,11,2024-05-15,2024-05-16,2024-05-29,10,10,0.1232883563009249
10,1,moving_average,12,2024-05-29,2024-05-30,2024-06-12,10,10,0.13247176746587636
10,1,moving_average,13,2024-06-12,2024-06-13,2024-06-26,10,10,0.11164125331638086
10,1,moving_average,14,2024-06-26,2024-06-27,2024-07-10,10,10,0.048891610197946495
10,1,moving_average,15,2024-07-10,2024-07-11,2024-07-24,10,10,0.06649393649593993
10,1,moving_average,16,2024-07-24,2024-07-25,2024-08-07,10,10,0.0891759415341667
10,1,moving_average,17,2024-08-07,2024-08-08,2024-08-21,10,10,0.09235393800169855
10,1,moving_average,18,2024-08-21,2024-08-22,2024-09-04,10,10,0.06809289515174254
10,1,moving_average,19,2024-09-04,2024-09-05,2024-09-18,10,10,0.10041390712961765
10,1,moving_average,20,2024-09-18,2024-09-19,2024-10-02,10,10,0.04183638067713859
10,1,moving_average,21,2024-10-02,2024-10-03,2024-10-16,10,10,0.05668727255031189
10,1,moving_average,22,2024-10-16,2024-10-17,2024-10-30,10,10,0.06760257592331981
10,1,moving_average,23,2024-10-30,2024-10-31,2024-11-13,10,10,0.06476767515235476
10,1,moving_average,24,2024-11-13,2024-11-14,2024-11-27,10,10,0.08063279794490132
10,1,moving_average,25,2024-11-27,2024-11-28,2024-12-11,10,10,0.09991964964224923
10,1,moving_average,26,2024-12-11,2024-12-12,2024-12-25,10,9,0.06429801914879038
10,1,moving_average,27,2024-12-25,2024-12-26,2024-12-31,4,4,0.0758251542041927
10,2,moving_average,1,2023-12-27,2023-12-28,2024-01-10,10,9,0.296672649936697
10,2,moving_average,2,2024-01-10,2024-01-11,2024-01-24,10,10,0.24288768406021954
10,2,moving_average,3,2024-01-24,2024-01-25,2024-02-07,10,10,0.0803848500086085
10,2,moving_average,4,2024-02-07,2024-02-08,2024-02-21,10,6,0.0776695343440173
10,2,moving_average,5,2024-02-21,2024-02-22,2024-03-06,10,10,0.10017806897334391
10,2,moving_average,6,2024-03-06,2024-03-07,2024-03-20,10,10,0.05942105276860559
10,2,moving_average,7,2024-03-20,2024-03-21,2024-04-03,10,10,0.1927907102986154
10,2,moving_average,8,2024-04-03,2024-04-04,2024-04-17,10,10,0.12077777877391838
10,2,moving_average,9,2024-04-17,2024-04-18,2024-05-01,10,10,0.2794039207814063
10,2,moving_average,10,2024-05-01,2024-05-02,2024-05-15,10,10,0.1922196828480878
10,2,moving_average,11,2024-05-15,2024-05-16,2024-05-29,10,10,0.1689122686368883
10,2,moving_average,12,2024-05-29,2024-05-30,2024-06-12,10,10,0.17538331542522834
10,2,moving_average,13,2024-06-12,2024-06-13,2024-06-26,10,10,0.15732382682906174
10,2,moving_average,14,2024-06-26,2024-06-27,2024-07-10,10,10,0.12220169704230865
10,2,moving_average,15,2024-07-10,2024-07-11,2024-07-24,10,10,0.1733559367498988
10,2,moving_average,16,2024-07-24,2024-07-25,2024-08-07,10,10,0.0891466653798193
10,2,moving_average,17,2024-08-07,2024-08-08,2024-08-21,10,10,0.05842427518393546
10,2,moving_average,18,2024-08-21,2024-08-22,2024-09-04,10,10,0.08484668875825158
10,2,moving_average,19,2024-09-04,2024-09-05,2024-09-18,10,10,0.05661604710458093
10,2,moving_average,20,2024-09-18,2024-09-19,2024-10-02,10,10,0.07359631758639058
10,2,moving_average,21,2024-10-02,2024-10-03,2024-10-16,10,10,0.18868499580823556
10,2,moving_average,22,2024-10-16,2024-10-17,2024-10-30,10,10,0.11636389190442716
10,2,moving_average,23,2024-10-30,2024-10-31,2024-11-13,10,10,0.12835119434426226
10,2,moving_average,24,2024-11-13,2024-11-14,2024-11-27,10,10,0.10574337143943469
10,2,moving_average,25,2024-11-27,2024-11-28,2024-12-11,10,10,0.17446813463645863
10,2,moving_average,26,2024-12-11,2024-12-12,2024-12-25,10,9,0.08648633052613079
10,2,moving_average,27,2024-12-25,2024-12-26,2024-12-31,4,4,0.12364349827776397
10,3,moving_average,1,2023-12-27,2023-12-28,2024-01-10,10,9,0.10670473297758683
10,3,moving_average,2,2024-01-10,2024-01-11,2024-01-24,10,10,0.18633607425148224
10,3,moving_average,3,2024-01-24,2024-01-25,2024-02-07,10,10,0.11167295694270654
10,3,moving_average,4,2024-02-07,2024-02-08,2024-02-21,10,6,0.13488597445234685
10,3,moving_average,5,2024-02-21,2024-02-22,2024-03-06,10,10,0.06552294423683189
10,3,moving_average,6,2024-03-06,2024-03-07,2024-03-20,10,10,0.10744599606273209
10,3,moving_average,7,2024-03-20,2024-03-21,2024-04-03,10,10,0.12266583374551172
10,3,moving_average,8,2024-04-03,2024-04-04,2024-04-17,10,10,0.10787750090522011
10,3,moving_average,9,2024-04-17,2024-04-18,2024-05-01,10,10,0.23833789640378542
10,3,moving_average,10,2024-05-01,2024-05-02,2024-05-15,10,10,0.18037789450860509
10,3,moving_average,11,2024-05-15,2024-05-16,2024-05-29,10,10,0.35006295379952546
10,3,moving_average,12,2024-05-29,2024-05-30,2024-06-12,10,10,0.09773124354335827
10,3,moving_average,13,2024-06-12,2024-06-13,2024-06-26,10,10,0.054336668721375304
10,3,moving_average,14,2024-06-26,2024-06-27,2024-07-10,10,10,0.1085334146687676
10,3,moving_average,15,2024-07-10,2024-07-11,2024-07-24,10,10,0.11002793596496628
10,3,moving_average,16,2024-07-24,2024-07-25,2024-08-07,10,10,0.1599724308797772
10,3,moving_average,17,2024-08-07,2024-08-08,2024-08-21,10,10,0.32668198504235674
10,3,moving_average,18,2024-08-21,2024-08-22,2024-09-04,10,10,0.1543050105014515
10,3,moving_average,19,2024-09-04,2024-09-05,2024-09-18,10,10,0.23693839719811166
10,3,moving_average,20,2024-09-18,2024-09-19,2024-10-02,10,10,0.12252043069042823
10,3,moving_average,21,2024-10-02,2024-10-03,2024-10-16,10,10,0.12036068205041456
10,3,moving_average,22,2024-10-16,2024-10-17,2024-10-30,10,10,0.09416662475838347
10,3,moving_average,23,2024-10-30,2024-10-31,2024-11-13,10,10,0.08984762536252311
10,3,moving_average,24,2024-11-13,2024-11-14,2024-11-27,10,10,0.12799882310186797
10,3,moving_average,25,2024-11-27,2024-11-28,2024-12-11,10,10,0.31702763646330634
10,3,moving_average,26,2024-12-11,2024-12-12,2024-12-25,10,9,0.15119701654213985
10,3,moving_average,27,2024-12-25,2024-12-26,2024-12-31,4,4,0.553842847792791
10,4,moving_average,1,2023-12-27,2023-12-28,2024-01-10,10,9,0.16586587446579568
10,4,moving_average,2,2024-01-10,2024-01-11,2024-01-24,10,10,0.10612027747791178
10,4,moving_average,3,2024-01-24,2024-01-25,2024-02-07,10,10,0.13969850093608324
10,4,moving_average,4,2024-02-07,2024-02-08,2024-02-21,10,6,0.13927474932348705
10,4,moving_average,5,2024-02-21,2024-02-22,2024-03-06,10,10,0.12247196507828802
10,4,moving_average,6,2024-03-06,2024-03-07,2024-03-20,10,10,0.05898225575278583
10,4,moving_average,7,2024-03-20,2024-03-21,2024-04-03,10,10,0.163611296252287
10,4,moving_average,8,2024-04-03,2024-04-04,2024-04-17,10,10,0.12399383976002709
10,4,moving_average,9,2024-04-17,2024-04-18,2024-05-01,10,10,0.28011204372910875
10,4,moving_average,10,2024-05-01,2024-05-02,2024-05-15,10,10,0.15516116625571544
10,4,moving_average,11,2024-05-15,2024-05-16,2024-05-29,10,10,0.18882895746425032
10,4,moving_average,12,2024-05-29,2024-05-30,2024-06-12,10,10,0.09570710539321464
10,4,moving_average,13,2024-06-12,2024-06-13,2024-06-26,10,10,0.07591243859243763
10,4,moving_average,14,2024-06-26,2024-06-27,2024-07-10,10,10,0.0919668902884137
10,4,moving_average,15,2024-07-10,2024-07-11,2024-07-24,10,10,0.09170633606801867
10,4,moving_average,16,2024-07-24,2024-07-25,2024-08-07,10,10,0.11283096441143659
10,4,moving_average,17,2024-08-07,2024-08-08,2024-08-21,10,10,0.22745862388736635
10,4,moving_average,18,2024-08-21,2024-08-22,2024-09-04,10,10,0.10712797963655168
10,4,moving_average,19,2024-09-04,2024-09-05,2024-09-18,10,10,0.11624713994687493
10,4,moving_average,20,2024-09-18,2024-09-19,2024-10-02,10,10,0.11541683902388399
10,4,moving_average,21,2024-10-02,2024-10-03,2024-10-16,10,10,0.13913684203338914
10,4,moving_average,22,2024-10-16,2024-10-17,2024-10-30,10,10,0.2524047150054411
10,4,moving_average,23,2024-10-30,2024-10-31,2024-11-13,10,10,0.09892768931898999
10,4,moving_average,24,2024-11-13,2024-11-14,2024-11-27,10,10,0.11309893999190333
10,4,moving_average,25,2024-11-27,2024-11-28,2024-12-11,10,10,0.10770125422998796
10,4,moving_average,26,2024-12-11,2024-12-12,2024-12-25,10,9,0.10832035706702606
10,4,moving_average,27,2024-12-25,2024-12-26,2024-12-31,4,4,0.5626953207800414
10,5,moving_average,1,2023-12-27,2023-12-28,2024-01-10,10,9,0.09047455987199185
10,5,moving_average,2,2024-01-10,2024-01-11,2024-01-24,10,10,0.033705855913618736
10,5,moving_average,3,2024-01-24,2024-01-25,2024-02-07,10,10,0.1633589867447266
10,5,moving_average,4,2024-02-07,2024-02-08,2024-02-21,10,6,0.0642578861313433
10,5,moving_average,5,2024-02-21,2024-02-22,2024-03-06,10,10,0.09667758628895104
10,5,moving_average,6,2024-03-06,2024-03-07,2024-03-20,10,10,0.0771141738330705
10,5,moving_average,7,2024-03-20,2024-03-21,2024-04-03,10,10,0.09025474880893115
10,5,moving_average,8,2024-04-03,2024-04-04,2024-04-17,10,10,0.05945674049866691
10,5,moving_average,9,2024-04-17,2024-04-18,2024-05-01,10,10,0.22705758301128287
10,5,moving_average,10,2024-05-01,2024-05-02,2024-05-15,10,10,0.178609770469864
10,5,moving_average,11,2024-05-15,2024-05-16,2024-05-29,10,10,0.3207926261553294
10,5,moving_average,12,2024-05-29,2024-05-30,2024-06-12,10,10,0.09934891955569289
10,5,moving_average,13,2024-06-12,2024-06-13,2024-06-26,10,10,0.05089925786020369
10,5,moving_average,14,2024-06-26,2024-06-27,2024-07-10,10,10,0.0814095815960856
10,5,moving_average,15,2024-07-10,2024-07-11,2024-07-24,10,10,0.05826503360613971
10,5,moving_average,16,2024-07-24,2024-07-25,2024-08-07,10,10,0.10036318484263357
10,5,moving_average,17,2024-08-07,2024-08-08,2024-08-21,10,10,0.1210731433190533
10,5,moving_average,18,2024-08-21,2024-08-22,2024-09-04,10,10,0.0866473547609717
10,5,moving_average,19,2024-09-04,2024-09-05,2024-09-18,10,10,0.07080907513596625
10,5,moving_average,20,2024-09-18,2024-09-19,2024-10-02,10,10,0.06413751850911752
10,5,moving_average,21,2024-10-02,2024-10-03,2024-10-16,10,10,0.10368056713417484
10,5,moving_average,22,2024-10-16,2024-10-17,2024-10-30,10,10,0.039492705682416855
10,5,moving_average,23,2024-10-30,2024-10-31,2024-11-13,10,10,0.10885633662736127
10,5,moving_average,24,2024-11-13,2024-11-14,2024-11-27,10,10,0.06893779986638032
10,5,moving_average,25,2024-11-27,2024-11-28,2024-12-11,10,10,0.06455008032744054
10,5,moving_average,26,2024-12-11,2024-12-12,2024-12-25,10,9,0.041862572688227434
10,5,moving_average,27,2024-12-25,2024-12-26,2024-12-31,4,4,0.13372482588634096
10,6,moving_average,1,2023-12-27,2023-12-28,2024-01-10,10,9,0.09921316240710666
10,6,moving_average,2,2024-01-10,2024-01-11,2024-01-24,10,10,0.15563722756570864
10,6,moving_average,3,2024-01-24,2024-01-25,2024-02-07,10,10,0.09969609810440294
10,6,moving_average,4,2024-02-07,2024-02-08,2024-02-21,10,6,0.11721270726846783
10,6,moving_average,5,2024-02-21,2024-02-22,2024-03-06,10,10,0.17201282499623105
10,6,moving_average,6,2024-03-06,2024-03-07,2024-03-20,10,10,0.11616918038716464
10,6,moving_average,7,2024-03-20,2024-03-21,2024-04-03,10,10,0.1436075967285448
10,6,moving_average,8,2024-04-03,2024-04-04,2024-04-17,10,10,0.08302489095474017
10,6,moving_average,9,2024-04-17,2024-04-18,2024-05-01,10,10,0.25181507515383944
10,6,moving_average,10,2024-05-01,2024-05-02,2024-05-15,10,10,0.14740207176369566
10,6,moving_average,11,2024-05-15,2024-05-16,2024-05-29,10,10,0.29081970810094016
10,6,moving_average,12,2024-05-29,2024-05-30,2024-06-12,10,10,0.09401125853650057
10,6,moving_average,13,2024-06-12,2024-06-13,2024-06-26,10,10,0.05769425614586335
10,6,moving_average,14,2024-06-26,2024-06-27,2024-07-10,10,10,0.1412998111851128
10,6,moving_average,15,2024-07-10,2024-07-11,2024-07-24,10,10,0.09700235871397989
10,6,moving_average,16,2024-07-24,2024-07-25,2024-08-07,10,10,0.13417660222631964
10,6,moving_average,17,2024-08-07,2024-08-08,2024-08-21,10,10,0.13133441191734926
10,6,moving_average,18,2024-08-21,2024-08-22,2024-09-04,10,10,0.13473282209773585
10,6,moving_average,19,2024-09-04,2024-09-05,2024-09-18,10,10,0.0846707096686058
10,6,moving_average,20,2024-09-18,2024-09-19,2024-10-02,10,10,0.11034426358566832
10,6,moving_average,21,2024-10-02,2024-10-03,2024-10-16,10,10,0.07975930104747896
10,6,moving_average,22,2024-10-16,2024-10-17,2024-10-30,10,10,0.09008497266465484
10,6,moving_average,23,2024-10-30,2024-10-31,2024-11-13,10,10,0.1285977729670873
10,6,moving_average,24,2024-11-13,2024-11-14,2024-11-27,10,10,0.06737376572639235
10,6,moving_average,25,2024-11-27,2024-11-28,2024-12-11,10,10,0.13654805059505745
10,6,moving_average,26,2024-12-11,2024-12-12,2024-12-25,10,9,0.06502984953251176
10,6,moving_average,27,2024-12-25,2024-12-26,2024-12-31,4,4,0.1937276396448182
10,7,moving_average,1,2023-12-27,2023-12-28,2024-01-10,10,9,0.21738400299882804
10,7,moving_average,2,2024-01-10,2024-01-11,2024-01-24,10,10,0.3309208833992771
10,7,moving_average,3,2024-01-24,2024-01-25,2024-02-07,10,10,0.22287125815398323
10,7,moving_average,4,2024-02-07,2024-02-08,2024-02-21,10,6,0.18136489783643764
10,7,moving_average,5,2024-02-21,2024-02-22,2024-03-06,10,10,0.20211777746463033
10,7,moving_average,6,2024-03-06,2024-03-07,2024-03-20,10,10,0.14868307053822402
10,7,moving_average,7,2024-03-20,2024-03-21,2024-04-03,10,10,0.23596795252618807
10,7,moving_average,8,2024-04-03,2024-04-04,2024-04-17,10,10,0.20373885372204548
10,7,moving_average,9,2024-04-17,2024-04-18,2024-05-01,10,10,0.3782827854804078
10,7,moving_average,10,2024-05-01,2024-05-02,2024-05-15,10,10,0.3147789233132267
10,7,moving_average,11,2024-05-15,2024-05-16,2024-05-29,10,10,0.4396862529994701
10,7,moving_average,12,2024-05-29,2024-05-30,2024-06-12,10,10,0.183016000797952
10,7,moving_average,13,2024-06-12,2024-06-13,2024-06-26,10,10,0.1685783814688313
10,7,moving_average,14,2024-06-26,2024-06-27,2024-07-10,10,10,0.10242972500152842
10,7,moving_average,15,2024-07-10,2024-07-11,2024-07-24,10,10,0.16295852813149342
10,7,moving_average,16,2024-07-24,2024-07-25,2024-08-07,10,10,0.21728545393827403
10,7,moving_average,17,2024-08-07,2024-08-08,2024-08-21,10,10,0.3728567622435296
10,7,moving_average,18,2024-08-21,2024-08-22,2024-09-04,10,10,0.26488193409376043
10,7,moving_average,19,2024-09-04,2024-09-05,2024-09-18,10,10,0.4444950442475394
10,7,moving_average,20,2024-09-18,2024-09-19,2024-10-02,10,10,0.39807730122809154
10,7,moving_average,21,2024-10-02,2024-10-03,2024-10-16,10,10,0.2270432818786072
10,7,moving_average,22,2024-10-16,2024-10-17,2024-10-30,10,10,0.14422575159343576
10,7,moving_average,23,2024-10-30,2024-10-31,2024-11-13,10,10,0.28134473920960484
10,7,moving_average,24,2024-11-13,2024-11-14,2024-11-27,10,10,0.19299124767329104
10,7,moving_average,25,2024-11-27,2024-11-28,2024-12-11,10,10,0.2562222878333306
10,7,moving_average,26,2024-12-11,2024-12-12,2024-12-25,10,9,0.1862943477084407
10,7,moving_average,27,2024-12-25,2024-12-26,2024-12-31,4,4,0.7855546034554526
10,8,moving_average,1,2023-12-27,2023-12-28,2024-01-10,10,9,0.27118274648147545
10,8,moving_average,2,2024-01-10,2024-01-11,2024-01-24,10,10,0.3611408613680315
10,8,moving_average,3,2024-01-24,2024-01-25,2024-02-07,10,10,0.21193099598983567
10,8,moving_average,4,2024-02-07,2024-02-08,2024-02-21,10,6,0.3195548858070625
10,8,moving_average,5,2024-02-21,2024-02-22,2024-03-06,10,10,0.11769608929100668
10,8,moving_average,6,2024-03-06,2024-03-07,2024-03-20,10,10,0.1142397514212708
10,8,moving_average,7,2024-03-20,2024-03-21,2024-04-03,10,10,0.2719937869809325
10,8,moving_average,8,2024-04-03,2024-04-04,2024-04-17,10,10,0.2855667180671388
10,8,moving_average,9,2024-04-17,2024-04-18,2024-05-01,10,10,0.3110046405571485
10,8,moving_average,10,2024-05-01,2024-05-02,2024-05-15,10,10,0.2009417563227412
10,8,moving_average,11,2024-05-15,2024-05-16,2024-05-29,10,10,0.3708454659008606
10,8,moving_average,12,2024-05-29,2024-05-30,2024-06-12,10,10,0.08792555410712283
10,8,moving_average,13,2024-06-12,2024-06-13,2024-06-26,10,10,0.10166198008643519
10,8,moving_average,14,2024-06-26,2024-06-27,2024-07-10,10,10,0.22765685262641067
10,8,moving_average,15,2024-07-10,2024-07-11,2024-07-24,10,10,0.1019780150476569
10,8,moving_average,16,2024-07-24,2024-07-25,2024-08-07,10,10,0.19035556717870655
10,8,moving_average,17,2024-08-07,2024-08-08,2024-08-21,10,10,0.20628103344176424
10,8,moving_average,18,2024-08-21,2024-08-22,2024-09-04,10,10,0.07850425106407127
10,8,moving_average,19,2024-09-04,2024-09-05,2024-09-18,10,10,0.07695222748847112
10,8,moving_average,20,2024-09-18,2024-09-19,2024-10-02,10,10,0.12390563874534709
10,8,moving_average,21,2024-10-02,2024-10-03,2024-10-16,10,10,0.14373219833806786
10,8,moving_average,22,2024-10-16,2024-10-17,2024-10-30,10,10,0.04874572277325968
10,8,moving_average,23,2024-10-30,2024-10-31,2024-11-13,10,10,0.09800751454919177
10,8,moving_average,24,2024-11-13,2024-11-14,2024-11-27,10,10,0.13063432617251433
10,8,moving_average,25,2024-11-27,2024-11-28,2024-12-11,10,10,0.17409795552208135
10,8,moving_average,26,2024-12-11,2024-12-12,2024-12-25,10,9,0.07470072099054761
10,8,moving_average,27,2024-12-25,2024-12-26,2024-12-31,4,4,0.20999039188487492
10,9,moving_average,1,2023-12-27,2023-12-28,2024-01-10,10,9,0.1553215559349251
10,9,moving_average,2,2024-01-10,2024-01-11,2024-01-24,10,10,0.09624870017007434
10,9,moving_average,3,2024-01-24,2024-01-25,2024-02-07,10,10,0.10487805259416526
10,9,moving_average,4,2024-02-07,2024-02-08,2024-02-21,10,6,0.48775277287173485
10,9,moving_average,5,2024-02-21,2024-02-22,2024-03-06,10,10,0.16465069016278133
10,9,moving_average,6,2024-03-06,2024-03-07,2024-03-20,10,10,0.06133124443424437
10,9,moving_average,7,2024-03-20,2024-03-21,2024-04-03,10,10,0.272628987737995
10,9,moving_average,8,2024-04-03,2024-04-04,2024-04-17,10,10,0.3609521471785123
10,9,moving_average,9,2024-04-17,2024-04-18,2024-05-01,10,10,0.2468730918880128
10,9,moving_average,10,2024-05-01,2024-05-02,2024-05-15,10,10,0.3337966288488042
10,9,moving_average,11,2024-05-15,2024-05-16,2024-05-29,10,10,0.3515225588825184
10,9,moving_average,12,2024-05-29,2024-05-30,2024-06-12,10,10,0.11539057842218164
10,9,moving_average,13,2024-06-12,2024-06-13,2024-06-26,10,10,0.0989489630438196
10,9,moving_average,14,2024-06-26,2024-06-27,2024-07-10,10,10,0.37705148406275724
10,9,moving_average,15,2024-07-10,2024-07-11,2024-07-24,10,10,0.09521665867329397
10,9,moving_average,16,2024-07-24,2024-07-25,2024-08-07,10,10,0.14255361425374233
10,9,moving_average,17,2024-08-07,2024-08-08,2024-08-21,10,10,0.18870911740756358
10,9,moving_average,18,2024-08-21,2024-08-22,2024-09-04,10,10,0.1423862509743516
10,9,moving_average,19,2024-09-04,2024-09-05,2024-09-18,10,10,0.11662975172228725
10,9,moving_average,20,2024-09-18,2024-09-19,2024-10-02,10,10,0.13878670820458458
10,9,moving_average,21,2024-10-02,2024-10-03,2024-10-16,10,10,0.14324189906478357
10,9,moving_average,22,2024-10-16,2024-10-17,2024-10-30,10,10,0.09356859751140839
10,9,moving_average,23,2024-10-30,2024-10-31,2024-11-13,10,10,0.11022891883957052
10,9,moving_average,24,2024-11-13,2024-11-14,2024-11-27,10,10,0.052031949210362305
10,9,moving_average,25,2024-11-27,2024-11-28,2024-12-11,10,10,0.11307236674074049
10,9,moving_average,26,2024-12-11,2024-12-12,2024-12-25,10,9,0.0887425375087205
10,9,moving_average,27,2024-12-25,2024-12-26,2024-12-31,4,4,0.2453596799770965
10,10,moving_average,1,2023-12-27,2023-12-28,2024-01-10,10,9,0.17147875103768415
10,10,moving_average,2,2024-01-10,2024-01-11,2024-01-24,10,10,0.10443034915569549
10,10,moving_average,3,2024-01-24,2024-01-25,2024-02-07,10,10,0.13614570159002473
10,10,moving_average,4,2024-02-07,2024-02-08,2024-02-21,10,6,0.11025351583438009
10,10,moving_average,5,2024-02-21,2024-02-22,2024-03-06,10,10,0.10483889273566777
10,10,moving_average,6,2024-03-06,2024-03-07,2024-03-20,10,10,0.0957429445995401
10,10,moving_average,7,2024-03-20,2024-03-21,2024-04-03,10,10,0.08587555887074885
10,10,moving_average,8,2024-04-03,2024-04-04,2024-04-17,10,10,0.17819409163473188
10,10,moving_average,9,2024-04-17,2024-04-18,2024-05-01,10,10,0.19366836517010616
10,10,moving_average,10,2024-05-01,2024-05-02,2024-05-15,10,10,0.13240360544898486
10,10,moving_average,11,2024-05-15,2024-05-16,2024-05-29,10,10,0.225328746823865
10,10,moving_average,12,2024-05-29,2024-05-30,2024-06-12,10,10,0.12841636278808022
10,10,moving_average,13,2024-06-12,2024-06-13,2024-06-26,10,10,0.051221270245288775
10,10,moving_average,14,2024-06-26,2024-06-27,2024-07-10,10,10,0.0813442239617406
10,10,moving_average,15,2024-07-10,2024-07-11,2024-07-24,10,10,0.07845753760566038
10,10,moving_average,16,2024-07-24,2024-07-25,2024-08-07,10,10,0.08172634119692161
10,10,moving_average,17,2024-08-07,2024-08-08,2024-08-21,10,10,0.14975888436269755
10,10,moving_average,18,2024-08-21,2024-08-22,2024-09-04,10,10,0.09262027831845471
10,10,moving_average,19,2024-09-04,2024-09-05,2024-09-18,10,10,0.06312945856458117
10,10,moving_average,20,2024-09-18,2024-09-19,2024-10-02,10,10,0.07626479243124705
10,10,moving_average,21,2024-10-02,2024-10-03,2024-10-16,10,10,0.16094707539854022
10,10,moving_average,22,2024-10-16,2024-10-17,2024-10-30,10,10,0.05113944590306716
10,10,moving_average,23,2024-10-30,2024-10-31,2024-11-13,10,10,0.05660176285180403
10,10,moving_average,24,2024-11-13,2024-11-14,2024-11-27,10,10,0.11735361537460678
10,10,moving_average,25,2024-11-27,2024-11-28,2024-12-11,10,10,0.07621478997143735
10,10,moving_average,26,2024-12-11,2024-12-12,2024-12-25,10,9,0.07909584005114319
10,10,moving_average,27,2024-12-25,2024-12-26,2024-12-31,4,4,0.1442977911765929
10,11,moving_average,1,2023-12-27,2023-12-28,2024-01-10,10,9,0.09025644374627476
10,11,moving_average,2,2024-01-10,2024-01-11,2024-01-24,10,10,1.615352869176481
10,11,moving_average,3,2024-01-24,2024-01-25,2024-02-07,10,10,1.291330206740097
10,11,moving_average,4,2024-02-07,2024-02-08,2024-02-21,10,6,0.43120534833976987
10,11,moving_average,5,2024-02-21,2024-02-22,2024-03-06,10,10,0.08206663405840207
10,11,moving_average,6,2024-03-06,2024-03-07,2024-03-20,10,10,0.1510349891424491
10,11,moving_average,7,2024-03-20,2024-03-21,2024-04-03,10,10,0.12286748113214184
10,11,moving_average,8,2024-04-03,2024-04-04,2024-04-17,10,10,0.2256322003849984
10,11,moving_average,9,2024-04-17,2024-04-18,2024-05-01,10,10,0.37752859010460904
10,11,moving_average,10,2024-05-01,2024-05-02,2024-05-15,10,10,0.3161735665200502
10,11,moving_average,11,2024-05-15,2024-05-16,2024-05-29,10,10,0.17883909477789928
10,11,moving_average,12,2024-05-29,2024-05-30,2024-06-12,10,10,0.07742758253215959
10,11,moving_average,13,2024-06-12,2024-06-13,2024-06-26,10,10,0.07349395415755483
10,11,moving_average,14,2024-06-26,2024-06-27,2024-07-10,10,10,0.28328036399974693
10,11,moving_average,15,2024-07-10,2024-07-11,2024-07-24,10,10,0.14128437849750036
10,11,moving_average,16,2024-07-24,2024-07-25,2024-08-07,10,10,0.11325180119479389
10,11,moving_average,17,2024-08-07,2024-08-08,2024-08-21,10,10,0.2432178060247804
10,11,moving_average,18,2024-08-21,2024-08-22,2024-09-04,10,10,0.08843650913729645
10,11,moving_average,19,2024-09-04,2024-09-05,2024-09-18,10,10,0.1520835621605387
10,11,moving_average,20,2024-09-18,2024-09-19,2024-10-02,10,10,0.10021192931231555
10,11,moving_average,21,2024-10-02,2024-10-03,2024-10-16,10,10,0.09110546929060044
10,11,moving_average,22,2024-10-16,2024-10-17,2024-10-30,10,10,0.2386402837074916
10,11,moving_average,23,2024-10-30,2024-10-31,2024-11-13,10,10,0.11566172951832537
10,11,moving_average,24,2024-11-13,2024-11-14,2024-11-27,10,10,0.5589225998190815
10,11,moving_average,25,2024-11-27,2024-11-28,2024-12-11,10,10,1.656456936218956
10,11,moving_average,26,2024-12-11,2024-12-12,2024-12-25,10,9,1.0692880698490166
10,11,moving_average,27,2024-12-25,2024-12-26,2024-12-31,4,4,1.51806398188632
10,12,moving_average,1,2023-12-27,2023-12-28,2024-01-10,10,9,0.9168552239351769
10,12,moving_average,2,2024-01-10,2024-01-11,2024-01-24,10,10,1.1790718512184746
10,12,moving_average,3,2024-01-24,2024-01-25,2024-02-07,10,10,0.936098379667437
10,12,moving_average,4,2024-02-07,2024-02-08,2024-02-21,10,6,1.9073360204496466
10,12,moving_average,5,2024-02-21,2024-02-22,2024-03-06,10,10,1.76809271719993
10,12,moving_average,6,2024-03-06,2024-03-07,2024-03-20,10,10,1.1983390716050977
10,12,moving_average,7,2024-03-20,2024-03-21,2024-04-03,10,10,0.3861274405827251
10,12,moving_average,8,2024-04-03,2024-04-04,2024-04-17,10,10,0.2
10,12,moving_average,9,2024-04-17,2024-04-18,2024-05-01,10,10,0.638855321354125
10,12,moving_average,10,2024-05-01,2024-05-02,2024-05-15,10,10,1.349680836024111
10,12,moving_average,11,2024-05-15,2024-05-16,2024-05-29,10,10,1.2630096686350656
10,12,moving_average,12,2024-05-29,2024-05-30,2024-06-12,10,10,1.236627360552781
10,12,moving_average,13,2024-06-12,2024-06-13,2024-06-26,10,10,0.580019332070362
10,12,moving_average,14,2024-06-26,2024-06-27,2024-07-10,10,10,0.9030749744198003
10,12,moving_average,15,2024-07-10,2024-07-11,2024-07-24,10,10,1.3190654073045374
10,12,moving_average,16,2024-07-24,2024-07-25,2024-08-07,10,10,1.22041366484593
10,12,moving_average,17,2024-08-07,2024-08-08,2024-08-21,10,10,1.2557957413095808
10,12,moving_average,18,2024-08-21,2024-08-22,2024-09-04,10,10,1.2402308146252454
10,12,moving_average,19,2024-09-04,2024-09-05,2024-09-18,10,10,1.2283177625845094
10,12,moving_average,20,2024-09-18,2024-09-19,2024-10-02,10,10,0.8528673530176907
10,12,moving_average,21,2024-10-02,2024-10-03,2024-10-16,10,10,0.9030996099578792
10,12,moving_average,22,2024-10-16,2024-10-17,2024-10-30,10,10,0.7370807197627907
10,12,moving_average,23,2024-10-30,2024-10-31,2024-11-13,10,10,0.9838902792167125
10,12,moving_average,24,2024-11-13,2024-11-14,2024-11-27,10,10,0.184709039665821
10,12,moving_average,25,2024-11-27,2024-11-28,2024-12-11,10,10,1.0642840175225763
10,12,moving_average,26,2024-12-11,2024-12-12,2024-12-25,10,9,1.3213577337796485
10,12,moving_average,27,2024-12-25,2024-12-26,2024-12-31,4,4,0.8483956121580641
10,13,moving_average,1,2023-12-27,2023-12-28,2024-01-10,10,9,2.0
10,13,moving_average,2,2024-01-10,2024-01-11,2024-01-24,10,10,0.0
10,13,moving_average,3,2024-01-24,2024-01-25,2024-02-07,10,10,0.2
10,13,moving_average,4,2024-02-07,2024-02-08,2024-02-21,10,6,0.5522116392161623
10,13,moving_average,5,2024-02-21,2024-02-22,2024-03-06,10,10,0.0
10,13,moving_average,6,2024-03-06,2024-03-07,2024-03-20,10,10,0.6000000000000001
10,13,moving_average,7,2024-03-20,2024-03-21,2024-04-03,10,10,1.6729746881451413
10,13,moving_average,8,2024-04-03,2024-04-04,2024-04-17,10,10,2.0
10,13,moving_average,9,2024-04-17,2024-04-18,2024-05-01,10,10,1.6
10,13,moving_average,10,2024-05-01,2024-05-02,2024-05-15,10,10,1.1075127581659332
10,13,moving_average,11,2024-05-15,2024-05-16,2024-05-29,10,10,2.0
10,13,moving_average,12,2024-05-29,2024-05-30,2024-06-12,10,10,0.4
10,13,moving_average,13,2024-06-12,2024-06-13,2024-06-26,10,10,1.9362366050746525
10,13,moving_average,14,2024-06-26,2024-06-27,2024-07-10,10,10,1.580880096477261
10,13,moving_average,15,2024-07-10,2024-07-11,2024-07-24,10,10,1.8548946816761491
10,13,moving_average,16,2024-07-24,2024-07-25,2024-08-07,10,10,1.8357227003727077
10,13,moving_average,17,2024-08-07,2024-08-08,2024-08-21,10,10,1.6922006249369426
10,13,moving_average,18,2024-08-21,2024-08-22,2024-09-04,10,10,1.79077974924884
10,13,moving_average,19,2024-09-04,2024-09-05,2024-09-18,10,10,1.8142979931384453
10,13,moving_average,20,2024-09-18,2024-09-19,2024-10-02,10,10,1.8463039472430518
10,13,moving_average,21,2024-10-02,2024-10-03,2024-10-16,10,10,0.9860234431680555
10,13,moving_average,22,2024-10-16,2024-10-17,2024-10-30,10,10,2.0
10,13,moving_average,23,2024-10-30,2024-10-31,2024-11-13,10,10,0.0
10,13,moving_average,24,2024-11-13,2024-11-14,2024-11-27,10,10,0.0
10,13,moving_average,25,2024-11-27,2024-11-28,2024-12-11,10,10,0.2
10,13,moving_average,26,2024-12-11,2024-12-12,2024-12-25,10,9,0.8663821351895554
10,13,moving_average,27,2024-12-25,2024-12-26,2024-12-31,4,4,0.5
10,1,sarima_112_100_5,1,2023-12-27,2023-12-28,2024-01-10,10,9,0.0885551139688377
10,1,sarima_112_100_5,2,2024-01-10,2024-01-11,2024-01-24,10,10,0.19313537639538764
10,1,sarima_112_100_5,3,2024-01-24,2024-01-25,2024-02-07,10,10,0.12147538879768827
10,1,sarima_112_100_5,4,2024-02-07,2024-02-08,2024-02-21,10,6,0.03447117502525138
10,1,sarima_112_100_5,5,2024-02-21,2024-02-22,2024-03-06,10,10,0.09434297487350886
10,1,sarima_112_100_5,6,2024-03-06,2024-03-07,2024-03-20,10,10,0.13945287276488824
10,1,sarima_112_100_5,7,2024-03-20,2024-03-21,2024-04-03,10,10,0.09777169350155177
10,1,sarima_112_100_5,8,2024-04-03,2024-04-04,2024-04-17,10,10,0.07691923319753619
10,1,sarima_112_100_5,9,2024-04-17,2024-04-18,2024-05-01,10,10,0.24597771515352776
10,1,sarima_112_100_5,10,2024-05-01,2024-05-02,2024-05-15,10,10,0.19505052276634557
10,1,sarima_112_100_5,11,2024-05-15,2024-05-16,2024-05-29,10,10,0.09593526186004954
10,1,sarima_112_100_5,12,2024-05-29,2024-05-30,2024-06-12,10,10,0.14238683887080592
10,1,sarima_112_100_5,13,2024-06-12,2024-06-13,2024-06-26,10,10,0.07365081945889185
10,1,sarima_112_100_5,14,2024-06-26,2024-06-27,2024-07-10,10,10,0.06256574300476618
10,1,sarima_112_100_5,15,2024-07-10,2024-07-11,2024-07-24,10,10,0.06531836396835748
10,1,sarima_112_100_5,16,2024-07-24,2024-07-25,2024-08-07,10,10,0.09109733046332469
10,1,sarima_112_100_5,17,2024-08-07,2024-08-08,2024-08-21,10,10,0.09838976958169526
10,1,sarima_112_100_5,18,2024-08-21,2024-08-22,2024-09-04,10,10,0.07762353194641614
10,1,sarima_112_100_5,19,2024-09-04,2024-09-05,2024-09-18,10,10,0.14566792112602753
10,1,sarima_112_100_5,20,2024-09-18,2024-09-19,2024-10-02,10,10,0.10347569119510024
10,1,sarima_112_100_5,21,2024-10-02,2024-10-03,2024-10-16,10,10,0.07161594532328304
10,1,sarima_112_100_5,22,2024-10-16,2024-10-17,2024-10-30,10,10,0.08722221204731737
10,1,sarima_112_100_5,23,2024-10-30,2024-10-31,2024-11-13,10,10,0.07155801227950664
10,1,sarima_112_100_5,24,2024-11-13,2024-11-14,2024-11-27,10,10,0.08676542851789794
10,1,sarima_112_100_5,25,2024-11-27,2024-11-28,2024-12-11,10,10,0.0810298749440676
10,1,sarima_112_100_5,26,2024-12-11,2024-12-12,2024-12-25,10,9,0.06383125941765871
10,1,sarima_112_100_5,27,2024-12-25,2024-12-26,2024-12-31,4,4,0.049307076210019306
10,2,arima_111,1,2023-12-27,2023-12-28,2024-01-10,10,9,0.21715027189728503
10,2,arima_111,2,2024-01-10,2024-01-11,2024-01-24,10,10,0.2826739298402345
10,2,arima_111,3,2024-01-24,2024-01-25,2024-02-07,10,10,0.1282490503170066
10,2,arima_111,4,2024-02-07,2024-02-08,2024-02-21,10,6,0.0768412538844319
10,2,arima_111,5,2024-02-21,2024-02-22,2024-03-06,10,10,0.12952436351708776
10,2,arima_111,6,2024-03-06,2024-03-07,2024-03-20,10,10,0.045679158335378986
10,2,arima_111,7,2024-03-20,2024-03-21,2024-04-03,10,10,0.19231897277467314
10,2,arima_111,8,2024-04-03,2024-04-04,2024-04-17,10,10,0.08628909719354155
10,2,arima_111,9,2024-04-17,2024-04-18,2024-05-01,10,10,0.28177613963260767
10,2,arima_111,10,2024-05-01,2024-05-02,2024-05-15,10,10,0.12179912631549548
10,2,arima_111,11,2024-05-15,2024-05-16,2024-05-29,10,10,0.18275088381665802
10,2,arima_111,12,2024-05-29,2024-05-30,2024-06-12,10,10,0.1261104459753763
10,2,arima_111,13,2024-06-12,2024-06-13,2024-06-26,10,10,0.18068402893395916
10,2,arima_111,14,2024-06-26,2024-06-27,2024-07-10,10,10,0.15719660121902462
10,2,arima_111,15,2024-07-10,2024-07-11,2024-07-24,10,10,0.14581141786415633
10,2,arima_111,16,2024-07-24,2024-07-25,2024-08-07,10,10,0.07096271450696522
10,2,arima_111,17,2024-08-07,2024-08-08,2024-08-21,10,10,0.06739855640157592
10,2,arima_111,18,2024-08-21,2024-08-22,2024-09-04,10,10,0.08619679772496672
10,2,arima_111,19,2024-09-04,2024-09-05,2024-09-18,10,10,0.055740206265655456
10,2,arima_111,20,2024-09-18,2024-09-19,2024-10-02,10,10,0.07368911971979984
10,2,arima_111,21,2024-10-02,2024-10-03,2024-10-16,10,10,0.1903857794756747
10,2,arima_111,22,2024-10-16,2024-10-17,2024-10-30,10,10,0.09339870629297678
10,2,arima_111,23,2024-10-30,2024-10-31,2024-11-13,10,10,0.12502377460530786
10,2,arima_111,24,2024-11-13,2024-11-14,2024-11-27,10,10,0.0984953481019558
10,2,arima_111,25,2024-11-27,2024-11-28,2024-12-11,10,10,0.18718320911515923
10,2,arima_111,26,2024-12-11,2024-12-12,2024-12-25,10,9,0.11495232197289962
10,2,arima_111,27,2024-12-25,2024-12-26,2024-12-31,4,4,0.15659380612635732
10,3,arima_111,1,2023-12-27,2023-12-28,2024-01-10,10,9,0.09477665126290534
10,3,arima_111,2,2024-01-10,2024-01-11,2024-01-24,10,10,0.14737388749271982
10,3,arima_111,3,2024-01-24,2024-01-25,2024-02-07,10,10,0.10016830185470144
10,3,arima_111,4,2024-02-07,2024-02-08,2024-02-21,10,6,0.13407053118965326
10,3,arima_111,5,2024-02-21,2024-02-22,2024-03-06,10,10,0.06895844251558579
10,3,arima_111,6,2024-03-06,2024-03-07,2024-03-20,10,10,0.113823728081206
10,3,arima_111,7,2024-03-20,2024-03-21,2024-04-03,10,10,0.14723255478998487
10,3,arima_111,8,2024-04-03,2024-04-04,2024-04-17,10,10,0.1109103655947213
10,3,arima_111,9,2024-04-17,2024-04-18,2024-05-01,10,10,0.22644257194994943
10,3,arima_111,10,2024-05-01,2024-05-02,2024-05-15,10,10,0.14203201974141186
10,3,arima_111,11,2024-05-15,2024-05-16,2024-05-29,10,10,0.3657579141641751
10,3,arima_111,12,2024-05-29,2024-05-30,2024-06-12,10,10,0.0887205931046795
10,3,arima_111,13,2024-06-12,2024-06-13,2024-06-26,10,10,0.061144134341180024
10,3,arima_111,14,2024-06-26,2024-06-27,2024-07-10,10,10,0.1113669746095851
10,3,arima_111,15,2024-07-10,2024-07-11,2024-07-24,10,10,0.08925244716980232
10,3,arima_111,16,2024-07-24,2024-07-25,2024-08-07,10,10,0.13359797729230746
10,3,arima_111,17,2024-08-07,2024-08-08,2024-08-21,10,10,0.3131756658679273
10,3,arima_111,18,2024-08-21,2024-08-22,2024-09-04,10,10,0.14723213260472887
10,3,arima_111,19,2024-09-04,2024-09-05,2024-09-18,10,10,0.19030486809583796
10,3,arima_111,20,2024-09-18,2024-09-19,2024-10-02,10,10,0.08830862969063646
10,3,arima_111,21,2024-10-02,2024-10-03,2024-10-16,10,10,0.12075961474778887
10,3,arima_111,22,2024-10-16,2024-10-17,2024-10-30,10,10,0.09036022031583452
10,3,arima_111,23,2024-10-30,2024-10-31,2024-11-13,10,10,0.10301353071518256
10,3,arima_111,24,2024-11-13,2024-11-14,2024-11-27,10,10,0.11043553915958824
10,3,arima_111,25,2024-11-27,2024-11-28,2024-12-11,10,10,0.28130697809495875
10,3,arima_111,26,2024-12-11,2024-12-12,2024-12-25,10,9,0.07937495068240659
10,3,arima_111,27,2024-12-25,2024-12-26,2024-12-31,4,4,0.5457977168711571
10,4,arima_011,1,2023-12-27,2023-12-28,2024-01-10,10,9,0.12108815463132891
10,4,arima_011,2,2024-01-10,2024-01-11,2024-01-24,10,10,0.13547492144929643
10,4,arima_011,3,2024-01-24,2024-01-25,2024-02-07,10,10,0.11596707207211335
10,4,arima_011,4,2024-02-07,2024-02-08,2024-02-21,10,6,0.15195689033294524
10,4,arima_011,5,2024-02-21,2024-02-22,2024-03-06,10,10,0.13368252956078183
10,4,arima_011,6,2024-03-06,2024-03-07,2024-03-20,10,10,0.08475106704268465
10,4,arima_011,7,2024-03-20,2024-03-21,2024-04-03,10,10,0.18425196713254718
10,4,arima_011,8,2024-04-03,2024-04-04,2024-04-17,10,10,0.10372194786271893
10,4,arima_011,9,2024-04-17,2024-04-18,2024-05-01,10,10,0.2948173087189912
10,4,arima_011,10,2024-05-01,2024-05-02,2024-05-15,10,10,0.18381798434230154
10,4,arima_011,11,2024-05-15,2024-05-16,2024-05-29,10,10,0.18921646936279565
10,4,arima_011,12,2024-05-29,2024-05-30,2024-06-12,10,10,0.08092200852093817
10,4,arima_011,13,2024-06-12,2024-06-13,2024-06-26,10,10,0.0765707145142863
10,4,arima_011,14,2024-06-26,2024-06-27,2024-07-10,10,10,0.09567074344610474
10,4,arima_011,15,2024-07-10,2024-07-11,2024-07-24,10,10,0.10012623406331118
10,4,arima_011,16,2024-07-24,2024-07-25,2024-08-07,10,10,0.11687696390829677
10,4,arima_011,17,2024-08-07,2024-08-08,2024-08-21,10,10,0.23119184909846122
10,4,arima_011,18,2024-08-21,2024-08-22,2024-09-04,10,10,0.12163820776027996
10,4,arima_011,19,2024-09-04,2024-09-05,2024-09-18,10,10,0.11301885597511141
10,4,arima_011,20,2024-09-18,2024-09-19,2024-10-02,10,10,0.1481279964481606
10,4,arima_011,21,2024-10-02,2024-10-03,2024-10-16,10,10,0.21982570155620007
10,4,arima_011,22,2024-10-16,2024-10-17,2024-10-30,10,10,0.16604146880423248
10,4,arima_011,23,2024-10-30,2024-10-31,2024-11-13,10,10,0.12447385647102707
10,4,arima_011,24,2024-11-13,2024-11-14,2024-11-27,10,10,0.1372335468621981
10,4,arima_011,25,2024-11-27,2024-11-28,2024-12-11,10,10,0.16389291982621249
10,4,arima_011,26,2024-12-11,2024-12-12,2024-12-25,10,9,0.13734051277212705
10,4,arima_011,27,2024-12-25,2024-12-26,2024-12-31,4,4,0.5865595148556456
10,6,arima_011,1,2023-12-27,2023-12-28,2024-01-10,10,9,0.08276640229896182
10,6,arima_011,2,2024-01-10,2024-01-11,2024-01-24,10,10,0.1515435170354541
10,6,arima_011,3,2024-01-24,2024-01-25,2024-02-07,10,10,0.14599952028436908
10,6,arima_011,4,2024-02-07,2024-02-08,2024-02-21,10,6,0.11309457104562137
10,6,arima_011,5,2024-02-21,2024-02-22,2024-03-06,10,10,0.16332145480910631
10,6,arima_011,6,2024-03-06,2024-03-07,2024-03-20,10,10,0.12041390052628319
10,6,arima_011,7,2024-03-20,2024-03-21,2024-04-03,10,10,0.14568746946695335
10,6,arima_011,8,2024-04-03,2024-04-04,2024-04-17,10,10,0.07495768905768273
10,6,arima_011,9,2024-04-17,2024-04-18,2024-05-01,10,10,0.23183360366024652
10,6,arima_011,10,2024-05-01,2024-05-02,2024-05-15,10,10,0.11582867089439415
10,6,arima_011,11,2024-05-15,2024-05-16,2024-05-29,10,10,0.2987638278548454
10,6,arima_011,12,2024-05-29,2024-05-30,2024-06-12,10,10,0.11063263321307917
10,6,arima_011,13,2024-06-12,2024-06-13,2024-06-26,10,10,0.06615292415013384
10,6,arima_011,14,2024-06-26,2024-06-27,2024-07-10,10,10,0.12270553483141587
10,6,arima_011,15,2024-07-10,2024-07-11,2024-07-24,10,10,0.11041708075153729
10,6,arima_011,16,2024-07-24,2024-07-25,2024-08-07,10,10,0.12742794938930416
10,6,arima_011,17,2024-08-07,2024-08-08,2024-08-21,10,10,0.14685877192127977
10,6,arima_011,18,2024-08-21,2024-08-22,2024-09-04,10,10,0.12403184899053182
10,6,arima_011,19,2024-09-04,2024-09-05,2024-09-18,10,10,0.10725870608030036
10,6,arima_011,20,2024-09-18,2024-09-19,2024-10-02,10,10,0.09860530315868149
10,6,arima_011,21,2024-10-02,2024-10-03,2024-10-16,10,10,0.08185324725346034
10,6,arima_011,22,2024-10-16,2024-10-17,2024-10-30,10,10,0.09913047498655235
10,6,arima_011,23,2024-10-30,2024-10-31,2024-11-13,10,10,0.1099200247537173
10,6,arima_011,24,2024-11-13,2024-11-14,2024-11-27,10,10,0.060802790748010996
10,6,arima_011,25,2024-11-27,2024-11-28,2024-12-11,10,10,0.13681923611546834
10,6,arima_011,26,2024-12-11,2024-12-12,2024-12-25,10,9,0.08755636204804366
10,6,arima_011,27,2024-12-25,2024-12-26,2024-12-31,4,4,0.20768972221476972
10,7,arima_011,1,2023-12-27,2023-12-28,2024-01-10,10,9,0.1026300723575944
10,7,arima_011,2,2024-01-10,2024-01-11,2024-01-24,10,10,0.3459434522666104
10,7,arima_011,3,2024-01-24,2024-01-25,2024-02-07,10,10,0.2514843644821806
10,7,arima_011,4,2024-02-07,2024-02-08,2024-02-21,10,6,0.18897830683582573
10,7,arima_011,5,2024-02-21,2024-02-22,2024-03-06,10,10,0.22459025658337595
10,7,arima_011,6,2024-03-06,2024-03-07,2024-03-20,10,10,0.14541668449222817
10,7,arima_011,7,2024-03-20,2024-03-21,2024-04-03,10,10,0.23360555178856754
10,7,arima_011,8,2024-04-03,2024-04-04,2024-04-17,10,10,0.1457125191662825
10,7,arima_011,9,2024-04-17,2024-04-18,2024-05-01,10,10,0.3506914881263425
10,7,arima_011,10,2024-05-01,2024-05-02,2024-05-15,10,10,0.19011121314718393
10,7,arima_011,11,2024-05-15,2024-05-16,2024-05-29,10,10,0.4004439694087643
10,7,arima_011,12,2024-05-29,2024-05-30,2024-06-12,10,10,0.16978602436652965
10,7,arima_011,13,2024-06-12,2024-06-13,2024-06-26,10,10,0.1530519744471863
10,7,arima_011,14,2024-06-26,2024-06-27,2024-07-10,10,10,0.11630346400018293
10,7,arima_011,15,2024-07-10,2024-07-11,2024-07-24,10,10,0.1476602477019097
10,7,arima_011,16,2024-07-24,2024-07-25,2024-08-07,10,10,0.20313451664402327
10,7,arima_011,17,2024-08-07,2024-08-08,2024-08-21,10,10,0.3912904589234575
10,7,arima_011,18,2024-08-21,2024-08-22,2024-09-04,10,10,0.3013026859587719
10,7,arima_011,19,2024-09-04,2024-09-05,2024-09-18,10,10,0.34137953786153624
10,7,arima_011,20,2024-09-18,2024-09-19,2024-10-02,10,10,0.34145504989112124
10,7,arima_011,21,2024-10-02,2024-10-03,2024-10-16,10,10,0.340293711142146
10,7,arima_011,22,2024-10-16,2024-10-17,2024-10-30,10,10,0.10129655501236204
10,7,arima_011,23,2024-10-30,2024-10-31,2024-11-13,10,10,0.2725448617135848
10,7,arima_011,24,2024-11-13,2024-11-14,2024-11-27,10,10,0.16543985431084446
10,7,arima_011,25,2024-11-27,2024-11-28,2024-12-11,10,10,0.22639346251570425
10,7,arima_011,26,2024-12-11,2024-12-12,2024-12-25,10,9,0.20382898863166382
10,7,arima_011,27,2024-12-25,2024-12-26,2024-12-31,4,4,0.6450593353896346
10,8,arima_011,1,2023-12-27,2023-12-28,2024-01-10,10,9,0.3484998734652794
10,8,arima_011,2,2024-01-10,2024-01-11,2024-01-24,10,10,0.3339211293649449
10,8,arima_011,3,2024-01-24,2024-01-25,2024-02-07,10,10,0.19281335738672556
10,8,arima_011,4,2024-02-07,2024-02-08,2024-02-21,10,6,0.2962004827127333
10,8,arima_011,5,2024-02-21,2024-02-22,2024-03-06,10,10,0.1356468626700321
10,8,arima_011,6,2024-03-06,2024-03-07,2024-03-20,10,10,0.113217161086068
10,8,arima_011,7,2024-03-20,2024-03-21,2024-04-03,10,10,0.27321513971569084
10,8,arima_011,8,2024-04-03,2024-04-04,2024-04-17,10,10,0.22187329733798947
10,8,arima_011,9,2024-04-17,2024-04-18,2024-05-01,10,10,0.26308898669973096
10,8,arima_011,10,2024-05-01,2024-05-02,2024-05-15,10,10,0.20416157467035123
10,8,arima_011,11,2024-05-15,2024-05-16,2024-05-29,10,10,0.3784928429278375
10,8,arima_011,12,2024-05-29,2024-05-30,2024-06-12,10,10,0.06273604784265314
10,8,arima_011,13,2024-06-12,2024-06-13,2024-06-26,10,10,0.1011478512708624
10,8,arima_011,14,2024-06-26,2024-06-27,2024-07-10,10,10,0.25756886319525324
10,8,arima_011,15,2024-07-10,2024-07-11,2024-07-24,10,10,0.0952237299233961
10,8,arima_011,16,2024-07-24,2024-07-25,2024-08-07,10,10,0.19012240859690874
10,8,arima_011,17,2024-08-07,2024-08-08,2024-08-21,10,10,0.22300237301626105
10,8,arima_011,18,2024-08-21,2024-08-22,2024-09-04,10,10,0.10758035495805547
10,8,arima_011,19,2024-09-04,2024-09-05,2024-09-18,10,10,0.08369411318062978
10,8,arima_011,20,2024-09-18,2024-09-19,2024-10-02,10,10,0.1346264924093467
10,8,arima_011,21,2024-10-02,2024-10-03,2024-10-16,10,10,0.14068753133529108
10,8,arima_011,22,2024-10-16,2024-10-17,2024-10-30,10,10,0.04172071108031339
10,8,arima_011,23,2024-10-30,2024-10-31,2024-11-13,10,10,0.09781010583737478
10,8,arima_011,24,2024-11-13,2024-11-14,2024-11-27,10,10,0.12548555446435614
10,8,arima_011,25,2024-11-27,2024-11-28,2024-12-11,10,10,0.15796773759671764
10,8,arima_011,26,2024-12-11,2024-12-12,2024-12-25,10,9,0.0703610526714984
10,8,arima_011,27,2024-12-25,2024-12-26,2024-12-31,4,4,0.17921216071137008
10,5,arima_102,1,2023-12-27,2023-12-28,2024-01-10,10,9,0.09398187279976315
10,5,arima_102,2,2024-01-10,2024-01-11,2024-01-24,10,10,0.030863246530731928
10,5,arima_102,3,2024-01-24,2024-01-25,2024-02-07,10,10,0.16929396731201637
10,5,arima_102,4,2024-02-07,2024-02-08,2024-02-21,10,6,0.0626793100857389
10,5,arima_102,5,2024-02-21,2024-02-22,2024-03-06,10,10,0.1176334334075096
10,5,arima_102,6,2024-03-06,2024-03-07,2024-03-20,10,10,0.08352357688496248
10,5,arima_102,7,2024-03-20,2024-03-21,2024-04-03,10,10,0.09410754863035647
10,5,arima_102,8,2024-04-03,2024-04-04,2024-04-17,10,10,0.05910066320049689
10,5,arima_102,9,2024-04-17,2024-04-18,2024-05-01,10,10,0.22578692574859793
10,5,arima_102,10,2024-05-01,2024-05-02,2024-05-15,10,10,0.11544708389004409
10,5,arima_102,11,2024-05-15,2024-05-16,2024-05-29,10,10,0.356017855982383
10,5,arima_102,12,2024-05-29,2024-05-30,2024-06-12,10,10,0.12451487337734324
10,5,arima_102,13,2024-06-12,2024-06-13,2024-06-26,10,10,0.061029947113571105
10,5,arima_102,14,2024-06-26,2024-06-27,2024-07-10,10,10,0.08923959563501493
10,5,arima_102,15,2024-07-10,2024-07-11,2024-07-24,10,10,0.06967279076611442
10,5,arima_102,16,2024-07-24,2024-07-25,2024-08-07,10,10,0.10355742368925268
10,5,arima_102,17,2024-08-07,2024-08-08,2024-08-21,10,10,0.11601318514060073
10,5,arima_102,18,2024-08-21,2024-08-22,2024-09-04,10,10,0.08218154963164165
10,5,arima_102,19,2024-09-04,2024-09-05,2024-09-18,10,10,0.07501305469678013
10,5,arima_102,20,2024-09-18,2024-09-19,2024-10-02,10,10,0.07907475382577332
10,5,arima_102,21,2024-10-02,2024-10-03,2024-10-16,10,10,0.08586280701230264
10,5,arima_102,22,2024-10-16,2024-10-17,2024-10-30,10,10,0.04642825658227581
10,5,arima_102,23,2024-10-30,2024-10-31,2024-11-13,10,10,0.10527142586772434
10,5,arima_102,24,2024-11-13,2024-11-14,2024-11-27,10,10,0.07494510166416561
10,5,arima_102,25,2024-11-27,2024-11-28,2024-12-11,10,10,0.06850894637126004
10,5,arima_102,26,2024-12-11,2024-12-12,2024-12-25,10,9,0.04406639090292581
10,5,arima_102,27,2024-12-25,2024-12-26,2024-12-31,4,4,0.13671333902918684
10,9,arima_211,1,2023-12-27,2023-12-28,2024-01-10,10,9,0.15578820890410638
10,9,arima_211,2,2024-01-10,2024-01-11,2024-01-24,10,10,0.09294171911366898
10,9,arima_211,3,2024-01-24,2024-01-25,2024-02-07,10,10,0.11119853516996255
10,9,arima_211,4,2024-02-07,2024-02-08,2024-02-21,10,6,0.4904455938143149
10,9,arima_211,5,2024-02-21,2024-02-22,2024-03-06,10,10,0.28047466138379423
10,9,arima_211,6,2024-03-06,2024-03-07,2024-03-20,10,10,0.08636890240835822
10,9,arima_211,7,2024-03-20,2024-03-21,2024-04-03,10,10,0.264531325409458
10,9,arima_211,8,2024-04-03,2024-04-04,2024-04-17,10,10,0.31627633845285863
10,9,arima_211,9,2024-04-17,2024-04-18,2024-05-01,10,10,0.17976077681836558
10,9,arima_211,10,2024-05-01,2024-05-02,2024-05-15,10,10,0.3702139996150078
10,9,arima_211,11,2024-05-15,2024-05-16,2024-05-29,10,10,0.3242524208867339
10,9,arima_211,12,2024-05-29,2024-05-30,2024-06-12,10,10,0.10465315186314544
10,9,arima_211,13,2024-06-12,2024-06-13,2024-06-26,10,10,0.09804456252592626
10,9,arima_211,14,2024-06-26,2024-06-27,2024-07-10,10,10,0.38435642405345205
10,9,arima_211,15,2024-07-10,2024-07-11,2024-07-24,10,10,0.06474696661716009
10,9,arima_211,16,2024-07-24,2024-07-25,2024-08-07,10,10,0.14266190076511712
10,9,arima_211,17,2024-08-07,2024-08-08,2024-08-21,10,10,0.17365315508832382
10,9,arima_211,18,2024-08-21,2024-08-22,2024-09-04,10,10,0.13173854160623333
10,9,arima_211,19,2024-09-04,2024-09-05,2024-09-18,10,10,0.14290184687283383
10,9,arima_211,20,2024-09-18,2024-09-19,2024-10-02,10,10,0.1006613592730774
10,9,arima_211,21,2024-10-02,2024-10-03,2024-10-16,10,10,0.12720460629961583
10,9,arima_211,22,2024-10-16,2024-10-17,2024-10-30,10,10,0.07396044319817732
10,9,arima_211,23,2024-10-30,2024-10-31,2024-11-13,10,10,0.11088800561385914
10,9,arima_211,24,2024-11-13,2024-11-14,2024-11-27,10,10,0.0568232727374695
10,9,arima_211,25,2024-11-27,2024-11-28,2024-12-11,10,10,0.10979180721668964
10,9,arima_211,26,2024-12-11,2024-12-12,2024-12-25,10,9,0.09678547715199837
10,9,arima_211,27,2024-12-25,2024-12-26,2024-12-31,4,4,0.2648878097473824
10,10,arima_012,1,2023-12-27,2023-12-28,2024-01-10,10,9,0.1301378454403515
10,10,arima_012,2,2024-01-10,2024-01-11,2024-01-24,10,10,0.10059895989414057
10,10,arima_012,3,2024-01-24,2024-01-25,2024-02-07,10,10,0.13006902635582268
10,10,arima_012,4,2024-02-07,2024-02-08,2024-02-21,10,6,0.15209880310187707
10,10,arima_012,5,2024-02-21,2024-02-22,2024-03-06,10,10,0.11676282998281343
10,10,arima_012,6,2024-03-06,2024-03-07,2024-03-20,10,10,0.08849661808785989
10,10,arima_012,7,2024-03-20,2024-03-21,2024-04-03,10,10,0.09310401158202591
10,10,arima_012,8,2024-04-03,2024-04-04,2024-04-17,10,10,0.14788646938940417
10,10,arima_012,9,2024-04-17,2024-04-18,2024-05-01,10,10,0.16281840385620305
10,10,arima_012,10,2024-05-01,2024-05-02,2024-05-15,10,10,0.14309436652786936
10,10,arima_012,11,2024-05-15,2024-05-16,2024-05-29,10,10,0.20963796513275323
10,10,arima_012,12,2024-05-29,2024-05-30,2024-06-12,10,10,0.1445683316845709
10,10,arima_012,13,2024-06-12,2024-06-13,2024-06-26,10,10,0.05594700763020222
10,10,arima_012,14,2024-06-26,2024-06-27,2024-07-10,10,10,0.08569720861549507
10,10,arima_012,15,2024-07-10,2024-07-11,2024-07-24,10,10,0.07265921458016737
10,10,arima_012,16,2024-07-24,2024-07-25,2024-08-07,10,10,0.08307073241393391
10,10,arima_012,17,2024-08-07,2024-08-08,2024-08-21,10,10,0.14497756756351685
10,10,arima_012,18,2024-08-21,2024-08-22,2024-09-04,10,10,0.06893011682869053
10,10,arima_012,19,2024-09-04,2024-09-05,2024-09-18,10,10,0.06378296830849338
10,10,arima_012,20,2024-09-18,2024-09-19,2024-10-02,10,10,0.06841444630108233
10,10,arima_012,21,2024-10-02,2024-10-03,2024-10-16,10,10,0.15550982475969785
10,10,arima_012,22,2024-10-16,2024-10-17,2024-10-30,10,10,0.056127968610657476
10,10,arima_012,23,2024-10-30,2024-10-31,2024-11-13,10,10,0.05849545715969652
10,10,arima_012,24,2024-11-13,2024-11-14,2024-11-27,10,10,0.11320077947146226
10,10,arima_012,25,2024-11-27,2024-11-28,2024-12-11,10,10,0.07784811407139995
10,10,arima_012,26,2024-12-11,2024-12-12,2024-12-25,10,9,0.07809613681278084
10,10,arima_012,27,2024-12-25,2024-12-26,2024-12-31,4,4,0.16876335600193795
10,11,sarima_112_001_5,1,2023-12-27,2023-12-28,2024-01-10,10,9,0.10906724199961508
10,11,sarima_112_001_5,2,2024-01-10,2024-01-11,2024-01-24,10,10,1.6128060960394106
10,11,sarima_112_001_5,3,2024-01-24,2024-01-25,2024-02-07,10,10,1.1090824800647046
10,11,sarima_112_001_5,4,2024-02-07,2024-02-08,2024-02-21,10,6,0.2072728442441192
10,11,sarima_112_001_5,5,2024-02-21,2024-02-22,2024-03-06,10,10,0.10068311565309572
10,11,sarima_112_001_5,6,2024-03-06,2024-03-07,2024-03-20,10,10,0.14264966789046293
10,11,sarima_112_001_5,7,2024-03-20,2024-03-21,2024-04-03,10,10,0.17052498877800323
10,11,sarima_112_001_5,8,2024-04-03,2024-04-04,2024-04-17,10,10,0.16232082436870612
10,11,sarima_112_001_5,9,2024-04-17,2024-04-18,2024-05-01,10,10,0.1481867133282953
10,11,sarima_112_001_5,10,2024-05-01,2024-05-02,2024-05-15,10,10,0.2640589126473543
10,11,sarima_112_001_5,11,2024-05-15,2024-05-16,2024-05-29,10,10,0.193207602445423
10,11,sarima_112_001_5,12,2024-05-29,2024-05-30,2024-06-12,10,10,0.13911803738979198
10,11,sarima_112_001_5,13,2024-06-12,2024-06-13,2024-06-26,10,10,0.08916301628554743
10,11,sarima_112_001_5,14,2024-06-26,2024-06-27,2024-07-10,10,10,0.25190696400209345
10,11,sarima_112_001_5,15,2024-07-10,2024-07-11,2024-07-24,10,10,0.11563263031906684
10,11,sarima_112_001_5,16,2024-07-24,2024-07-25,2024-08-07,10,10,0.13092418112044832
10,11,sarima_112_001_5,17,2024-08-07,2024-08-08,2024-08-21,10,10,0.247202906973363
10,11,sarima_112_001_5,18,2024-08-21,2024-08-22,2024-09-04,10,10,0.10404121107076197
10,11,sarima_112_001_5,19,2024-09-04,2024-09-05,2024-09-18,10,10,0.15193342591125814
10,11,sarima_112_001_5,20,2024-09-18,2024-09-19,2024-10-02,10,10,0.07605543957980844
10,11,sarima_112_001_5,21,2024-10-02,2024-10-03,2024-10-16,10,10,0.117710250174098
10,11,sarima_112_001_5,22,2024-10-16,2024-10-17,2024-10-30,10,10,0.19673896454645845
10,11,sarima_112_001_5,23,2024-10-30,2024-10-31,2024-11-13,10,10,0.17074177880759786
10,11,sarima_112_001_5,24,2024-11-13,2024-11-14,2024-11-27,10,10,0.5381718567710092
10,11,sarima_112_001_5,25,2024-11-27,2024-11-28,2024-12-11,10,10,1.6095349674708204
10,11,sarima_112_001_5,26,2024-12-11,2024-12-12,2024-12-25,10,9,1.0203960483174337
10,11,sarima_112_001_5,27,2024-12-25,2024-12-26,2024-12-31,4,4,1.8266513019167174
10,12,arima_500,1,2023-12-27,2023-12-28,2024-01-10,10,9,1.3001100234927991
10,12,arima_500,2,2024-01-10,2024-01-11,2024-01-24,10,10,1.3335441812328919
10,12,arima_500,3,2024-01-24,2024-01-25,2024-02-07,10,10,1.4496637863894781
10,12,arima_500,4,2024-02-07,2024-02-08,2024-02-21,10,6,1.896639210799964
10,12,arima_500,5,2024-02-21,2024-02-22,2024-03-06,10,10,0.5835462521654943
10,12,arima_500,6,2024-03-06,2024-03-07,2024-03-20,10,10,0.2
10,12,arima_500,7,2024-03-20,2024-03-21,2024-04-03,10,10,4.136060524801478e-17
10,12,arima_500,8,2024-04-03,2024-04-04,2024-04-17,10,10,0.2
10,12,arima_500,9,2024-04-17,2024-04-18,2024-05-01,10,10,0.4
10,12,arima_500,10,2024-05-01,2024-05-02,2024-05-15,10,10,1.5029312549269864
10,12,arima_500,11,2024-05-15,2024-05-16,2024-05-29,10,10,1.3096344079590123
10,12,arima_500,12,2024-05-29,2024-05-30,2024-06-12,10,10,1.456273500966994
10,12,arima_500,13,2024-06-12,2024-06-13,2024-06-26,10,10,0.6064672476677846
10,12,arima_500,14,2024-06-26,2024-06-27,2024-07-10,10,10,1.0707920935809088
10,12,arima_500,15,2024-07-10,2024-07-11,2024-07-24,10,10,1.3110269539608554
10,12,arima_500,16,2024-07-24,2024-07-25,2024-08-07,10,10,1.664946514653682
10,12,arima_500,17,2024-08-07,2024-08-08,2024-08-21,10,10,1.453772400431411
10,12,arima_500,18,2024-08-21,2024-08-22,2024-09-04,10,10,1.1510059336972192
10,12,arima_500,19,2024-09-04,2024-09-05,2024-09-18,10,10,1.3908243778005416
10,12,arima_500,20,2024-09-18,2024-09-19,2024-10-02,10,10,0.9470483619103212
10,12,arima_500,21,2024-10-02,2024-10-03,2024-10-16,10,10,1.0969227678353073
10,12,arima_500,22,2024-10-16,2024-10-17,2024-10-30,10,10,0.8151780640495077
10,12,arima_500,23,2024-10-30,2024-10-31,2024-11-13,10,10,1.142456799331027
10,12,arima_500,24,2024-11-13,2024-11-14,2024-11-27,10,10,0.6075311173950754
10,12,arima_500,25,2024-11-27,2024-11-28,2024-12-11,10,10,1.1871312643482443
10,12,arima_500,26,2024-12-11,2024-12-12,2024-12-25,10,9,1.3128709250401698
10,12,arima_500,27,2024-12-25,2024-12-26,2024-12-31,4,4,1.7247998099917514
10,13,sarima_113_002_5,1,2023-12-27,2023-12-28,2024-01-10,10,9,2.0
10,13,sarima_113_002_5,2,2024-01-10,2024-01-11,2024-01-24,10,10,2.0
10,13,sarima_113_002_5,3,2024-01-24,2024-01-25,2024-02-07,10,10,1.9297834987267266
10,13,sarima_113_002_5,4,2024-02-07,2024-02-08,2024-02-21,10,6,2.0
10,13,sarima_113_002_5,5,2024-02-21,2024-02-22,2024-03-06,10,10,2.0
10,13,sarima_113_002_5,6,2024-03-06,2024-03-07,2024-03-20,10,10,1.9146418958958682
10,13,sarima_113_002_5,7,2024-03-20,2024-03-21,2024-04-03,10,10,1.8698504921238834
10,13,sarima_113_002_5,8,2024-04-03,2024-04-04,2024-04-17,10,10,2.0
10,13,sarima_113_002_5,9,2024-04-17,2024-04-18,2024-05-01,10,10,1.6597430948558995
10,13,sarima_113_002_5,10,2024-05-01,2024-05-02,2024-05-15,10,10,0.9289856930418483
10,13,sarima_113_002_5,11,2024-05-15,2024-05-16,2024-05-29,10,10,2.0
10,13,sarima_113_002_5,12,2024-05-29,2024-05-30,2024-06-12,10,10,1.8896090412844568
10,13,sarima_113_002_5,13,2024-06-12,2024-06-13,2024-06-26,10,10,1.9393031545225399
10,13,sarima_113_002_5,14,2024-06-26,2024-06-27,2024-07-10,10,10,1.9521347176222947
10,13,sarima_113_002_5,15,2024-07-10,2024-07-11,2024-07-24,10,10,1.7836240006224005
10,13,sarima_113_002_5,16,2024-07-24,2024-07-25,2024-08-07,10,10,1.6887298820660879
10,13,sarima_113_002_5,17,2024-08-07,2024-08-08,2024-08-21,10,10,1.7472829052109455
10,13,sarima_113_002_5,18,2024-08-21,2024-08-22,2024-09-04,10,10,1.4929898371350474
10,13,sarima_113_002_5,19,2024-09-04,2024-09-05,2024-09-18,10,10,1.8062159278604946
10,13,sarima_113_002_5,20,2024-09-18,2024-09-19,2024-10-02,10,10,1.9528359396214903
10,13,sarima_113_002_5,21,2024-10-02,2024-10-03,2024-10-16,10,10,1.6123024567194593
10,13,sarima_113_002_5,22,2024-10-16,2024-10-17,2024-10-30,10,10,1.9682146404262164
10,13,sarima_113_002_5,23,2024-10-30,2024-10-31,2024-11-13,10,10,2.0
10,13,sarima_113_002_5,24,2024-11-13,2024-11-14,2024-11-27,10,10,2.0
10,13,sarima_113_002_5,25,2024-11-27,2024-11-28,2024-12-11,10,10,1.8375576829276974
10,13,sarima_113_002_5,26,2024-12-11,2024-12-12,2024-12-25,10,9,1.8160579020106138
10,13,sarima_113_002_5,27,2024-12-25,2024-12-26,2024-12-31,4,4,1.8895796083502614
10,1,ridge_lags_1_5_10_alpha_1,1,2023-12-27,2023-12-28,2024-01-10,10,9,0.1929145093008928
10,1,ridge_lags_1_5_10_alpha_1,2,2024-01-10,2024-01-11,2024-01-24,10,10,0.3059234609772126
10,1,ridge_lags_1_5_10_alpha_1,3,2024-01-24,2024-01-25,2024-02-07,10,10,0.11062563533591263
10,1,ridge_lags_1_5_10_alpha_1,4,2024-02-07,2024-02-08,2024-02-21,10,6,0.1593547707846759
10,1,ridge_lags_1_5_10_alpha_1,5,2024-02-21,2024-02-22,2024-03-06,10,10,0.09039143137643668
10,1,ridge_lags_1_5_10_alpha_1,6,2024-03-06,2024-03-07,2024-03-20,10,10,0.08242772908273995
10,1,ridge_lags_1_5_10_alpha_1,7,2024-03-20,2024-03-21,2024-04-03,10,10,0.1201823818089049
10,1,ridge_lags_1_5_10_alpha_1,8,2024-04-03,2024-04-04,2024-04-17,10,10,0.0947239742495514
10,1,ridge_lags_1_5_10_alpha_1,9,2024-04-17,2024-04-18,2024-05-01,10,10,0.19236982049595602
10,1,ridge_lags_1_5_10_alpha_1,10,2024-05-01,2024-05-02,2024-05-15,10,10,0.1508350476229704
10,1,ridge_lags_1_5_10_alpha_1,11,2024-05-15,2024-05-16,2024-05-29,10,10,0.08637514905335168
10,1,ridge_lags_1_5_10_alpha_1,12,2024-05-29,2024-05-30,2024-06-12,10,10,0.11576019460469796
10,1,ridge_lags_1_5_10_alpha_1,13,2024-06-12,2024-06-13,2024-06-26,10,10,0.08484698724744585
10,1,ridge_lags_1_5_10_alpha_1,14,2024-06-26,2024-06-27,2024-07-10,10,10,0.06708510279833778
10,1,ridge_lags_1_5_10_alpha_1,15,2024-07-10,2024-07-11,2024-07-24,10,10,0.06008819082379679
10,1,ridge_lags_1_5_10_alpha_1,16,2024-07-24,2024-07-25,2024-08-07,10,10,0.08998543518825175
10,1,ridge_lags_1_5_10_alpha_1,17,2024-08-07,2024-08-08,2024-08-21,10,10,0.10587297377596364
10,1,ridge_lags_1_5_10_alpha_1,18,2024-08-21,2024-08-22,2024-09-04,10,10,0.10299022354128934
10,1,ridge_lags_1_5_10_alpha_1,19,2024-09-04,2024-09-05,2024-09-18,10,10,0.19246546064371134
10,1,ridge_lags_1_5_10_alpha_1,20,2024-09-18,2024-09-19,2024-10-02,10,10,0.17100858387135504
10,1,ridge_lags_1_5_10_alpha_1,21,2024-10-02,2024-10-03,2024-10-16,10,10,0.18091088735552038
10,1,ridge_lags_1_5_10_alpha_1,22,2024-10-16,2024-10-17,2024-10-30,10,10,0.24054532742890888
10,1,ridge_lags_1_5_10_alpha_1,23,2024-10-30,2024-10-31,2024-11-13,10,10,0.2505210416046752
10,1,ridge_lags_1_5_10_alpha_1,24,2024-11-13,2024-11-14,2024-11-27,10,10,0.27276990780072247
10,1,ridge_lags_1_5_10_alpha_1,25,2024-11-27,2024-11-28,2024-12-11,10,10,0.16080152819430332
10,1,ridge_lags_1_5_10_alpha_1,26,2024-12-11,2024-12-12,2024-12-25,10,9,0.19242198275603387
10,1,ridge_lags_1_5_10_alpha_1,27,2024-12-25,2024-12-26,2024-12-31,4,4,0.12840499271082667
10,2,ridge_lags_1_5_10_alpha_1,1,2023-12-27,2023-12-28,2024-01-10,10,9,0.20405722222897948
10,2,ridge_lags_1_5_10_alpha_1,2,2024-01-10,2024-01-11,2024-01-24,10,10,0.3558297649903014
10,2,ridge_lags_1_5_10_alpha_1,3,2024-01-24,2024-01-25,2024-02-07,10,10,0.3907230620628272
10,2,ridge_lags_1_5_10_alpha_1,4,2024-02-07,2024-02-08,2024-02-21,10,6,0.3055941250119072
10,2,ridge_lags_1_5_10_alpha_1,5,2024-02-21,2024-02-22,2024-03-06,10,10,0.196264318672517
10,2,ridge_lags_1_5_10_alpha_1,6,2024-03-06,2024-03-07,2024-03-20,10,10,0.23362805511839882
10,2,ridge_lags_1_5_10_alpha_1,7,2024-03-20,2024-03-21,2024-04-03,10,10,0.16207172472841677
10,2,ridge_lags_1_5_10_alpha_1,8,2024-04-03,2024-04-04,2024-04-17,10,10,0.19979593388198955
10,2,ridge_lags_1_5_10_alpha_1,9,2024-04-17,2024-04-18,2024-05-01,10,10,0.19203188484901063
10,2,ridge_lags_1_5_10_alpha_1,10,2024-05-01,2024-05-02,2024-05-15,10,10,0.12898654093104853
10,2,ridge_lags_1_5_10_alpha_1,11,2024-05-15,2024-05-16,2024-05-29,10,10,0.22353097614192624
10,2,ridge_lags_1_5_10_alpha_1,12,2024-05-29,2024-05-30,2024-06-12,10,10,0.08555677799321285
10,2,ridge_lags_1_5_10_alpha_1,13,2024-06-12,2024-06-13,2024-06-26,10,10,0.12410273446631155
10,2,ridge_lags_1_5_10_alpha_1,14,2024-06-26,2024-06-27,2024-07-10,10,10,0.15297545179809902
10,2,ridge_lags_1_5_10_alpha_1,15,2024-07-10,2024-07-11,2024-07-24,10,10,0.09673762937933364
10,2,ridge_lags_1_5_10_alpha_1,16,2024-07-24,2024-07-25,2024-08-07,10,10,0.06569296039204468
10,2,ridge_lags_1_5_10_alpha_1,17,2024-08-07,2024-08-08,2024-08-21,10,10,0.061127438372902645
10,2,ridge_lags_1_5_10_alpha_1,18,2024-08-21,2024-08-22,2024-09-04,10,10,0.09155800163404562
10,2,ridge_lags_1_5_10_alpha_1,19,2024-09-04,2024-09-05,2024-09-18,10,10,0.05690738603047601
10,2,ridge_lags_1_5_10_alpha_1,20,2024-09-18,2024-09-19,2024-10-02,10,10,0.07378177560532061
10,2,ridge_lags_1_5_10_alpha_1,21,2024-10-02,2024-10-03,2024-10-16,10,10,0.20372543391067907
10,2,ridge_lags_1_5_10_alpha_1,22,2024-10-16,2024-10-17,2024-10-30,10,10,0.09037821040221858
10,2,ridge_lags_1_5_10_alpha_1,23,2024-10-30,2024-10-31,2024-11-13,10,10,0.1495931392863008
10,2,ridge_lags_1_5_10_alpha_1,24,2024-11-13,2024-11-14,2024-11-27,10,10,0.11314472811088215
10,2,ridge_lags_1_5_10_alpha_1,25,2024-11-27,2024-11-28,2024-12-11,10,10,0.15304667496198676
10,2,ridge_lags_1_5_10_alpha_1,26,2024-12-11,2024-12-12,2024-12-25,10,9,0.17123611923040133
10,2,ridge_lags_1_5_10_alpha_1,27,2024-12-25,2024-12-26,2024-12-31,4,4,0.2141277095591198
10,3,ridge_lags_1_5_10_alpha_1,1,2023-12-27,2023-12-28,2024-01-10,10,9,0.07491374959363988
10,3,ridge_lags_1_5_10_alpha_1,2,2024-01-10,2024-01-11,2024-01-24,10,10,0.13880711873221815
10,3,ridge_lags_1_5_10_alpha_1,3,2024-01-24,2024-01-25,2024-02-07,10,10,0.13569929349591453
10,3,ridge_lags_1_5_10_alpha_1,4,2024-02-07,2024-02-08,2024-02-21,10,6,0.11752042821520427
10,3,ridge_lags_1_5_10_alpha_1,5,2024-02-21,2024-02-22,2024-03-06,10,10,0.07897272606265907
10,3,ridge_lags_1_5_10_alpha_1,6,2024-03-06,2024-03-07,2024-03-20,10,10,0.10774197095175064
10,3,ridge_lags_1_5_10_alpha_1,7,2024-03-20,2024-03-21,2024-04-03,10,10,0.12676832771938887
10,3,ridge_lags_1_5_10_alpha_1,8,2024-04-03,2024-04-04,2024-04-17,10,10,0.12236151033914285
10,3,ridge_lags_1_5_10_alpha_1,9,2024-04-17,2024-04-18,2024-05-01,10,10,0.26393117064354094
10,3,ridge_lags_1_5_10_alpha_1,10,2024-05-01,2024-05-02,2024-05-15,10,10,0.17116840424859675
10,3,ridge_lags_1_5_10_alpha_1,11,2024-05-15,2024-05-16,2024-05-29,10,10,0.32748575619720843
10,3,ridge_lags_1_5_10_alpha_1,12,2024-05-29,2024-05-30,2024-06-12,10,10,0.08877003612998478
10,3,ridge_lags_1_5_10_alpha_1,13,2024-06-12,2024-06-13,2024-06-26,10,10,0.0723063913312832
10,3,ridge_lags_1_5_10_alpha_1,14,2024-06-26,2024-06-27,2024-07-10,10,10,0.13888220218828035
10,3,ridge_lags_1_5_10_alpha_1,15,2024-07-10,2024-07-11,2024-07-24,10,10,0.0609026406601959
10,3,ridge_lags_1_5_10_alpha_1,16,2024-07-24,2024-07-25,2024-08-07,10,10,0.15783475287511664
10,3,ridge_lags_1_5_10_alpha_1,17,2024-08-07,2024-08-08,2024-08-21,10,10,0.3230166056806943
10,3,ridge_lags_1_5_10_alpha_1,18,2024-08-21,2024-08-22,2024-09-04,10,10,0.11995578616566763
10,3,ridge_lags_1_5_10_alpha_1,19,2024-09-04,2024-09-05,2024-09-18,10,10,0.24408012103225418
10,3,ridge_lags_1_5_10_alpha_1,20,2024-09-18,2024-09-19,2024-10-02,10,10,0.12256112120972731
10,3,ridge_lags_1_5_10_alpha_1,21,2024-10-02,2024-10-03,2024-10-16,10,10,0.14958807523752227
10,3,ridge_lags_1_5_10_alpha_1,22,2024-10-16,2024-10-17,2024-10-30,10,10,0.10458229819237737
10,3,ridge_lags_1_5_10_alpha_1,23,2024-10-30,2024-10-31,2024-11-13,10,10,0.05195703389927643
10,3,ridge_lags_1_5_10_alpha_1,24,2024-11-13,2024-11-14,2024-11-27,10,10,0.11328416873639971
10,3,ridge_lags_1_5_10_alpha_1,25,2024-11-27,2024-11-28,2024-12-11,10,10,0.23528759129310883
10,3,ridge_lags_1_5_10_alpha_1,26,2024-12-11,2024-12-12,2024-12-25,10,9,0.11171101855572838
10,3,ridge_lags_1_5_10_alpha_1,27,2024-12-25,2024-12-26,2024-12-31,4,4,0.5803856500551087
10,4,ridge_lags_1_5_10_alpha_1,1,2023-12-27,2023-12-28,2024-01-10,10,9,0.16772820487844287
10,4,ridge_lags_1_5_10_alpha_1,2,2024-01-10,2024-01-11,2024-01-24,10,10,0.18343273449666203
10,4,ridge_lags_1_5_10_alpha_1,3,2024-01-24,2024-01-25,2024-02-07,10,10,0.07684497759239983
10,4,ridge_lags_1_5_10_alpha_1,4,2024-02-07,2024-02-08,2024-02-21,10,6,0.13719890753315928
10,4,ridge_lags_1_5_10_alpha_1,5,2024-02-21,2024-02-22,2024-03-06,10,10,0.10086457081836948
10,4,ridge_lags_1_5_10_alpha_1,6,2024-03-06,2024-03-07,2024-03-20,10,10,0.05789478261134743
10,4,ridge_lags_1_5_10_alpha_1,7,2024-03-20,2024-03-21,2024-04-03,10,10,0.17513425884524114
10,4,ridge_lags_1_5_10_alpha_1,8,2024-04-03,2024-04-04,2024-04-17,10,10,0.10882824371583683
10,4,ridge_lags_1_5_10_alpha_1,9,2024-04-17,2024-04-18,2024-05-01,10,10,0.31559927340511057
10,4,ridge_lags_1_5_10_alpha_1,10,2024-05-01,2024-05-02,2024-05-15,10,10,0.2748566321974201
10,4,ridge_lags_1_5_10_alpha_1,11,2024-05-15,2024-05-16,2024-05-29,10,10,0.2863889588137257
10,4,ridge_lags_1_5_10_alpha_1,12,2024-05-29,2024-05-30,2024-06-12,10,10,0.14702869653290468
10,4,ridge_lags_1_5_10_alpha_1,13,2024-06-12,2024-06-13,2024-06-26,10,10,0.12019573929746359
10,4,ridge_lags_1_5_10_alpha_1,14,2024-06-26,2024-06-27,2024-07-10,10,10,0.15838630414545035
10,4,ridge_lags_1_5_10_alpha_1,15,2024-07-10,2024-07-11,2024-07-24,10,10,0.14555134871476083
10,4,ridge_lags_1_5_10_alpha_1,16,2024-07-24,2024-07-25,2024-08-07,10,10,0.09953509336065197
10,4,ridge_lags_1_5_10_alpha_1,17,2024-08-07,2024-08-08,2024-08-21,10,10,0.23964158398608842
10,4,ridge_lags_1_5_10_alpha_1,18,2024-08-21,2024-08-22,2024-09-04,10,10,0.11429520962010697
10,4,ridge_lags_1_5_10_alpha_1,19,2024-09-04,2024-09-05,2024-09-18,10,10,0.15019449651540345
10,4,ridge_lags_1_5_10_alpha_1,20,2024-09-18,2024-09-19,2024-10-02,10,10,0.22031895495425702
10,4,ridge_lags_1_5_10_alpha_1,21,2024-10-02,2024-10-03,2024-10-16,10,10,0.3397898652144467
10,4,ridge_lags_1_5_10_alpha_1,22,2024-10-16,2024-10-17,2024-10-30,10,10,0.14618501670715592
10,4,ridge_lags_1_5_10_alpha_1,23,2024-10-30,2024-10-31,2024-11-13,10,10,0.08663323858290102
10,4,ridge_lags_1_5_10_alpha_1,24,2024-11-13,2024-11-14,2024-11-27,10,10,0.10076721182341747
10,4,ridge_lags_1_5_10_alpha_1,25,2024-11-27,2024-11-28,2024-12-11,10,10,0.09711211102400152
10,4,ridge_lags_1_5_10_alpha_1,26,2024-12-11,2024-12-12,2024-12-25,10,9,0.12056339708188203
10,4,ridge_lags_1_5_10_alpha_1,27,2024-12-25,2024-12-26,2024-12-31,4,4,0.5848781966177597
10,5,ridge_lags_1_5_10_alpha_1,1,2023-12-27,2023-12-28,2024-01-10,10,9,0.2784965136308618
10,5,ridge_lags_1_5_10_alpha_1,2,2024-01-10,2024-01-11,2024-01-24,10,10,0.2502995324861769
10,5,ridge_lags_1_5_10_alpha_1,3,2024-01-24,2024-01-25,2024-02-07,10,10,0.11939491156825016
10,5,ridge_lags_1_5_10_alpha_1,4,2024-02-07,2024-02-08,2024-02-21,10,6,0.1489369441669045
10,5,ridge_lags_1_5_10_alpha_1,5,2024-02-21,2024-02-22,2024-03-06,10,10,0.06930996064402262
10,5,ridge_lags_1_5_10_alpha_1,6,2024-03-06,2024-03-07,2024-03-20,10,10,0.10456806034596924
10,5,ridge_lags_1_5_10_alpha_1,7,2024-03-20,2024-03-21,2024-04-03,10,10,0.11970680752677887
10,5,ridge_lags_1_5_10_alpha_1,8,2024-04-03,2024-04-04,2024-04-17,10,10,0.09629646650796206
10,5,ridge_lags_1_5_10_alpha_1,9,2024-04-17,2024-04-18,2024-05-01,10,10,0.30106601871162586
10,5,ridge_lags_1_5_10_alpha_1,10,2024-05-01,2024-05-02,2024-05-15,10,10,0.14663811851700187
10,5,ridge_lags_1_5_10_alpha_1,11,2024-05-15,2024-05-16,2024-05-29,10,10,0.24928869284356503
10,5,ridge_lags_1_5_10_alpha_1,12,2024-05-29,2024-05-30,2024-06-12,10,10,0.06528473139524966
10,5,ridge_lags_1_5_10_alpha_1,13,2024-06-12,2024-06-13,2024-06-26,10,10,0.051420995608708255
10,5,ridge_lags_1_5_10_alpha_1,14,2024-06-26,2024-06-27,2024-07-10,10,10,0.08685909954503039
10,5,ridge_lags_1_5_10_alpha_1,15,2024-07-10,2024-07-11,2024-07-24,10,10,0.07577109617846116
10,5,ridge_lags_1_5_10_alpha_1,16,2024-07-24,2024-07-25,2024-08-07,10,10,0.1109649916334256
10,5,ridge_lags_1_5_10_alpha_1,17,2024-08-07,2024-08-08,2024-08-21,10,10,0.11231581666279539
10,5,ridge_lags_1_5_10_alpha_1,18,2024-08-21,2024-08-22,2024-09-04,10,10,0.0690924550612447
10,5,ridge_lags_1_5_10_alpha_1,19,2024-09-04,2024-09-05,2024-09-18,10,10,0.06637269438467715
10,5,ridge_lags_1_5_10_alpha_1,20,2024-09-18,2024-09-19,2024-10-02,10,10,0.0976925374472645
10,5,ridge_lags_1_5_10_alpha_1,21,2024-10-02,2024-10-03,2024-10-16,10,10,0.05913880584196088
10,5,ridge_lags_1_5_10_alpha_1,22,2024-10-16,2024-10-17,2024-10-30,10,10,0.0438437677975666
10,5,ridge_lags_1_5_10_alpha_1,23,2024-10-30,2024-10-31,2024-11-13,10,10,0.12498140614632436
10,5,ridge_lags_1_5_10_alpha_1,24,2024-11-13,2024-11-14,2024-11-27,10,10,0.09716871271787414
10,5,ridge_lags_1_5_10_alpha_1,25,2024-11-27,2024-11-28,2024-12-11,10,10,0.047789664042684976
10,5,ridge_lags_1_5_10_alpha_1,26,2024-12-11,2024-12-12,2024-12-25,10,9,0.03582834336365154
10,5,ridge_lags_1_5_10_alpha_1,27,2024-12-25,2024-12-26,2024-12-31,4,4,0.14395906720551405
10,6,ridge_lags_1_5_10_alpha_1,1,2023-12-27,2023-12-28,2024-01-10,10,9,0.15254300407379298
10,6,ridge_lags_1_5_10_alpha_1,2,2024-01-10,2024-01-11,2024-01-24,10,10,0.09965692307315
10,6,ridge_lags_1_5_10_alpha_1,3,2024-01-24,2024-01-25,2024-02-07,10,10,0.11494391820137176
10,6,ridge_lags_1_5_10_alpha_1,4,2024-02-07,2024-02-08,2024-02-21,10,6,0.11273881796928809
10,6,ridge_lags_1_5_10_alpha_1,5,2024-02-21,2024-02-22,2024-03-06,10,10,0.16954453429284894
10,6,ridge_lags_1_5_10_alpha_1,6,2024-03-06,2024-03-07,2024-03-20,10,10,0.15680507158266682
10,6,ridge_lags_1_5_10_alpha_1,7,2024-03-20,2024-03-21,2024-04-03,10,10,0.1774345111056333
10,6,ridge_lags_1_5_10_alpha_1,8,2024-04-03,2024-04-04,2024-04-17,10,10,0.1679112571266083
10,6,ridge_lags_1_5_10_alpha_1,9,2024-04-17,2024-04-18,2024-05-01,10,10,0.16429687007903934
10,6,ridge_lags_1_5_10_alpha_1,10,2024-05-01,2024-05-02,2024-05-15,10,10,0.11436734807137992
10,6,ridge_lags_1_5_10_alpha_1,11,2024-05-15,2024-05-16,2024-05-29,10,10,0.3299046579693432
10,6,ridge_lags_1_5_10_alpha_1,12,2024-05-29,2024-05-30,2024-06-12,10,10,0.1466388033783082
10,6,ridge_lags_1_5_10_alpha_1,13,2024-06-12,2024-06-13,2024-06-26,10,10,0.15754905384456308
10,6,ridge_lags_1_5_10_alpha_1,14,2024-06-26,2024-06-27,2024-07-10,10,10,0.1081012964329914
10,6,ridge_lags_1_5_10_alpha_1,15,2024-07-10,2024-07-11,2024-07-24,10,10,0.12266354923847432
10,6,ridge_lags_1_5_10_alpha_1,16,2024-07-24,2024-07-25,2024-08-07,10,10,0.14896534247437265
10,6,ridge_lags_1_5_10_alpha_1,17,2024-08-07,2024-08-08,2024-08-21,10,10,0.20029932553470933
10,6,ridge_lags_1_5_10_alpha_1,18,2024-08-21,2024-08-22,2024-09-04,10,10,0.13768559564915805
10,6,ridge_lags_1_5_10_alpha_1,19,2024-09-04,2024-09-05,2024-09-18,10,10,0.06454344560969764
10,6,ridge_lags_1_5_10_alpha_1,20,2024-09-18,2024-09-19,2024-10-02,10,10,0.11862991033483689
10,6,ridge_lags_1_5_10_alpha_1,21,2024-10-02,2024-10-03,2024-10-16,10,10,0.07250044819450414
10,6,ridge_lags_1_5_10_alpha_1,22,2024-10-16,2024-10-17,2024-10-30,10,10,0.08647208464945484
10,6,ridge_lags_1_5_10_alpha_1,23,2024-10-30,2024-10-31,2024-11-13,10,10,0.12593867777972084
10,6,ridge_lags_1_5_10_alpha_1,24,2024-11-13,2024-11-14,2024-11-27,10,10,0.07024197908237896
10,6,ridge_lags_1_5_10_alpha_1,25,2024-11-27,2024-11-28,2024-12-11,10,10,0.14910220179916897
10,6,ridge_lags_1_5_10_alpha_1,26,2024-12-11,2024-12-12,2024-12-25,10,9,0.1665484331760775
10,6,ridge_lags_1_5_10_alpha_1,27,2024-12-25,2024-12-26,2024-12-31,4,4,0.3009770593472896
10,7,ridge_lags_1_5_10_alpha_1,1,2023-12-27,2023-12-28,2024-01-10,10,9,0.2114445302198797
10,7,ridge_lags_1_5_10_alpha_1,2,2024-01-10,2024-01-11,2024-01-24,10,10,0.32661984843134717
10,7,ridge_lags_1_5_10_alpha_1,3,2024-01-24,2024-01-25,2024-02-07,10,10,0.19905094344968247
10,7,ridge_lags_1_5_10_alpha_1,4,2024-02-07,2024-02-08,2024-02-21,10,6,0.18940219897907656
10,7,ridge_lags_1_5_10_alpha_1,5,2024-02-21,2024-02-22,2024-03-06,10,10,0.18629342333880486
10,7,ridge_lags_1_5_10_alpha_1,6,2024-03-06,2024-03-07,2024-03-20,10,10,0.15500965996824012
10,7,ridge_lags_1_5_10_alpha_1,7,2024-03-20,2024-03-21,2024-04-03,10,10,0.22133179880049605
10,7,ridge_lags_1_5_10_alpha_1,8,2024-04-03,2024-04-04,2024-04-17,10,10,0.15775283372623408
10,7,ridge_lags_1_5_10_alpha_1,9,2024-04-17,2024-04-18,2024-05-01,10,10,0.32325703695089586
10,7,ridge_lags_1_5_10_alpha_1,10,2024-05-01,2024-05-02,2024-05-15,10,10,0.1782203920852262
10,7,ridge_lags_1_5_10_alpha_1,11,2024-05-15,2024-05-16,2024-05-29,10,10,0.38153768291733303
10,7,ridge_lags_1_5_10_alpha_1,12,2024-05-29,2024-05-30,2024-06-12,10,10,0.1525079762925691
10,7,ridge_lags_1_5_10_alpha_1,13,2024-06-12,2024-06-13,2024-06-26,10,10,0.162191411397194
10,7,ridge_lags_1_5_10_alpha_1,14,2024-06-26,2024-06-27,2024-07-10,10,10,0.11697084862269114
10,7,ridge_lags_1_5_10_alpha_1,15,2024-07-10,2024-07-11,2024-07-24,10,10,0.16414305015829575
10,7,ridge_lags_1_5_10_alpha_1,16,2024-07-24,2024-07-25,2024-08-07,10,10,0.200704935687599
10,7,ridge_lags_1_5_10_alpha_1,17,2024-08-07,2024-08-08,2024-08-21,10,10,0.3832132790018317
10,7,ridge_lags_1_5_10_alpha_1,18,2024-08-21,2024-08-22,2024-09-04,10,10,0.3748129844199292
10,7,ridge_lags_1_5_10_alpha_1,19,2024-09-04,2024-09-05,2024-09-18,10,10,0.23559650344421615
10,7,ridge_lags_1_5_10_alpha_1,20,2024-09-18,2024-09-19,2024-10-02,10,10,0.36720020351844307
10,7,ridge_lags_1_5_10_alpha_1,21,2024-10-02,2024-10-03,2024-10-16,10,10,0.5280157554626155
10,7,ridge_lags_1_5_10_alpha_1,22,2024-10-16,2024-10-17,2024-10-30,10,10,0.3831675859652177
10,7,ridge_lags_1_5_10_alpha_1,23,2024-10-30,2024-10-31,2024-11-13,10,10,0.4163827828378536
10,7,ridge_lags_1_5_10_alpha_1,24,2024-11-13,2024-11-14,2024-11-27,10,10,0.41559788861979485
10,7,ridge_lags_1_5_10_alpha_1,25,2024-11-27,2024-11-28,2024-12-11,10,10,0.2551461845039619
10,7,ridge_lags_1_5_10_alpha_1,26,2024-12-11,2024-12-12,2024-12-25,10,9,0.20019632500321619
10,7,ridge_lags_1_5_10_alpha_1,27,2024-12-25,2024-12-26,2024-12-31,4,4,0.7728272272666803
10,8,ridge_lags_1_5_10_alpha_1,1,2023-12-27,2023-12-28,2024-01-10,10,9,0.34509703815876214
10,8,ridge_lags_1_5_10_alpha_1,2,2024-01-10,2024-01-11,2024-01-24,10,10,0.20546389502515466
10,8,ridge_lags_1_5_10_alpha_1,3,2024-01-24,2024-01-25,2024-02-07,10,10,0.1894310803758236
10,8,ridge_lags_1_5_10_alpha_1,4,2024-02-07,2024-02-08,2024-02-21,10,6,0.34818661024664455
10,8,ridge_lags_1_5_10_alpha_1,5,2024-02-21,2024-02-22,2024-03-06,10,10,0.4393010146643658
10,8,ridge_lags_1_5_10_alpha_1,6,2024-03-06,2024-03-07,2024-03-20,10,10,0.41056870652418304
10,8,ridge_lags_1_5_10_alpha_1,7,2024-03-20,2024-03-21,2024-04-03,10,10,0.5843163699329726
10,8,ridge_lags_1_5_10_alpha_1,8,2024-04-03,2024-04-04,2024-04-17,10,10,0.7785448743341321
10,8,ridge_lags_1_5_10_alpha_1,9,2024-04-17,2024-04-18,2024-05-01,10,10,0.3985461242015764
10,8,ridge_lags_1_5_10_alpha_1,10,2024-05-01,2024-05-02,2024-05-15,10,10,0.28861979603373894
10,8,ridge_lags_1_5_10_alpha_1,11,2024-05-15,2024-05-16,2024-05-29,10,10,0.44301132902671264
10,8,ridge_lags_1_5_10_alpha_1,12,2024-05-29,2024-05-30,2024-06-12,10,10,0.2216017342989008
10,8,ridge_lags_1_5_10_alpha_1,13,2024-06-12,2024-06-13,2024-06-26,10,10,0.20214619286056612
10,8,ridge_lags_1_5_10_alpha_1,14,2024-06-26,2024-06-27,2024-07-10,10,10,0.09182234293493086
10,8,ridge_lags_1_5_10_alpha_1,15,2024-07-10,2024-07-11,2024-07-24,10,10,0.0970170206973418
10,8,ridge_lags_1_5_10_alpha_1,16,2024-07-24,2024-07-25,2024-08-07,10,10,0.1899022013240108
10,8,ridge_lags_1_5_10_alpha_1,17,2024-08-07,2024-08-08,2024-08-21,10,10,0.13395397120285582
10,8,ridge_lags_1_5_10_alpha_1,18,2024-08-21,2024-08-22,2024-09-04,10,10,0.07313978529201565
10,8,ridge_lags_1_5_10_alpha_1,19,2024-09-04,2024-09-05,2024-09-18,10,10,0.08581001623904333
10,8,ridge_lags_1_5_10_alpha_1,20,2024-09-18,2024-09-19,2024-10-02,10,10,0.17728989293832825
10,8,ridge_lags_1_5_10_alpha_1,21,2024-10-02,2024-10-03,2024-10-16,10,10,0.10599929985469135
10,8,ridge_lags_1_5_10_alpha_1,22,2024-10-16,2024-10-17,2024-10-30,10,10,0.03898388824254689
10,8,ridge_lags_1_5_10_alpha_1,23,2024-10-30,2024-10-31,2024-11-13,10,10,0.10264864134435854
10,8,ridge_lags_1_5_10_alpha_1,24,2024-11-13,2024-11-14,2024-11-27,10,10,0.1540875630060066
10,8,ridge_lags_1_5_10_alpha_1,25,2024-11-27,2024-11-28,2024-12-11,10,10,0.10268527510115973
10,8,ridge_lags_1_5_10_alpha_1,26,2024-12-11,2024-12-12,2024-12-25,10,9,0.08300122576183322
10,8,ridge_lags_1_5_10_alpha_1,27,2024-12-25,2024-12-26,2024-12-31,4,4,0.13111746164333254
10,9,ridge_lags_1_5_10_alpha_1,1,2023-12-27,2023-12-28,2024-01-10,10,9,0.4836142949694997
10,9,ridge_lags_1_5_10_alpha_1,2,2024-01-10,2024-01-11,2024-01-24,10,10,0.5146915803370541
10,9,ridge_lags_1_5_10_alpha_1,3,2024-01-24,2024-01-25,2024-02-07,10,10,0.4119969258102428
10,9,ridge_lags_1_5_10_alpha_1,4,2024-02-07,2024-02-08,2024-02-21,10,6,0.4677804598688582
10,9,ridge_lags_1_5_10_alpha_1,5,2024-02-21,2024-02-22,2024-03-06,10,10,0.0634565390554866
10,9,ridge_lags_1_5_10_alpha_1,6,2024-03-06,2024-03-07,2024-03-20,10,10,0.06913710375077468
10,9,ridge_lags_1_5_10_alpha_1,7,2024-03-20,2024-03-21,2024-04-03,10,10,0.26166957145903935
10,9,ridge_lags_1_5_10_alpha_1,8,2024-04-03,2024-04-04,2024-04-17,10,10,0.35515893030971907
10,9,ridge_lags_1_5_10_alpha_1,9,2024-04-17,2024-04-18,2024-05-01,10,10,0.21817484384008462
10,9,ridge_lags_1_5_10_alpha_1,10,2024-05-01,2024-05-02,2024-05-15,10,10,0.5150763606784649
10,9,ridge_lags_1_5_10_alpha_1,11,2024-05-15,2024-05-16,2024-05-29,10,10,0.4863186582171992
10,9,ridge_lags_1_5_10_alpha_1,12,2024-05-29,2024-05-30,2024-06-12,10,10,0.2707064230800254
10,9,ridge_lags_1_5_10_alpha_1,13,2024-06-12,2024-06-13,2024-06-26,10,10,0.24778912628700822
10,9,ridge_lags_1_5_10_alpha_1,14,2024-06-26,2024-06-27,2024-07-10,10,10,0.24847124683119512
10,9,ridge_lags_1_5_10_alpha_1,15,2024-07-10,2024-07-11,2024-07-24,10,10,0.0686826997835893
10,9,ridge_lags_1_5_10_alpha_1,16,2024-07-24,2024-07-25,2024-08-07,10,10,0.1439147486256192
10,9,ridge_lags_1_5_10_alpha_1,17,2024-08-07,2024-08-08,2024-08-21,10,10,0.1459186491825327
10,9,ridge_lags_1_5_10_alpha_1,18,2024-08-21,2024-08-22,2024-09-04,10,10,0.11163080471707461
10,9,ridge_lags_1_5_10_alpha_1,19,2024-09-04,2024-09-05,2024-09-18,10,10,0.1765322679497455
10,9,ridge_lags_1_5_10_alpha_1,20,2024-09-18,2024-09-19,2024-10-02,10,10,0.0387433889293602
10,9,ridge_lags_1_5_10_alpha_1,21,2024-10-02,2024-10-03,2024-10-16,10,10,0.15941140881249227
10,9,ridge_lags_1_5_10_alpha_1,22,2024-10-16,2024-10-17,2024-10-30,10,10,0.11324991451989597
10,9,ridge_lags_1_5_10_alpha_1,23,2024-10-30,2024-10-31,2024-11-13,10,10,0.16937613639701887
10,9,ridge_lags_1_5_10_alpha_1,24,2024-11-13,2024-11-14,2024-11-27,10,10,0.13481869951146497
10,9,ridge_lags_1_5_10_alpha_1,25,2024-11-27,2024-11-28,2024-12-11,10,10,0.0819639451337179
10,9,ridge_lags_1_5_10_alpha_1,26,2024-12-11,2024-12-12,2024-12-25,10,9,0.06817004322944104
10,9,ridge_lags_1_5_10_alpha_1,27,2024-12-25,2024-12-26,2024-12-31,4,4,0.255906433295252
10,10,ridge_lags_1_5_10_alpha_1,1,2023-12-27,2023-12-28,2024-01-10,10,9,0.11196922252615603
10,10,ridge_lags_1_5_10_alpha_1,2,2024-01-10,2024-01-11,2024-01-24,10,10,0.10681727696895355
10,10,ridge_lags_1_5_10_alpha_1,3,2024-01-24,2024-01-25,2024-02-07,10,10,0.11661588640265858
10,10,ridge_lags_1_5_10_alpha_1,4,2024-02-07,2024-02-08,2024-02-21,10,6,0.16799485241734158
10,10,ridge_lags_1_5_10_alpha_1,5,2024-02-21,2024-02-22,2024-03-06,10,10,0.14058578504651872
10,10,ridge_lags_1_5_10_alpha_1,6,2024-03-06,2024-03-07,2024-03-20,10,10,0.12270128431301255
10,10,ridge_lags_1_5_10_alpha_1,7,2024-03-20,2024-03-21,2024-04-03,10,10,0.1764069517885529
10,10,ridge_lags_1_5_10_alpha_1,8,2024-04-03,2024-04-04,2024-04-17,10,10,0.11448818618082045
10,10,ridge_lags_1_5_10_alpha_1,9,2024-04-17,2024-04-18,2024-05-01,10,10,0.20789690199821573
10,10,ridge_lags_1_5_10_alpha_1,10,2024-05-01,2024-05-02,2024-05-15,10,10,0.23396247683669893
10,10,ridge_lags_1_5_10_alpha_1,11,2024-05-15,2024-05-16,2024-05-29,10,10,0.16620132088247996
10,10,ridge_lags_1_5_10_alpha_1,12,2024-05-29,2024-05-30,2024-06-12,10,10,0.10589691573987359
10,10,ridge_lags_1_5_10_alpha_1,13,2024-06-12,2024-06-13,2024-06-26,10,10,0.07133802233411783
10,10,ridge_lags_1_5_10_alpha_1,14,2024-06-26,2024-06-27,2024-07-10,10,10,0.1179245653546158
10,10,ridge_lags_1_5_10_alpha_1,15,2024-07-10,2024-07-11,2024-07-24,10,10,0.07243197336902095
10,10,ridge_lags_1_5_10_alpha_1,16,2024-07-24,2024-07-25,2024-08-07,10,10,0.08357995277377672
10,10,ridge_lags_1_5_10_alpha_1,17,2024-08-07,2024-08-08,2024-08-21,10,10,0.14490798530691917
10,10,ridge_lags_1_5_10_alpha_1,18,2024-08-21,2024-08-22,2024-09-04,10,10,0.06591778727163859
10,10,ridge_lags_1_5_10_alpha_1,19,2024-09-04,2024-09-05,2024-09-18,10,10,0.0633920880989258
10,10,ridge_lags_1_5_10_alpha_1,20,2024-09-18,2024-09-19,2024-10-02,10,10,0.06300409582379632
10,10,ridge_lags_1_5_10_alpha_1,21,2024-10-02,2024-10-03,2024-10-16,10,10,0.15203790968290556
10,10,ridge_lags_1_5_10_alpha_1,22,2024-10-16,2024-10-17,2024-10-30,10,10,0.09613380736020953
10,10,ridge_lags_1_5_10_alpha_1,23,2024-10-30,2024-10-31,2024-11-13,10,10,0.09476907219519123
10,10,ridge_lags_1_5_10_alpha_1,24,2024-11-13,2024-11-14,2024-11-27,10,10,0.07768646049926238
10,10,ridge_lags_1_5_10_alpha_1,25,2024-11-27,2024-11-28,2024-12-11,10,10,0.07553824332798945
10,10,ridge_lags_1_5_10_alpha_1,26,2024-12-11,2024-12-12,2024-12-25,10,9,0.07794820729350425
10,10,ridge_lags_1_5_10_alpha_1,27,2024-12-25,2024-12-26,2024-12-31,4,4,0.1805101556597963
10,11,ridge_lags_1_5_10_alpha_1,1,2023-12-27,2023-12-28,2024-01-10,10,9,0.3901333306782569
10,11,ridge_lags_1_5_10_alpha_1,2,2024-01-10,2024-01-11,2024-01-24,10,10,1.575213913207131
10,11,ridge_lags_1_5_10_alpha_1,3,2024-01-24,2024-01-25,2024-02-07,10,10,0.906537738437248
10,11,ridge_lags_1_5_10_alpha_1,4,2024-02-07,2024-02-08,2024-02-21,10,6,0.26751791420114435
10,11,ridge_lags_1_5_10_alpha_1,5,2024-02-21,2024-02-22,2024-03-06,10,10,0.2454384222110139
10,11,ridge_lags_1_5_10_alpha_1,6,2024-03-06,2024-03-07,2024-03-20,10,10,0.28684945352225977
10,11,ridge_lags_1_5_10_alpha_1,7,2024-03-20,2024-03-21,2024-04-03,10,10,0.2499411459446285
10,11,ridge_lags_1_5_10_alpha_1,8,2024-04-03,2024-04-04,2024-04-17,10,10,0.4740387169424028
10,11,ridge_lags_1_5_10_alpha_1,9,2024-04-17,2024-04-18,2024-05-01,10,10,0.08656571458326612
10,11,ridge_lags_1_5_10_alpha_1,10,2024-05-01,2024-05-02,2024-05-15,10,10,0.41126834931795975
10,11,ridge_lags_1_5_10_alpha_1,11,2024-05-15,2024-05-16,2024-05-29,10,10,0.4346420932351734
10,11,ridge_lags_1_5_10_alpha_1,12,2024-05-29,2024-05-30,2024-06-12,10,10,0.3559827263093879
10,11,ridge_lags_1_5_10_alpha_1,13,2024-06-12,2024-06-13,2024-06-26,10,10,0.3290668687670665
10,11,ridge_lags_1_5_10_alpha_1,14,2024-06-26,2024-06-27,2024-07-10,10,10,0.11948556827191566
10,11,ridge_lags_1_5_10_alpha_1,15,2024-07-10,2024-07-11,2024-07-24,10,10,0.23866093096863034
10,11,ridge_lags_1_5_10_alpha_1,16,2024-07-24,2024-07-25,2024-08-07,10,10,0.1964538502713174
10,11,ridge_lags_1_5_10_alpha_1,17,2024-08-07,2024-08-08,2024-08-21,10,10,0.2873321402656106
10,11,ridge_lags_1_5_10_alpha_1,18,2024-08-21,2024-08-22,2024-09-04,10,10,0.23127257851005967
10,11,ridge_lags_1_5_10_alpha_1,19,2024-09-04,2024-09-05,2024-09-18,10,10,0.32896862434682217
10,11,ridge_lags_1_5_10_alpha_1,20,2024-09-18,2024-09-19,2024-10-02,10,10,0.21798675918407753
10,11,ridge_lags_1_5_10_alpha_1,21,2024-10-02,2024-10-03,2024-10-16,10,10,0.3142769549107231
10,11,ridge_lags_1_5_10_alpha_1,22,2024-10-16,2024-10-17,2024-10-30,10,10,0.13015892883030705
10,11,ridge_lags_1_5_10_alpha_1,23,2024-10-30,2024-10-31,2024-11-13,10,10,0.12025972245255334
10,11,ridge_lags_1_5_10_alpha_1,24,2024-11-13,2024-11-14,2024-11-27,10,10,0.5723004642059569
10,11,ridge_lags_1_5_10_alpha_1,25,2024-11-27,2024-11-28,2024-12-11,10,10,1.694600870534696
10,11,ridge_lags_1_5_10_alpha_1,26,2024-12-11,2024-12-12,2024-12-25,10,9,1.7409467118477466
10,11,ridge_lags_1_5_10_alpha_1,27,2024-12-25,2024-12-26,2024-12-31,4,4,1.8949477463225652
10,12,ridge_lags_1_5_10_alpha_1,1,2023-12-27,2023-12-28,2024-01-10,10,9,0.7652837724816647
10,12,ridge_lags_1_5_10_alpha_1,2,2024-01-10,2024-01-11,2024-01-24,10,10,1.159914319732488
10,12,ridge_lags_1_5_10_alpha_1,3,2024-01-24,2024-01-25,2024-02-07,10,10,0.8569434971004501
10,12,ridge_lags_1_5_10_alpha_1,4,2024-02-07,2024-02-08,2024-02-21,10,6,1.8841169851426944
10,12,ridge_lags_1_5_10_alpha_1,5,2024-02-21,2024-02-22,2024-03-06,10,10,1.6669482185805657
10,12,ridge_lags_1_5_10_alpha_1,6,2024-03-06,2024-03-07,2024-03-20,10,10,1.895832323610815
10,12,ridge_lags_1_5_10_alpha_1,7,2024-03-20,2024-03-21,2024-04-03,10,10,2.0
10,12,ridge_lags_1_5_10_alpha_1,8,2024-04-03,2024-04-04,2024-04-17,10,10,1.811078987527214
10,12,ridge_lags_1_5_10_alpha_1,9,2024-04-17,2024-04-18,2024-05-01,10,10,1.676012435099297
10,12,ridge_lags_1_5_10_alpha_1,10,2024-05-01,2024-05-02,2024-05-15,10,10,0.7805121497964752
10,12,ridge_lags_1_5_10_alpha_1,11,2024-05-15,2024-05-16,2024-05-29,10,10,1.3067613103212012
10,12,ridge_lags_1_5_10_alpha_1,12,2024-05-29,2024-05-30,2024-06-12,10,10,1.254345783872119
10,12,ridge_lags_1_5_10_alpha_1,13,2024-06-12,2024-06-13,2024-06-26,10,10,0.7016306442464988
10,12,ridge_lags_1_5_10_alpha_1,14,2024-06-26,2024-06-27,2024-07-10,10,10,1.0940822702316306
10,12,ridge_lags_1_5_10_alpha_1,15,2024-07-10,2024-07-11,2024-07-24,10,10,1.4018823757007484
10,12,ridge_lags_1_5_10_alpha_1,16,2024-07-24,2024-07-25,2024-08-07,10,10,1.0751559146041776
10,12,ridge_lags_1_5_10_alpha_1,17,2024-08-07,2024-08-08,2024-08-21,10,10,1.2550631379573542
10,12,ridge_lags_1_5_10_alpha_1,18,2024-08-21,2024-08-22,2024-09-04,10,10,1.2240196889144705
10,12,ridge_lags_1_5_10_alpha_1,19,2024-09-04,2024-09-05,2024-09-18,10,10,0.9062965083186159
10,12,ridge_lags_1_5_10_alpha_1,20,2024-09-18,2024-09-19,2024-10-02,10,10,1.0574562852609575
10,12,ridge_lags_1_5_10_alpha_1,21,2024-10-02,2024-10-03,2024-10-16,10,10,0.9910238806030446
10,12,ridge_lags_1_5_10_alpha_1,22,2024-10-16,2024-10-17,2024-10-30,10,10,0.8711239815309203
10,12,ridge_lags_1_5_10_alpha_1,23,2024-10-30,2024-10-31,2024-11-13,10,10,1.0538262928200737
10,12,ridge_lags_1_5_10_alpha_1,24,2024-11-13,2024-11-14,2024-11-27,10,10,0.3743520272067811
10,12,ridge_lags_1_5_10_alpha_1,25,2024-11-27,2024-11-28,2024-12-11,10,10,1.168164739194503
10,12,ridge_lags_1_5_10_alpha_1,26,2024-12-11,2024-12-12,2024-12-25,10,9,1.2734310356011243
10,12,ridge_lags_1_5_10_alpha_1,27,2024-12-25,2024-12-26,2024-12-31,4,4,2.0
10,13,ridge_lags_1_5_10_alpha_1,1,2023-12-27,2023-12-28,2024-01-10,10,9,2.0
10,13,ridge_lags_1_5_10_alpha_1,2,2024-01-10,2024-01-11,2024-01-24,10,10,2.0
10,13,ridge_lags_1_5_10_alpha_1,3,2024-01-24,2024-01-25,2024-02-07,10,10,1.9757866844839094
10,13,ridge_lags_1_5_10_alpha_1,4,2024-02-07,2024-02-08,2024-02-21,10,6,2.0
10,13,ridge_lags_1_5_10_alpha_1,5,2024-02-21,2024-02-22,2024-03-06,10,10,2.0
10,13,ridge_lags_1_5_10_alpha_1,6,2024-03-06,2024-03-07,2024-03-20,10,10,1.5476754275555127
10,13,ridge_lags_1_5_10_alpha_1,7,2024-03-20,2024-03-21,2024-04-03,10,10,1.5586222615326724
10,13,ridge_lags_1_5_10_alpha_1,8,2024-04-03,2024-04-04,2024-04-17,10,10,2.0
10,13,ridge_lags_1_5_10_alpha_1,9,2024-04-17,2024-04-18,2024-05-01,10,10,1.3974204374150685
10,13,ridge_lags_1_5_10_alpha_1,10,2024-05-01,2024-05-02,2024-05-15,10,10,0.889011178093406
10,13,ridge_lags_1_5_10_alpha_1,11,2024-05-15,2024-05-16,2024-05-29,10,10,2.0
10,13,ridge_lags_1_5_10_alpha_1,12,2024-05-29,2024-05-30,2024-06-12,10,10,1.871233692106397
10,13,ridge_lags_1_5_10_alpha_1,13,2024-06-12,2024-06-13,2024-06-26,10,10,1.9469944180874095
10,13,ridge_lags_1_5_10_alpha_1,14,2024-06-26,2024-06-27,2024-07-10,10,10,1.9081687751981264
10,13,ridge_lags_1_5_10_alpha_1,15,2024-07-10,2024-07-11,2024-07-24,10,10,1.7132867666637464
10,13,ridge_lags_1_5_10_alpha_1,16,2024-07-24,2024-07-25,2024-08-07,10,10,1.5697367964240379
10,13,ridge_lags_1_5_10_alpha_1,17,2024-08-07,2024-08-08,2024-08-21,10,10,1.6657495489407574
10,13,ridge_lags_1_5_10_alpha_1,18,2024-08-21,2024-08-22,2024-09-04,10,10,1.568096036756289
10,13,ridge_lags_1_5_10_alpha_1,19,2024-09-04,2024-09-05,2024-09-18,10,10,1.8943485110245477
10,13,ridge_lags_1_5_10_alpha_1,20,2024-09-18,2024-09-19,2024-10-02,10,10,1.9842304163778597
10,13,ridge_lags_1_5_10_alpha_1,21,2024-10-02,2024-10-03,2024-10-16,10,10,1.6153481898727353
10,13,ridge_lags_1_5_10_alpha_1,22,2024-10-16,2024-10-17,2024-10-30,10,10,2.0
10,13,ridge_lags_1_5_10_alpha_1,23,2024-10-30,2024-10-31,2024-11-13,10,10,2.0
10,13,ridge_lags_1_5_10_alpha_1,24,2024-11-13,2024-11-14,2024-11-27,10,10,2.0
10,13,ridge_lags_1_5_10_alpha_1,25,2024-11-27,2024-11-28,2024-12-11,10,10,1.9790624525679048
10,13,ridge_lags_1_5_10_alpha_1,26,2024-12-11,2024-12-12,2024-12-25,10,9,1.9418615591400687
10,13,ridge_lags_1_5_10_alpha_1,27,2024-12-25,2024-12-26,2024-12-31,4,4,1.7208852105254258
10,1,ridge_lags_1_5_10_alpha_1,1,2023-12-27,2023-12-28,2024-01-10,10,9,0.19725260210517973
10,1,ridge_lags_1_5_10_alpha_1,2,2024-01-10,2024-01-11,2024-01-24,10,10,0.319801979436515
10,1,ridge_lags_1_5_10_alpha_1,3,2024-01-24,2024-01-25,2024-02-07,10,10,0.13202602432241933
10,1,ridge_lags_1_5_10_alpha_1,4,2024-02-07,2024-02-08,2024-02-21,10,6,0.16854239716715091
10,1,ridge_lags_1_5_10_alpha_1,5,2024-02-21,2024-02-22,2024-03-06,10,10,0.09484227276643156
10,1,ridge_lags_1_5_10_alpha_1,6,2024-03-06,2024-03-07,2024-03-20,10,10,0.08117357052981578
10,1,ridge_lags_1_5_10_alpha_1,7,2024-03-20,2024-03-21,2024-04-03,10,10,0.1263820249167047
10,1,ridge_lags_1_5_10_alpha_1,8,2024-04-03,2024-04-04,2024-04-17,10,10,0.0946871061025502
10,1,ridge_lags_1_5_10_alpha_1,9,2024-04-17,2024-04-18,2024-05-01,10,10,0.19082414678386758
10,1,ridge_lags_1_5_10_alpha_1,10,2024-05-01,2024-05-02,2024-05-15,10,10,0.150689918930621
10,1,ridge_lags_1_5_10_alpha_1,11,2024-05-15,2024-05-16,2024-05-29,10,10,0.08513654168421307
10,1,ridge_lags_1_5_10_alpha_1,12,2024-05-29,2024-05-30,2024-06-12,10,10,0.116000662725894
10,1,ridge_lags_1_5_10_alpha_1,13,2024-06-12,2024-06-13,2024-06-26,10,10,0.08604313990328497
10,1,ridge_lags_1_5_10_alpha_1,14,2024-06-26,2024-06-27,2024-07-10,10,10,0.06584603102645739
10,1,ridge_lags_1_5_10_alpha_1,15,2024-07-10,2024-07-11,2024-07-24,10,10,0.058442765398634515
10,1,ridge_lags_1_5_10_alpha_1,16,2024-07-24,2024-07-25,2024-08-07,10,10,0.08740818400662789
10,1,ridge_lags_1_5_10_alpha_1,17,2024-08-07,2024-08-08,2024-08-21,10,10,0.11107497173546291
10,1,ridge_lags_1_5_10_alpha_1,18,2024-08-21,2024-08-22,2024-09-04,10,10,0.10553951780157891
10,1,ridge_lags_1_5_10_alpha_1,19,2024-09-04,2024-09-05,2024-09-18,10,10,0.19834850060550202
10,1,ridge_lags_1_5_10_alpha_1,20,2024-09-18,2024-09-19,2024-10-02,10,10,0.18498055631692273
10,1,ridge_lags_1_5_10_alpha_1,21,2024-10-02,2024-10-03,2024-10-16,10,10,0.19476584514118567
10,1,ridge_lags_1_5_10_alpha_1,22,2024-10-16,2024-10-17,2024-10-30,10,10,0.2516653986117941
10,1,ridge_lags_1_5_10_alpha_1,23,2024-10-30,2024-10-31,2024-11-13,10,10,0.26511840521291197
10,1,ridge_lags_1_5_10_alpha_1,24,2024-11-13,2024-11-14,2024-11-27,10,10,0.3006779873864705
10,1,ridge_lags_1_5_10_alpha_1,25,2024-11-27,2024-11-28,2024-12-11,10,10,0.1797733838975747
10,1,ridge_lags_1_5_10_alpha_1,26,2024-12-11,2024-12-12,2024-12-25,10,9,0.21052759841062857
10,1,ridge_lags_1_5_10_alpha_1,27,2024-12-25,2024-12-26,2024-12-31,4,4,0.16759033739453144
10,2,ridge_lags_1_5_10_alpha_1,1,2023-12-27,2023-12-28,2024-01-10,10,9,0.21986036236093157
10,2,ridge_lags_1_5_10_alpha_1,2,2024-01-10,2024-01-11,2024-01-24,10,10,0.3679323881540577
10,2,ridge_lags_1_5_10_alpha_1,3,2024-01-24,2024-01-25,2024-02-07,10,10,0.40072037391970294
10,2,ridge_lags_1_5_10_alpha_1,4,2024-02-07,2024-02-08,2024-02-21,10,6,0.3318120629608565
10,2,ridge_lags_1_5_10_alpha_1,5,2024-02-21,2024-02-22,2024-03-06,10,10,0.22722546955727477
10,2,ridge_lags_1_5_10_alpha_1,6,2024-03-06,2024-03-07,2024-03-20,10,10,0.2497685202179484
10,2,ridge_lags_1_5_10_alpha_1,7,2024-03-20,2024-03-21,2024-04-03,10,10,0.15639951199587276
10,2,ridge_lags_1_5_10_alpha_1,8,2024-04-03,2024-04-04,2024-04-17,10,10,0.22124368825895424
10,2,ridge_lags_1_5_10_alpha_1,9,2024-04-17,2024-04-18,2024-05-01,10,10,0.1860032139060623
10,2,ridge_lags_1_5_10_alpha_1,10,2024-05-01,2024-05-02,2024-05-15,10,10,0.11611787009677049
10,2,ridge_lags_1_5_10_alpha_1,11,2024-05-15,2024-05-16,2024-05-29,10,10,0.2198023204387175
10,2,ridge_lags_1_5_10_alpha_1,12,2024-05-29,2024-05-30,2024-06-12,10,10,0.08992045042309804
10,2,ridge_lags_1_5_10_alpha_1,13,2024-06-12,2024-06-13,2024-06-26,10,10,0.12208406796310226
10,2,ridge_lags_1_5_10_alpha_1,14,2024-06-26,2024-06-27,2024-07-10,10,10,0.14338424050827897
10,2,ridge_lags_1_5_10_alpha_1,15,2024-07-10,2024-07-11,2024-07-24,10,10,0.08504783737615096
10,2,ridge_lags_1_5_10_alpha_1,16,2024-07-24,2024-07-25,2024-08-07,10,10,0.06663480521227941
10,2,ridge_lags_1_5_10_alpha_1,17,2024-08-07,2024-08-08,2024-08-21,10,10,0.06419049866901096
10,2,ridge_lags_1_5_10_alpha_1,18,2024-08-21,2024-08-22,2024-09-04,10,10,0.09188108128112976
10,2,ridge_lags_1_5_10_alpha_1,19,2024-09-04,2024-09-05,2024-09-18,10,10,0.05546173794373288
10,2,ridge_lags_1_5_10_alpha_1,20,2024-09-18,2024-09-19,2024-10-02,10,10,0.07359045227915839
10,2,ridge_lags_1_5_10_alpha_1,21,2024-10-02,2024-10-03,2024-10-16,10,10,0.20046608709746
10,2,ridge_lags_1_5_10_alpha_1,22,2024-10-16,2024-10-17,2024-10-30,10,10,0.0875236506304865
10,2,ridge_lags_1_5_10_alpha_1,23,2024-10-30,2024-10-31,2024-11-13,10,10,0.14515790131204437
10,2,ridge_lags_1_5_10_alpha_1,24,2024-11-13,2024-11-14,2024-11-27,10,10,0.11165296338490271
10,2,ridge_lags_1_5_10_alpha_1,25,2024-11-27,2024-11-28,2024-12-11,10,10,0.14465852267132726
10,2,ridge_lags_1_5_10_alpha_1,26,2024-12-11,2024-12-12,2024-12-25,10,9,0.1769596579329931
10,2,ridge_lags_1_5_10_alpha_1,27,2024-12-25,2024-12-26,2024-12-31,4,4,0.19317441960180945
10,3,ridge_lags_1_5_10_alpha_1,1,2023-12-27,2023-12-28,2024-01-10,10,9,0.07656665728250094
10,3,ridge_lags_1_5_10_alpha_1,2,2024-01-10,2024-01-11,2024-01-24,10,10,0.13568908614257408
10,3,ridge_lags_1_5_10_alpha_1,3,2024-01-24,2024-01-25,2024-02-07,10,10,0.13286385809349885
10,3,ridge_lags_1_5_10_alpha_1,4,2024-02-07,2024-02-08,2024-02-21,10,6,0.1169472254925872
10,3,ridge_lags_1_5_10_alpha_1,5,2024-02-21,2024-02-22,2024-03-06,10,10,0.07515625043470836
10,3,ridge_lags_1_5_10_alpha_1,6,2024-03-06,2024-03-07,2024-03-20,10,10,0.10721404274273855
10,3,ridge_lags_1_5_10_alpha_1,7,2024-03-20,2024-03-21,2024-04-03,10,10,0.12700127674665337
10,3,ridge_lags_1_5_10_alpha_1,8,2024-04-03,2024-04-04,2024-04-17,10,10,0.12098450696293256
10,3,ridge_lags_1_5_10_alpha_1,9,2024-04-17,2024-04-18,2024-05-01,10,10,0.2713305484023517
10,3,ridge_lags_1_5_10_alpha_1,10,2024-05-01,2024-05-02,2024-05-15,10,10,0.17547946960388716
10,3,ridge_lags_1_5_10_alpha_1,11,2024-05-15,2024-05-16,2024-05-29,10,10,0.3247049562565308
10,3,ridge_lags_1_5_10_alpha_1,12,2024-05-29,2024-05-30,2024-06-12,10,10,0.09115101872532963
10,3,ridge_lags_1_5_10_alpha_1,13,2024-06-12,2024-06-13,2024-06-26,10,10,0.07259724173513218
10,3,ridge_lags_1_5_10_alpha_1,14,2024-06-26,2024-06-27,2024-07-10,10,10,0.14098263289595936
10,3,ridge_lags_1_5_10_alpha_1,15,2024-07-10,2024-07-11,2024-07-24,10,10,0.06053709141079292
10,3,ridge_lags_1_5_10_alpha_1,16,2024-07-24,2024-07-25,2024-08-07,10,10,0.16321592782556094
10,3,ridge_lags_1_5_10_alpha_1,17,2024-08-07,2024-08-08,2024-08-21,10,10,0.3232775146352101
10,3,ridge_lags_1_5_10_alpha_1,18,2024-08-21,2024-08-22,2024-09-04,10,10,0.11478351673455994
10,3,ridge_lags_1_5_10_alpha_1,19,2024-09-04,2024-09-05,2024-09-18,10,10,0.24740387426634022
10,3,ridge_lags_1_5_10_alpha_1,20,2024-09-18,2024-09-19,2024-10-02,10,10,0.12599390021414036
10,3,ridge_lags_1_5_10_alpha_1,21,2024-10-02,2024-10-03,2024-10-16,10,10,0.1548162622541425
10,3,ridge_lags_1_5_10_alpha_1,22,2024-10-16,2024-10-17,2024-10-30,10,10,0.10697906091931741
10,3,ridge_lags_1_5_10_alpha_1,23,2024-10-30,2024-10-31,2024-11-13,10,10,0.05075686330046414
10,3,ridge_lags_1_5_10_alpha_1,24,2024-11-13,2024-11-14,2024-11-27,10,10,0.1156358930912213
10,3,ridge_lags_1_5_10_alpha_1,25,2024-11-27,2024-11-28,2024-12-11,10,10,0.23009382844664153
10,3,ridge_lags_1_5_10_alpha_1,26,2024-12-11,2024-12-12,2024-12-25,10,9,0.11191553126861138
10,3,ridge_lags_1_5_10_alpha_1,27,2024-12-25,2024-12-26,2024-12-31,4,4,0.5736135946974205
10,4,ridge_lags_1_5_10_alpha_1,1,2023-12-27,2023-12-28,2024-01-10,10,9,0.17140776808785751
10,4,ridge_lags_1_5_10_alpha_1,2,2024-01-10,2024-01-11,2024-01-24,10,10,0.18358911739891537
10,4,ridge_lags_1_5_10_alpha_1,3,2024-01-24,2024-01-25,2024-02-07,10,10,0.0776655556577349
10,4,ridge_lags_1_5_10_alpha_1,4,2024-02-07,2024-02-08,2024-02-21,10,6,0.13499640949397612
10,4,ridge_lags_1_5_10_alpha_1,5,2024-02-21,2024-02-22,2024-03-06,10,10,0.10298964019087826
10,4,ridge_lags_1_5_10_alpha_1,6,2024-03-06,2024-03-07,2024-03-20,10,10,0.057641197443517846
10,4,ridge_lags_1_5_10_alpha_1,7,2024-03-20,2024-03-21,2024-04-03,10,10,0.17556211988841933
10,4,ridge_lags_1_5_10_alpha_1,8,2024-04-03,2024-04-04,2024-04-17,10,10,0.11006944663587936
10,4,ridge_lags_1_5_10_alpha_1,9,2024-04-17,2024-04-18,2024-05-01,10,10,0.31894952732606163
10,4,ridge_lags_1_5_10_alpha_1,10,2024-05-01,2024-05-02,2024-05-15,10,10,0.27853568833782844
10,4,ridge_lags_1_5_10_alpha_1,11,2024-05-15,2024-05-16,2024-05-29,10,10,0.28948442669457897
10,4,ridge_lags_1_5_10_alpha_1,12,2024-05-29,2024-05-30,2024-06-12,10,10,0.1481188935146492
10,4,ridge_lags_1_5_10_alpha_1,13,2024-06-12,2024-06-13,2024-06-26,10,10,0.12550531741918475
10,4,ridge_lags_1_5_10_alpha_1,14,2024-06-26,2024-06-27,2024-07-10,10,10,0.16003816224645998
10,4,ridge_lags_1_5_10_alpha_1,15,2024-07-10,2024-07-11,2024-07-24,10,10,0.14519700084104317
10,4,ridge_lags_1_5_10_alpha_1,16,2024-07-24,2024-07-25,2024-08-07,10,10,0.09882990898207578
10,4,ridge_lags_1_5_10_alpha_1,17,2024-08-07,2024-08-08,2024-08-21,10,10,0.24123702260619526
10,4,ridge_lags_1_5_10_alpha_1,18,2024-08-21,2024-08-22,2024-09-04,10,10,0.1196463649750002
10,4,ridge_lags_1_5_10_alpha_1,19,2024-09-04,2024-09-05,2024-09-18,10,10,0.15277300089093643
10,4,ridge_lags_1_5_10_alpha_1,20,2024-09-18,2024-09-19,2024-10-02,10,10,0.22222226288478175
10,4,ridge_lags_1_5_10_alpha_1,21,2024-10-02,2024-10-03,2024-10-16,10,10,0.3443170945267957
10,4,ridge_lags_1_5_10_alpha_1,22,2024-10-16,2024-10-17,2024-10-30,10,10,0.14607531701337897
10,4,ridge_lags_1_5_10_alpha_1,23,2024-10-30,2024-10-31,2024-11-13,10,10,0.08682615551254153
10,4,ridge_lags_1_5_10_alpha_1,24,2024-11-13,2024-11-14,2024-11-27,10,10,0.09856834280289109
10,4,ridge_lags_1_5_10_alpha_1,25,2024-11-27,2024-11-28,2024-12-11,10,10,0.09617901494085705
10,4,ridge_lags_1_5_10_alpha_1,26,2024-12-11,2024-12-12,2024-12-25,10,9,0.11945537901713403
10,4,ridge_lags_1_5_10_alpha_1,27,2024-12-25,2024-12-26,2024-12-31,4,4,0.5807794800235128
10,5,ridge_lags_1_5_10_alpha_1,1,2023-12-27,2023-12-28,2024-01-10,10,9,0.2892763588009765
10,5,ridge_lags_1_5_10_alpha_1,2,2024-01-10,2024-01-11,2024-01-24,10,10,0.26333080712444074
10,5,ridge_lags_1_5_10_alpha_1,3,2024-01-24,2024-01-25,2024-02-07,10,10,0.12904469453322834
10,5,ridge_lags_1_5_10_alpha_1,4,2024-02-07,2024-02-08,2024-02-21,10,6,0.15434053753597654
10,5,ridge_lags_1_5_10_alpha_1,5,2024-02-21,2024-02-22,2024-03-06,10,10,0.07805705171313339
10,5,ridge_lags_1_5_10_alpha_1,6,2024-03-06,2024-03-07,2024-03-20,10,10,0.10672708312961934
10,5,ridge_lags_1_5_10_alpha_1,7,2024-03-20,2024-03-21,2024-04-03,10,10,0.12467504602599655
10,5,ridge_lags_1_5_10_alpha_1,8,2024-04-03,2024-04-04,2024-04-17,10,10,0.10029742166797123
10,5,ridge_lags_1_5_10_alpha_1,9,2024-04-17,2024-04-18,2024-05-01,10,10,0.3050516832921335
10,5,ridge_lags_1_5_10_alpha_1,10,2024-05-01,2024-05-02,2024-05-15,10,10,0.15267238657902193
10,5,ridge_lags_1_5_10_alpha_1,11,2024-05-15,2024-05-16,2024-05-29,10,10,0.2455846540486166
10,5,ridge_lags_1_5_10_alpha_1,12,2024-05-29,2024-05-30,2024-06-12,10,10,0.06897736600316426
10,5,ridge_lags_1_5_10_alpha_1,13,2024-06-12,2024-06-13,2024-06-26,10,10,0.05190850282771375
10,5,ridge_lags_1_5_10_alpha_1,14,2024-06-26,2024-06-27,2024-07-10,10,10,0.08625005330113623
10,5,ridge_lags_1_5_10_alpha_1,15,2024-07-10,2024-07-11,2024-07-24,10,10,0.07723379262409615
10,5,ridge_lags_1_5_10_alpha_1,16,2024-07-24,2024-07-25,2024-08-07,10,10,0.11177779130724273
10,5,ridge_lags_1_5_10_alpha_1,17,2024-08-07,2024-08-08,2024-08-21,10,10,0.10941920689532003
10,5,ridge_lags_1_5_10_alpha_1,18,2024-08-21,2024-08-22,2024-09-04,10,10,0.0666513663197241
10,5,ridge_lags_1_5_10_alpha_1,19,2024-09-04,2024-09-05,2024-09-18,10,10,0.06663229629977198
10,5,ridge_lags_1_5_10_alpha_1,20,2024-09-18,2024-09-19,2024-10-02,10,10,0.09890844166232075
10,5,ridge_lags_1_5_10_alpha_1,21,2024-10-02,2024-10-03,2024-10-16,10,10,0.06293096178124884
10,5,ridge_lags_1_5_10_alpha_1,22,2024-10-16,2024-10-17,2024-10-30,10,10,0.043697532748553564
10,5,ridge_lags_1_5_10_alpha_1,23,2024-10-30,2024-10-31,2024-11-13,10,10,0.12674693114289182
10,5,ridge_lags_1_5_10_alpha_1,24,2024-11-13,2024-11-14,2024-11-27,10,10,0.09525992326877457
10,5,ridge_lags_1_5_10_alpha_1,25,2024-11-27,2024-11-28,2024-12-11,10,10,0.05231655158903577
10,5,ridge_lags_1_5_10_alpha_1,26,2024-12-11,2024-12-12,2024-12-25,10,9,0.03711350827930292
10,5,ridge_lags_1_5_10_alpha_1,27,2024-12-25,2024-12-26,2024-12-31,4,4,0.1418308091416608
10,6,ridge_lags_1_5_10_alpha_1,1,2023-12-27,2023-12-28,2024-01-10,10,9,0.15548847530515836
10,6,ridge_lags_1_5_10_alpha_1,2,2024-01-10,2024-01-11,2024-01-24,10,10,0.09846272959427488
10,6,ridge_lags_1_5_10_alpha_1,3,2024-01-24,2024-01-25,2024-02-07,10,10,0.11395847685801966
10,6,ridge_lags_1_5_10_alpha_1,4,2024-02-07,2024-02-08,2024-02-21,10,6,0.11384080808673021
10,6,ridge_lags_1_5_10_alpha_1,5,2024-02-21,2024-02-22,2024-03-06,10,10,0.16804649356023338
10,6,ridge_lags_1_5_10_alpha_1,6,2024-03-06,2024-03-07,2024-03-20,10,10,0.15714606296787167
10,6,ridge_lags_1_5_10_alpha_1,7,2024-03-20,2024-03-21,2024-04-03,10,10,0.17651588235753918
10,6,ridge_lags_1_5_10_alpha_1,8,2024-04-03,2024-04-04,2024-04-17,10,10,0.16620203703611192
10,6,ridge_lags_1_5_10_alpha_1,9,2024-04-17,2024-04-18,2024-05-01,10,10,0.16427501721646676
10,6,ridge_lags_1_5_10_alpha_1,10,2024-05-01,2024-05-02,2024-05-15,10,10,0.11447238678571653
10,6,ridge_lags_1_5_10_alpha_1,11,2024-05-15,2024-05-16,2024-05-29,10,10,0.32830783504113964
10,6,ridge_lags_1_5_10_alpha_1,12,2024-05-29,2024-05-30,2024-06-12,10,10,0.1435281136586416
10,6,ridge_lags_1_5_10_alpha_1,13,2024-06-12,2024-06-13,2024-06-26,10,10,0.15643610062305507
10,6,ridge_lags_1_5_10_alpha_1,14,2024-06-26,2024-06-27,2024-07-10,10,10,0.10867621293494167
10,6,ridge_lags_1_5_10_alpha_1,15,2024-07-10,2024-07-11,2024-07-24,10,10,0.12139100195528552
10,6,ridge_lags_1_5_10_alpha_1,16,2024-07-24,2024-07-25,2024-08-07,10,10,0.14737133852383788
10,6,ridge_lags_1_5_10_alpha_1,17,2024-08-07,2024-08-08,2024-08-21,10,10,0.19946360265475618
10,6,ridge_lags_1_5_10_alpha_1,18,2024-08-21,2024-08-22,2024-09-04,10,10,0.1384409168224706
10,6,ridge_lags_1_5_10_alpha_1,19,2024-09-04,2024-09-05,2024-09-18,10,10,0.06542843740789797
10,6,ridge_lags_1_5_10_alpha_1,20,2024-09-18,2024-09-19,2024-10-02,10,10,0.11799495694951799
10,6,ridge_lags_1_5_10_alpha_1,21,2024-10-02,2024-10-03,2024-10-16,10,10,0.07157688411178197
10,6,ridge_lags_1_5_10_alpha_1,22,2024-10-16,2024-10-17,2024-10-30,10,10,0.08688906055213147
10,6,ridge_lags_1_5_10_alpha_1,23,2024-10-30,2024-10-31,2024-11-13,10,10,0.12407264101633703
10,6,ridge_lags_1_5_10_alpha_1,24,2024-11-13,2024-11-14,2024-11-27,10,10,0.0682536167042714
10,6,ridge_lags_1_5_10_alpha_1,25,2024-11-27,2024-11-28,2024-12-11,10,10,0.1486288336604954
10,6,ridge_lags_1_5_10_alpha_1,26,2024-12-11,2024-12-12,2024-12-25,10,9,0.16536701297880965
10,6,ridge_lags_1_5_10_alpha_1,27,2024-12-25,2024-12-26,2024-12-31,4,4,0.30037016620131507
10,7,ridge_lags_1_5_10_alpha_1,1,2023-12-27,2023-12-28,2024-01-10,10,9,0.21123056807524632
10,7,ridge_lags_1_5_10_alpha_1,2,2024-01-10,2024-01-11,2024-01-24,10,10,0.32723753824971313
10,7,ridge_lags_1_5_10_alpha_1,3,2024-01-24,2024-01-25,2024-02-07,10,10,0.1999298583629715
10,7,ridge_lags_1_5_10_alpha_1,4,2024-02-07,2024-02-08,2024-02-21,10,6,0.18952354638508834
10,7,ridge_lags_1_5_10_alpha_1,5,2024-02-21,2024-02-22,2024-03-06,10,10,0.18655355542257923
10,7,ridge_lags_1_5_10_alpha_1,6,2024-03-06,2024-03-07,2024-03-20,10,10,0.15461190109293885
10,7,ridge_lags_1_5_10_alpha_1,7,2024-03-20,2024-03-21,2024-04-03,10,10,0.221488927572998
10,7,ridge_lags_1_5_10_alpha_1,8,2024-04-03,2024-04-04,2024-04-17,10,10,0.15644112058815451
10,7,ridge_lags_1_5_10_alpha_1,9,2024-04-17,2024-04-18,2024-05-01,10,10,0.3236659603430112
10,7,ridge_lags_1_5_10_alpha_1,10,2024-05-01,2024-05-02,2024-05-15,10,10,0.17845971153279125
10,7,ridge_lags_1_5_10_alpha_1,11,2024-05-15,2024-05-16,2024-05-29,10,10,0.38239493583485396
10,7,ridge_lags_1_5_10_alpha_1,12,2024-05-29,2024-05-30,2024-06-12,10,10,0.15097816157166544
10,7,ridge_lags_1_5_10_alpha_1,13,2024-06-12,2024-06-13,2024-06-26,10,10,0.16216603832793533
10,7,ridge_lags_1_5_10_alpha_1,14,2024-06-26,2024-06-27,2024-07-10,10,10,0.11760737532341543
10,7,ridge_lags_1_5_10_alpha_1,15,2024-07-10,2024-07-11,2024-07-24,10,10,0.16354209243311874
10,7,ridge_lags_1_5_10_alpha_1,16,2024-07-24,2024-07-25,2024-08-07,10,10,0.20051188052623808
10,7,ridge_lags_1_5_10_alpha_1,17,2024-08-07,2024-08-08,2024-08-21,10,10,0.38418982868731716
10,7,ridge_lags_1_5_10_alpha_1,18,2024-08-21,2024-08-22,2024-09-04,10,10,0.37682949912613983
10,7,ridge_lags_1_5_10_alpha_1,19,2024-09-04,2024-09-05,2024-09-18,10,10,0.23560830645447095
10,7,ridge_lags_1_5_10_alpha_1,20,2024-09-18,2024-09-19,2024-10-02,10,10,0.367356809664354
10,7,ridge_lags_1_5_10_alpha_1,21,2024-10-02,2024-10-03,2024-10-16,10,10,0.5300416252339123
10,7,ridge_lags_1_5_10_alpha_1,22,2024-10-16,2024-10-17,2024-10-30,10,10,0.3860470766680348
10,7,ridge_lags_1_5_10_alpha_1,23,2024-10-30,2024-10-31,2024-11-13,10,10,0.4180563828366191
10,7,ridge_lags_1_5_10_alpha_1,24,2024-11-13,2024-11-14,2024-11-27,10,10,0.4181770225945683
10,7,ridge_lags_1_5_10_alpha_1,25,2024-11-27,2024-11-28,2024-12-11,10,10,0.2567094602300125
10,7,ridge_lags_1_5_10_alpha_1,26,2024-12-11,2024-12-12,2024-12-25,10,9,0.20072696010305793
10,7,ridge_lags_1_5_10_alpha_1,27,2024-12-25,2024-12-26,2024-12-31,4,4,0.7746320602938167
10,8,ridge_lags_1_5_10_alpha_1,1,2023-12-27,2023-12-28,2024-01-10,10,9,0.3607930862531358
10,8,ridge_lags_1_5_10_alpha_1,2,2024-01-10,2024-01-11,2024-01-24,10,10,0.19643615603087894
10,8,ridge_lags_1_5_10_alpha_1,3,2024-01-24,2024-01-25,2024-02-07,10,10,0.18120773741812612
10,8,ridge_lags_1_5_10_alpha_1,4,2024-02-07,2024-02-08,2024-02-21,10,6,0.34828952681283276
10,8,ridge_lags_1_5_10_alpha_1,5,2024-02-21,2024-02-22,2024-03-06,10,10,0.44630308592582174
10,8,ridge_lags_1_5_10_alpha_1,6,2024-03-06,2024-03-07,2024-03-20,10,10,0.42152677910749664
10,8,ridge_lags_1_5_10_alpha_1,7,2024-03-20,2024-03-21,2024-04-03,10,10,0.5937591833312199
10,8,ridge_lags_1_5_10_alpha_1,8,2024-04-03,2024-04-04,2024-04-17,10,10,0.7881566847581014
10,8,ridge_lags_1_5_10_alpha_1,9,2024-04-17,2024-04-18,2024-05-01,10,10,0.42037063288563803
10,8,ridge_lags_1_5_10_alpha_1,10,2024-05-01,2024-05-02,2024-05-15,10,10,0.29939239601470774
10,8,ridge_lags_1_5_10_alpha_1,11,2024-05-15,2024-05-16,2024-05-29,10,10,0.45285458634703996
10,8,ridge_lags_1_5_10_alpha_1,12,2024-05-29,2024-05-30,2024-06-12,10,10,0.24012669513364135
10,8,ridge_lags_1_5_10_alpha_1,13,2024-06-12,2024-06-13,2024-06-26,10,10,0.2121876349008127
10,8,ridge_lags_1_5_10_alpha_1,14,2024-06-26,2024-06-27,2024-07-10,10,10,0.08587001540353861
10,8,ridge_lags_1_5_10_alpha_1,15,2024-07-10,2024-07-11,2024-07-24,10,10,0.09368220416822534
10,8,ridge_lags_1_5_10_alpha_1,16,2024-07-24,2024-07-25,2024-08-07,10,10,0.185643066065912
10,8,ridge_lags_1_5_10_alpha_1,17,2024-08-07,2024-08-08,2024-08-21,10,10,0.13454709504441045
10,8,ridge_lags_1_5_10_alpha_1,18,2024-08-21,2024-08-22,2024-09-04,10,10,0.07203087381441808
10,8,ridge_lags_1_5_10_alpha_1,19,2024-09-04,2024-09-05,2024-09-18,10,10,0.0903567849099779
10,8,ridge_lags_1_5_10_alpha_1,20,2024-09-18,2024-09-19,2024-10-02,10,10,0.18134821019706981
10,8,ridge_lags_1_5_10_alpha_1,21,2024-10-02,2024-10-03,2024-10-16,10,10,0.10698935944814139
10,8,ridge_lags_1_5_10_alpha_1,22,2024-10-16,2024-10-17,2024-10-30,10,10,0.03958878327299578
10,8,ridge_lags_1_5_10_alpha_1,23,2024-10-30,2024-10-31,2024-11-13,10,10,0.10394489680298064
10,8,ridge_lags_1_5_10_alpha_1,24,2024-11-13,2024-11-14,2024-11-27,10,10,0.1557818785568421
10,8,ridge_lags_1_5_10_alpha_1,25,2024-11-27,2024-11-28,2024-12-11,10,10,0.10371213079748993
10,8,ridge_lags_1_5_10_alpha_1,26,2024-12-11,2024-12-12,2024-12-25,10,9,0.0819148897324946
10,8,ridge_lags_1_5_10_alpha_1,27,2024-12-25,2024-12-26,2024-12-31,4,4,0.1362957344478626
10,9,ridge_lags_1_5_10_alpha_1,1,2023-12-27,2023-12-28,2024-01-10,10,9,0.49153134068747917
10,9,ridge_lags_1_5_10_alpha_1,2,2024-01-10,2024-01-11,2024-01-24,10,10,0.5275622141137676
10,9,ridge_lags_1_5_10_alpha_1,3,2024-01-24,2024-01-25,2024-02-07,10,10,0.4260664615811891
10,9,ridge_lags_1_5_10_alpha_1,4,2024-02-07,2024-02-08,2024-02-21,10,6,0.4653929993285454
10,9,ridge_lags_1_5_10_alpha_1,5,2024-02-21,2024-02-22,2024-03-06,10,10,0.05172842301071761
10,9,ridge_lags_1_5_10_alpha_1,6,2024-03-06,2024-03-07,2024-03-20,10,10,0.0691643302407457
10,9,ridge_lags_1_5_10_alpha_1,7,2024-03-20,2024-03-21,2024-04-03,10,10,0.2598693989414236
10,9,ridge_lags_1_5_10_alpha_1,8,2024-04-03,2024-04-04,2024-04-17,10,10,0.3369619737454823
10,9,ridge_lags_1_5_10_alpha_1,9,2024-04-17,2024-04-18,2024-05-01,10,10,0.21887882404248138
10,9,ridge_lags_1_5_10_alpha_1,10,2024-05-01,2024-05-02,2024-05-15,10,10,0.5198466454586326
10,9,ridge_lags_1_5_10_alpha_1,11,2024-05-15,2024-05-16,2024-05-29,10,10,0.49926229172169123
10,9,ridge_lags_1_5_10_alpha_1,12,2024-05-29,2024-05-30,2024-06-12,10,10,0.28905738298779987
10,9,ridge_lags_1_5_10_alpha_1,13,2024-06-12,2024-06-13,2024-06-26,10,10,0.26033045552089873
10,9,ridge_lags_1_5_10_alpha_1,14,2024-06-26,2024-06-27,2024-07-10,10,10,0.24005574951071093
10,9,ridge_lags_1_5_10_alpha_1,15,2024-07-10,2024-07-11,2024-07-24,10,10,0.057780492638313155
10,9,ridge_lags_1_5_10_alpha_1,16,2024-07-24,2024-07-25,2024-08-07,10,10,0.1444839718713877
10,9,ridge_lags_1_5_10_alpha_1,17,2024-08-07,2024-08-08,2024-08-21,10,10,0.13999355283927306
10,9,ridge_lags_1_5_10_alpha_1,18,2024-08-21,2024-08-22,2024-09-04,10,10,0.11546104027347281
10,9,ridge_lags_1_5_10_alpha_1,19,2024-09-04,2024-09-05,2024-09-18,10,10,0.177004228199543
10,9,ridge_lags_1_5_10_alpha_1,20,2024-09-18,2024-09-19,2024-10-02,10,10,0.042793407300460176
10,9,ridge_lags_1_5_10_alpha_1,21,2024-10-02,2024-10-03,2024-10-16,10,10,0.16320083818760092
10,9,ridge_lags_1_5_10_alpha_1,22,2024-10-16,2024-10-17,2024-10-30,10,10,0.1199973888000837
10,9,ridge_lags_1_5_10_alpha_1,23,2024-10-30,2024-10-31,2024-11-13,10,10,0.17212168638577474
10,9,ridge_lags_1_5_10_alpha_1,24,2024-11-13,2024-11-14,2024-11-27,10,10,0.1436589295247723
10,9,ridge_lags_1_5_10_alpha_1,25,2024-11-27,2024-11-28,2024-12-11,10,10,0.08371446113987675
10,9,ridge_lags_1_5_10_alpha_1,26,2024-12-11,2024-12-12,2024-12-25,10,9,0.06714831181964075
10,9,ridge_lags_1_5_10_alpha_1,27,2024-12-25,2024-12-26,2024-12-31,4,4,0.25661462800859497
10,10,ridge_lags_1_5_10_alpha_1,1,2023-12-27,2023-12-28,2024-01-10,10,9,0.10964359049018849
10,10,ridge_lags_1_5_10_alpha_1,2,2024-01-10,2024-01-11,2024-01-24,10,10,0.10315162146513815
10,10,ridge_lags_1_5_10_alpha_1,3,2024-01-24,2024-01-25,2024-02-07,10,10,0.11173030229335666
10,10,ridge_lags_1_5_10_alpha_1,4,2024-02-07,2024-02-08,2024-02-21,10,6,0.16726505390969604
10,10,ridge_lags_1_5_10_alpha_1,5,2024-02-21,2024-02-22,2024-03-06,10,10,0.1490687904388983
10,10,ridge_lags_1_5_10_alpha_1,6,2024-03-06,2024-03-07,2024-03-20,10,10,0.14023639972675075
10,10,ridge_lags_1_5_10_alpha_1,7,2024-03-20,2024-03-21,2024-04-03,10,10,0.18687776621560398
10,10,ridge_lags_1_5_10_alpha_1,8,2024-04-03,2024-04-04,2024-04-17,10,10,0.11366249099556702
10,10,ridge_lags_1_5_10_alpha_1,9,2024-04-17,2024-04-18,2024-05-01,10,10,0.2122209898456242
10,10,ridge_lags_1_5_10_alpha_1,10,2024-05-01,2024-05-02,2024-05-15,10,10,0.24102434722853183
10,10,ridge_lags_1_5_10_alpha_1,11,2024-05-15,2024-05-16,2024-05-29,10,10,0.1691313559175669
10,10,ridge_lags_1_5_10_alpha_1,12,2024-05-29,2024-05-30,2024-06-12,10,10,0.094277721398989
10,10,ridge_lags_1_5_10_alpha_1,13,2024-06-12,2024-06-13,2024-06-26,10,10,0.06260656156218296
10,10,ridge_lags_1_5_10_alpha_1,14,2024-06-26,2024-06-27,2024-07-10,10,10,0.11917927835511782
10,10,ridge_lags_1_5_10_alpha_1,15,2024-07-10,2024-07-11,2024-07-24,10,10,0.0678632050155066
10,10,ridge_lags_1_5_10_alpha_1,16,2024-07-24,2024-07-25,2024-08-07,10,10,0.08064928730218782
10,10,ridge_lags_1_5_10_alpha_1,17,2024-08-07,2024-08-08,2024-08-21,10,10,0.1433609457602574
10,10,ridge_lags_1_5_10_alpha_1,18,2024-08-21,2024-08-22,2024-09-04,10,10,0.06272112225506969
10,10,ridge_lags_1_5_10_alpha_1,19,2024-09-04,2024-09-05,2024-09-18,10,10,0.061516554475946686
10,10,ridge_lags_1_5_10_alpha_1,20,2024-09-18,2024-09-19,2024-10-02,10,10,0.06266271053106488
10,10,ridge_lags_1_5_10_alpha_1,21,2024-10-02,2024-10-03,2024-10-16,10,10,0.15215950762552322
10,10,ridge_lags_1_5_10_alpha_1,22,2024-10-16,2024-10-17,2024-10-30,10,10,0.10304812773207975
10,10,ridge_lags_1_5_10_alpha_1,23,2024-10-30,2024-10-31,2024-11-13,10,10,0.10307735587339446
10,10,ridge_lags_1_5_10_alpha_1,24,2024-11-13,2024-11-14,2024-11-27,10,10,0.07642544448601124
10,10,ridge_lags_1_5_10_alpha_1,25,2024-11-27,2024-11-28,2024-12-11,10,10,0.07079946266627317
10,10,ridge_lags_1_5_10_alpha_1,26,2024-12-11,2024-12-12,2024-12-25,10,9,0.0756616422632862
10,10,ridge_lags_1_5_10_alpha_1,27,2024-12-25,2024-12-26,2024-12-31,4,4,0.18067745331644428
10,11,ridge_lags_1_5_10_alpha_1,1,2023-12-27,2023-12-28,2024-01-10,10,9,0.39852925668266015
10,11,ridge_lags_1_5_10_alpha_1,2,2024-01-10,2024-01-11,2024-01-24,10,10,1.5731601542643028
10,11,ridge_lags_1_5_10_alpha_1,3,2024-01-24,2024-01-25,2024-02-07,10,10,0.8605544959359355
10,11,ridge_lags_1_5_10_alpha_1,4,2024-02-07,2024-02-08,2024-02-21,10,6,0.23744676807748571
10,11,ridge_lags_1_5_10_alpha_1,5,2024-02-21,2024-02-22,2024-03-06,10,10,0.2584729453823732
10,11,ridge_lags_1_5_10_alpha_1,6,2024-03-06,2024-03-07,2024-03-20,10,10,0.2923118359303962
10,11,ridge_lags_1_5_10_alpha_1,7,2024-03-20,2024-03-21,2024-04-03,10,10,0.26013035221502073
10,11,ridge_lags_1_5_10_alpha_1,8,2024-04-03,2024-04-04,2024-04-17,10,10,0.47050305434850276
10,11,ridge_lags_1_5_10_alpha_1,9,2024-04-17,2024-04-18,2024-05-01,10,10,0.10886446953617855
10,11,ridge_lags_1_5_10_alpha_1,10,2024-05-01,2024-05-02,2024-05-15,10,10,0.419202938280933
10,11,ridge_lags_1_5_10_alpha_1,11,2024-05-15,2024-05-16,2024-05-29,10,10,0.440027893598117
10,11,ridge_lags_1_5_10_alpha_1,12,2024-05-29,2024-05-30,2024-06-12,10,10,0.3862834786072573
10,11,ridge_lags_1_5_10_alpha_1,13,2024-06-12,2024-06-13,2024-06-26,10,10,0.3547050666576179
10,11,ridge_lags_1_5_10_alpha_1,14,2024-06-26,2024-06-27,2024-07-10,10,10,0.12143121578005943
10,11,ridge_lags_1_5_10_alpha_1,15,2024-07-10,2024-07-11,2024-07-24,10,10,0.2569126929210584
10,11,ridge_lags_1_5_10_alpha_1,16,2024-07-24,2024-07-25,2024-08-07,10,10,0.2030777910860921
10,11,ridge_lags_1_5_10_alpha_1,17,2024-08-07,2024-08-08,2024-08-21,10,10,0.2967590233180141
10,11,ridge_lags_1_5_10_alpha_1,18,2024-08-21,2024-08-22,2024-09-04,10,10,0.2608703368715799
10,11,ridge_lags_1_5_10_alpha_1,19,2024-09-04,2024-09-05,2024-09-18,10,10,0.34617125407282767
10,11,ridge_lags_1_5_10_alpha_1,20,2024-09-18,2024-09-19,2024-10-02,10,10,0.23425254030494702
10,11,ridge_lags_1_5_10_alpha_1,21,2024-10-02,2024-10-03,2024-10-16,10,10,0.34464501272426323
10,11,ridge_lags_1_5_10_alpha_1,22,2024-10-16,2024-10-17,2024-10-30,10,10,0.13077845295546425
10,11,ridge_lags_1_5_10_alpha_1,23,2024-10-30,2024-10-31,2024-11-13,10,10,0.12110756362355918
10,11,ridge_lags_1_5_10_alpha_1,24,2024-11-13,2024-11-14,2024-11-27,10,10,0.5606067001226903
10,11,ridge_lags_1_5_10_alpha_1,25,2024-11-27,2024-11-28,2024-12-11,10,10,1.6521657637520115
10,11,ridge_lags_1_5_10_alpha_1,26,2024-12-11,2024-12-12,2024-12-25,10,9,1.7265365000869366
10,11,ridge_lags_1_5_10_alpha_1,27,2024-12-25,2024-12-26,2024-12-31,4,4,1.8998206474992887
10,12,ridge_lags_1_5_10_alpha_1,1,2023-12-27,2023-12-28,2024-01-10,10,9,0.7622571972427632
10,12,ridge_lags_1_5_10_alpha_1,2,2024-01-10,2024-01-11,2024-01-24,10,10,1.1540940567352809
10,12,ridge_lags_1_5_10_alpha_1,3,2024-01-24,2024-01-25,2024-02-07,10,10,0.8590620874082205
10,12,ridge_lags_1_5_10_alpha_1,4,2024-02-07,2024-02-08,2024-02-21,10,6,1.8826504668849107
10,12,ridge_lags_1_5_10_alpha_1,5,2024-02-21,2024-02-22,2024-03-06,10,10,1.6665893408488117
10,12,ridge_lags_1_5_10_alpha_1,6,2024-03-06,2024-03-07,2024-03-20,10,10,1.8964613067190408
10,12,ridge_lags_1_5_10_alpha_1,7,2024-03-20,2024-03-21,2024-04-03,10,10,2.0
10,12,ridge_lags_1_5_10_alpha_1,8,2024-04-03,2024-04-04,2024-04-17,10,10,1.8103719361892545
10,12,ridge_lags_1_5_10_alpha_1,9,2024-04-17,2024-04-18,2024-05-01,10,10,1.6759367500376214
10,12,ridge_lags_1_5_10_alpha_1,10,2024-05-01,2024-05-02,2024-05-15,10,10,0.7810395112190774
10,12,ridge_lags_1_5_10_alpha_1,11,2024-05-15,2024-05-16,2024-05-29,10,10,1.3047299808726927
10,12,ridge_lags_1_5_10_alpha_1,12,2024-05-29,2024-05-30,2024-06-12,10,10,1.2558468259259241
10,12,ridge_lags_1_5_10_alpha_1,13,2024-06-12,2024-06-13,2024-06-26,10,10,0.6983035853221804
10,12,ridge_lags_1_5_10_alpha_1,14,2024-06-26,2024-06-27,2024-07-10,10,10,1.0916132288224354
10,12,ridge_lags_1_5_10_alpha_1,15,2024-07-10,2024-07-11,2024-07-24,10,10,1.4025567565718564
10,12,ridge_lags_1_5_10_alpha_1,16,2024-07-24,2024-07-25,2024-08-07,10,10,1.0725170650645532
10,12,ridge_lags_1_5_10_alpha_1,17,2024-08-07,2024-08-08,2024-08-21,10,10,1.2541978721102058
10,12,ridge_lags_1_5_10_alpha_1,18,2024-08-21,2024-08-22,2024-09-04,10,10,1.2267222740991364
10,12,ridge_lags_1_5_10_alpha_1,19,2024-09-04,2024-09-05,2024-09-18,10,10,0.9029421498776519
10,12,ridge_lags_1_5_10_alpha_1,20,2024-09-18,2024-09-19,2024-10-02,10,10,1.0547394554325789
10,12,ridge_lags_1_5_10_alpha_1,21,2024-10-02,2024-10-03,2024-10-16,10,10,0.9908436034829953
10,12,ridge_lags_1_5_10_alpha_1,22,2024-10-16,2024-10-17,2024-10-30,10,10,0.8709491311323352
10,12,ridge_lags_1_5_10_alpha_1,23,2024-10-30,2024-10-31,2024-11-13,10,10,1.0528462942711305
10,12,ridge_lags_1_5_10_alpha_1,24,2024-11-13,2024-11-14,2024-11-27,10,10,0.3697596270986364
10,12,ridge_lags_1_5_10_alpha_1,25,2024-11-27,2024-11-28,2024-12-11,10,10,1.166730115787108
10,12,ridge_lags_1_5_10_alpha_1,26,2024-12-11,2024-12-12,2024-12-25,10,9,1.273561393587705
10,12,ridge_lags_1_5_10_alpha_1,27,2024-12-25,2024-12-26,2024-12-31,4,4,2.0
10,13,ridge_lags_1_5_10_alpha_1,1,2023-12-27,2023-12-28,2024-01-10,10,9,2.0
10,13,ridge_lags_1_5_10_alpha_1,2,2024-01-10,2024-01-11,2024-01-24,10,10,2.0
10,13,ridge_lags_1_5_10_alpha_1,3,2024-01-24,2024-01-25,2024-02-07,10,10,1.976165447627535
10,13,ridge_lags_1_5_10_alpha_1,4,2024-02-07,2024-02-08,2024-02-21,10,6,2.0
10,13,ridge_lags_1_5_10_alpha_1,5,2024-02-21,2024-02-22,2024-03-06,10,10,2.0
10,13,ridge_lags_1_5_10_alpha_1,6,2024-03-06,2024-03-07,2024-03-20,10,10,1.54309845444131
10,13,ridge_lags_1_5_10_alpha_1,7,2024-03-20,2024-03-21,2024-04-03,10,10,1.5572574304104916
10,13,ridge_lags_1_5_10_alpha_1,8,2024-04-03,2024-04-04,2024-04-17,10,10,2.0
10,13,ridge_lags_1_5_10_alpha_1,9,2024-04-17,2024-04-18,2024-05-01,10,10,1.3901732423049518
10,13,ridge_lags_1_5_10_alpha_1,10,2024-05-01,2024-05-02,2024-05-15,10,10,0.8839793314510427
10,13,ridge_lags_1_5_10_alpha_1,11,2024-05-15,2024-05-16,2024-05-29,10,10,2.0
10,13,ridge_lags_1_5_10_alpha_1,12,2024-05-29,2024-05-30,2024-06-12,10,10,1.8698210380466698
10,13,ridge_lags_1_5_10_alpha_1,13,2024-06-12,2024-06-13,2024-06-26,10,10,1.9462654691904615
10,13,ridge_lags_1_5_10_alpha_1,14,2024-06-26,2024-06-27,2024-07-10,10,10,1.9083937933729314
10,13,ridge_lags_1_5_10_alpha_1,15,2024-07-10,2024-07-11,2024-07-24,10,10,1.7035674356319128
10,13,ridge_lags_1_5_10_alpha_1,16,2024-07-24,2024-07-25,2024-08-07,10,10,1.5692234309785338
10,13,ridge_lags_1_5_10_alpha_1,17,2024-08-07,2024-08-08,2024-08-21,10,10,1.6598135615900653
10,13,ridge_lags_1_5_10_alpha_1,18,2024-08-21,2024-08-22,2024-09-04,10,10,1.5660339231979656
10,13,ridge_lags_1_5_10_alpha_1,19,2024-09-04,2024-09-05,2024-09-18,10,10,1.8945554236646214
10,13,ridge_lags_1_5_10_alpha_1,20,2024-09-18,2024-09-19,2024-10-02,10,10,1.9841531304184
10,13,ridge_lags_1_5_10_alpha_1,21,2024-10-02,2024-10-03,2024-10-16,10,10,1.611107596784833
10,13,ridge_lags_1_5_10_alpha_1,22,2024-10-16,2024-10-17,2024-10-30,10,10,2.0
10,13,ridge_lags_1_5_10_alpha_1,23,2024-10-30,2024-10-31,2024-11-13,10,10,2.0
10,13,ridge_lags_1_5_10_alpha_1,24,2024-11-13,2024-11-14,2024-11-27,10,10,2.0
10,13,ridge_lags_1_5_10_alpha_1,25,2024-11-27,2024-11-28,2024-12-11,10,10,1.9793162646798714
10,13,ridge_lags_1_5_10_alpha_1,26,2024-12-11,2024-12-12,2024-12-25,10,9,1.9394440751004154
10,13,ridge_lags_1_5_10_alpha_1,27,2024-12-25,2024-12-26,2024-12-31,4,4,1.7193628953128386
