horizon,material,model,fold,train_end,test_start,test_end,n_test,n_observed,smape
10,1,naive,1,2023-12-27,2023-12-28,2024-01-10,10,9,0.1257788651650627
10,1,naive,2,2024-01-10,2024-01-11,2024-01-24,10,10,0.17095388982832715
10,1,naive,3,2024-01-24,2024-01-25,2024-02-07,10,10,0.18005375667343715
10,1,naive,4,2024-02-07,2024-02-08,2024-02-21,10,6,0.092236235430702
10,1,naive,5,2024-02-21,2024-02-22,2024-03-06,10,10,0.11766017436401835
10,1,naive,6,2024-03-06,2024-03-07,2024-03-20,10,10,0.08210209393216
10,1,naive,7,2024-03-20,2024-03-21,2024-04-03,10,10,0.18968797283682282
10,1,naive,8,2024-04-03,2024-04-04,2024-04-17,10,10,0.1798390598943372
10,1,naive,9,2024-04-17,2024-04-18,2024-05-01,10,10,0.27372899311896803
10,1,naive,10,2024-05-01,2024-05-02,2024-05-15,10,10,0.403385525650376
10,1,naive,11,2024-05-15,2024-05-16,2024-05-29,10,10,0.15811923102021952
10,1,naive,12,2024-05-29,2024-05-30,2024-06-12,10,10,0.1736017437354389
10,1,naive,13,2024-06-12,2024-06-13,2024-06-26,10,10,0.22178563168665433
10,1,naive,14,2024-06-26,2024-06-27,2024-07-10,10,10,0.10629657186683868
10,1,naive,15,2024-07-10,2024-07-11,2024-07-24,10,10,0.08041975402350487
10,1,naive,16,2024-07-24,2024-07-25,2024-08-07,10,10,0.09552775744822274
10,1,naive,17,2024-08-07,2024-08-08,2024-08-21,10,10,0.11131513600308914
10,1,naive,18,2024-08-21,2024-08-22,2024-09-04,10,10,0.07067294985021844
10,1,naive,19,2024-09-04,2024-09-05,2024-09-18,10,10,0.09963842008654791
10,1,naive,20,2024-09-18,2024-09-19,2024-10-02,10,10,0.09240521694453244
10,1,naive,21,2024-10-02,2024-10-03,2024-10-16,10,10,0.07950068538688605
10,1,naive,22,2024-10-16,2024-10-17,2024-10-30,10,10,0.08674398899451105
10,1,naive,23,2024-10-30,2024-10-31,2024-11-13,10,10,0.07739838910874211
10,1,naive,24,2024-11-13,2024-11-14,2024-11-27,10,10,0.10072602732200896
10,1,naive,25,2024-11-27,2024-11-28,2024-12-11,10,10,0.08923820877389987
10,1,naive,26,2024-12-11,2024-12-12,2024-12-25,10,9,0.09076857758606842
10,1,naive,27,2024-12-25,2024-12-26,2024-12-31,4,4,0.11348203035453319
10,2,naive,1,2023-12-27,2023-12-28,2024-01-10,10,9,2.0
10,2,naive,2,2024-01-10,2024-01-11,2024-01-24,10,10,0.2085428702456712
10,2,naive,3,2024-01-24,2024-01-25,2024-02-07,10,10,0.10293193197231354
10,2,naive,4,2024-02-07,2024-02-08,2024-02-21,10,6,0.08408561505858711
10,2,naive,5,2024-02-21,2024-02-22,2024-03-06,10,10,0.12101143141999447
10,2,naive,6,2024-03-06,2024-03-07,2024-03-20,10,10,0.04865934067289643
10,2,naive,7,2024-03-20,2024-03-21,2024-04-03,10,10,0.22333794130395757
10,2,naive,8,2024-04-03,2024-04-04,2024-04-17,10,10,0.1989717603166568
10,2,naive,9,2024-04-17,2024-04-18,2024-05-01,10,10,0.29671500809913354
10,2,naive,10,2024-05-01,2024-05-02,2024-05-15,10,10,0.2181535242255094
10,2,naive,11,2024-05-15,2024-05-16,2024-05-29,10,10,0.18439387637869997
10,2,naive,12,2024-05-29,2024-05-30,2024-06-12,10,10,0.22780469093039812
10,2,naive,13,2024-06-12,2024-06-13,2024-06-26,10,10,0.12840649951207572
10,2,naive,14,2024-06-26,2024-06-27,2024-07-10,10,10,0.23314920005708353
10,2,naive,15,2024-07-10,2024-07-11,2024-07-24,10,10,0.16211370927538726
10,2,naive,16,2024-07-24,2024-07-25,2024-08-07,10,10,0.09634195526867631
10,2,naive,17,2024-08-07,2024-08-08,2024-08-21,10,10,0.19066180539877198
10,2,naive,18,2024-08-21,2024-08-22,2024-09-04,10,10,0.0924760947161812
10,2,naive,19,2024-09-04,2024-09-05,2024-09-18,10,10,0.057528610803008765
10,2,naive,20,2024-09-18,2024-09-19,2024-10-02,10,10,0.09285643799930032
10,2,naive,21,2024-10-02,2024-10-03,2024-10-16,10,10,0.22121727619160542
10,2,naive,22,2024-10-16,2024-10-17,2024-10-30,10,10,0.12622692278293443
10,2,naive,23,2024-10-30,2024-10-31,2024-11-13,10,10,0.11704265193221719
10,2,naive,24,2024-11-13,2024-11-14,2024-11-27,10,10,0.15819012832979956
10,2,naive,25,2024-11-27,2024-11-28,2024-12-11,10,10,0.1144371521051524
10,2,naive,26,2024-12-11,2024-12-12,2024-12-25,10,9,0.08307302861093008
10,2,naive,27,2024-12-25,2024-12-26,2024-12-31,4,4,0.13214616177424165
10,3,naive,1,2023-12-27,2023-12-28,2024-01-10,10,9,0.14307417947626838
10,3,naive,2,2024-01-10,2024-01-11,2024-01-24,10,10,0.21011855281729397
10,3,naive,3,2024-01-24,2024-01-25,2024-02-07,10,10,0.10037356481985367
10,3,naive,4,2024-02-07,2024-02-08,2024-02-21,10,6,0.12295304878618192
10,3,naive,5,2024-02-21,2024-02-22,2024-03-06,10,10,0.06103164774114578
10,3,naive,6,2024-03-06,2024-03-07,2024-03-20,10,10,0.1065918922288996
10,3,naive,7,2024-03-20,2024-03-21,2024-04-03,10,10,0.13871497949875508
10,3,naive,8,2024-04-03,2024-04-04,2024-04-17,10,10,0.09532892902922985
10,3,naive,9,2024-04-17,2024-04-18,2024-05-01,10,10,0.42814932928004357
10,3,naive,10,2024-05-01,2024-05-02,2024-05-15,10,10,0.1419875781695495
10,3,naive,11,2024-05-15,2024-05-16,2024-05-29,10,10,0.3267396892448189
10,3,naive,12,2024-05-29,2024-05-30,2024-06-12,10,10,0.12611734040086545
10,3,naive,13,2024-06-12,2024-06-13,2024-06-26,10,10,0.11117592258861558
10,3,naive,14,2024-06-26,2024-06-27,2024-07-10,10,10,0.11000764977395659
10,3,naive,15,2024-07-10,2024-07-11,2024-07-24,10,10,0.1679185496795598
10,3,naive,16,2024-07-24,2024-07-25,2024-08-07,10,10,0.21923230512444017
10,3,naive,17,2024-08-07,2024-08-08,2024-08-21,10,10,0.37490888730542504
10,3,naive,18,2024-08-21,2024-08-22,2024-09-04,10,10,0.21368359944640056
10,3,naive,19,2024-09-04,2024-09-05,2024-09-18,10,10,0.13353072141918287
10,3,naive,20,2024-09-18,2024-09-19,2024-10-02,10,10,0.08842732866355257
10,3,naive,21,2024-10-02,2024-10-03,2024-10-16,10,10,0.1269070377897354
10,3,naive,22,2024-10-16,2024-10-17,2024-10-30,10,10,0.09970001123999257
10,3,naive,23,2024-10-30,2024-10-31,2024-11-13,10,10,0.08009516923215994
10,3,naive,24,2024-11-13,2024-11-14,2024-11-27,10,10,0.11980721798322813
10,3,naive,25,2024-11-27,2024-11-28,2024-12-11,10,10,0.3707985781672281
10,3,naive,26,2024-12-11,2024-12-12,2024-12-25,10,9,0.0775079150610722
10,3,naive,27,2024-12-25,2024-12-26,2024-12-31,4,4,0.5814472352253873
10,4,naive,1,2023-12-27,2023-12-28,2024-01-10,10,9,2.0
10,4,naive,2,2024-01-10,2024-01-11,2024-01-24,10,10,0.1551671547790523
10,4,naive,3,2024-01-24,2024-01-25,2024-02-07,10,10,0.10384739629095417
10,4,naive,4,2024-02-07,2024-02-08,2024-02-21,10,6,0.1476330086308764
10,4,naive,5,2024-02-21,2024-02-22,2024-03-06,10,10,0.3452937808995523
10,4,naive,6,2024-03-06,2024-03-07,2024-03-20,10,10,0.05304087304107278
10,4,naive,7,2024-03-20,2024-03-21,2024-04-03,10,10,0.17668765939489992
10,4,naive,8,2024-04-03,2024-04-04,2024-04-17,10,10,0.15141566060543168
10,4,naive,9,2024-04-17,2024-04-18,2024-05-01,10,10,0.20668446992285935
10,4,naive,10,2024-05-01,2024-05-02,2024-05-15,10,10,0.232663640304245
10,4,naive,11,2024-05-15,2024-05-16,2024-05-29,10,10,0.20948024548919536
10,4,naive,12,2024-05-29,2024-05-30,2024-06-12,10,10,0.2220196170780406
10,4,naive,13,2024-06-12,2024-06-13,2024-06-26,10,10,0.20775676488074635
10,4,naive,14,2024-06-26,2024-06-27,2024-07-10,10,10,0.12454794091422056
10,4,naive,15,2024-07-10,2024-07-11,2024-07-24,10,10,0.15913217353380146
10,4,naive,16,2024-07-24,2024-07-25,2024-08-07,10,10,0.17965346616785421
10,4,naive,17,2024-08-07,2024-08-08,2024-08-21,10,10,0.23010233167773855
10,4,naive,18,2024-08-21,2024-08-22,2024-09-04,10,10,0.1615649079780966
10,4,naive,19,2024-09-04,2024-09-05,2024-09-18,10,10,0.12302601187468323
10,4,naive,20,2024-09-18,2024-09-19,2024-10-02,10,10,0.09713295695811763
10,4,naive,21,2024-10-02,2024-10-03,2024-10-16,10,10,0.09438225702527506
10,4,naive,22,2024-10-16,2024-10-17,2024-10-30,10,10,0.2910184689506545
10,4,naive,23,2024-10-30,2024-10-31,2024-11-13,10,10,0.2042857282995065
10,4,naive,24,2024-11-13,2024-11-14,2024-11-27,10,10,0.19677619255803666
10,4,naive,25,2024-11-27,2024-11-28,2024-12-11,10,10,0.10999772716674186
10,4,naive,26,2024-12-11,2024-12-12,2024-12-25,10,9,0.12380606904785121
10,4,naive,27,2024-12-25,2024-12-26,2024-12-31,4,4,0.5790509085166018
10,5,naive,1,2023-12-27,2023-12-28,2024-01-10,10,9,0.08175018089613607
10,5,naive,2,2024-01-10,2024-01-11,2024-01-24,10,10,0.14216388147417514
10,5,naive,3,2024-01-24,2024-01-25,2024-02-07,10,10,0.13791201705403752
10,5,naive,4,2024-02-07,2024-02-08,2024-02-21,10,6,0.06071375466422905
10,5,naive,5,2024-02-21,2024-02-22,2024-03-06,10,10,0.1526834135554005
10,5,naive,6,2024-03-06,2024-03-07,2024-03-20,10,10,0.08773224935697972
10,5,naive,7,2024-03-20,2024-03-21,2024-04-03,10,10,0.1531766891153273
10,5,naive,8,2024-04-03,2024-04-04,2024-04-17,10,10,0.1664321699916972
10,5,naive,9,2024-04-17,2024-04-18,2024-05-01,10,10,0.1897116515851721
10,5,naive,10,2024-05-01,2024-05-02,2024-05-15,10,10,0.23932162649844418
10,5,naive,11,2024-05-15,2024-05-16,2024-05-29,10,10,0.24628339844671482
10,5,naive,12,2024-05-29,2024-05-30,2024-06-12,10,10,0.08495600591597152
10,5,naive,13,2024-06-12,2024-06-13,2024-06-26,10,10,0.13890503712534025
10,5,naive,14,2024-06-26,2024-06-27,2024-07-10,10,10,0.08929136738155063
10,5,naive,15,2024-07-10,2024-07-11,2024-07-24,10,10,0.17933256875154047
10,5,naive,16,2024-07-24,2024-07-25,2024-08-07,10,10,0.11262752644856343
10,5,naive,17,2024-08-07,2024-08-08,2024-08-21,10,10,0.13084888021943977
10,5,naive,18,2024-08-21,2024-08-22,2024-09-04,10,10,0.09802951353537447
10,5,naive,19,2024-09-04,2024-09-05,2024-09-18,10,10,0.05687516566162583
10,5,naive,20,2024-09-18,2024-09-19,2024-10-02,10,10,0.0552602742018801
10,5,naive,21,2024-10-02,2024-10-03,2024-10-16,10,10,0.16950559331262952
10,5,naive,22,2024-10-16,2024-10-17,2024-10-30,10,10,0.037686405495167434
10,5,naive,23,2024-10-30,2024-10-31,2024-11-13,10,10,0.08566257065071461
10,5,naive,24,2024-11-13,2024-11-14,2024-11-27,10,10,0.10568307533014742
10,5,naive,25,2024-11-27,2024-11-28,2024-12-11,10,10,0.0779682619635951
10,5,naive,26,2024-12-11,2024-12-12,2024-12-25,10,9,0.05010796962814117
10,5,naive,27,2024-12-25,2024-12-26,2024-12-31,4,4,0.14778438076521627
10,6,naive,1,2023-12-27,2023-12-28,2024-01-10,10,9,0.0848887148007359
10,6,naive,2,2024-01-10,2024-01-11,2024-01-24,10,10,0.1766647440276362
10,6,naive,3,2024-01-24,2024-01-25,2024-02-07,10,10,0.13908921805675087
10,6,naive,4,2024-02-07,2024-02-08,2024-02-21,10,6,0.11797839468346423
10,6,naive,5,2024-02-21,2024-02-22,2024-03-06,10,10,0.29695917957897117
10,6,naive,6,2024-03-06,2024-03-07,2024-03-20,10,10,0.12653061397739257
10,6,naive,7,2024-03-20,2024-03-21,2024-04-03,10,10,0.15199941722339722
10,6,naive,8,2024-04-03,2024-04-04,2024-04-17,10,10,0.06910533815979414
10,6,naive,9,2024-04-17,2024-04-18,2024-05-01,10,10,0.24895156298219626
10,6,naive,10,2024-05-01,2024-05-02,2024-05-15,10,10,0.13519390295571393
10,6,naive,11,2024-05-15,2024-05-16,2024-05-29,10,10,0.26410778728081014
10,6,naive,12,2024-05-29,2024-05-30,2024-06-12,10,10,0.09244824152935305
10,6,naive,13,2024-06-12,2024-06-13,2024-06-26,10,10,0.1663219959758434
10,6,naive,14,2024-06-26,2024-06-27,2024-07-10,10,10,0.125894779216796
10,6,naive,15,2024-07-10,2024-07-11,2024-07-24,10,10,0.13405760426135713
10,6,naive,16,2024-07-24,2024-07-25,2024-08-07,10,10,0.1354498158990134
10,6,naive,17,2024-08-07,2024-08-08,2024-08-21,10,10,0.12572384287514926
10,6,naive,18,2024-08-21,2024-08-22,2024-09-04,10,10,0.18660200366068494
10,6,naive,19,2024-09-04,2024-09-05,2024-09-18,10,10,0.06410474370096447
10,6,naive,20,2024-09-18,2024-09-19,2024-10-02,10,10,0.11726466542299824
10,6,naive,21,2024-10-02,2024-10-03,2024-10-16,10,10,0.0892559676341568
10,6,naive,22,2024-10-16,2024-10-17,2024-10-30,10,10,0.09620280586571615
10,6,naive,23,2024-10-30,2024-10-31,2024-11-13,10,10,0.09711732860134736
10,6,naive,24,2024-11-13,2024-11-14,2024-11-27,10,10,0.060801675066292665
10,6,naive,25,2024-11-27,2024-11-28,2024-12-11,10,10,0.1653296637051398
10,6,naive,26,2024-12-11,2024-12-12,2024-12-25,10,9,0.10368733496900116
10,6,naive,27,2024-12-25,2024-12-26,2024-12-31,4,4,0.18005493588667315
10,7,naive,1,2023-12-27,2023-12-28,2024-01-10,10,9,2.0
10,7,naive,2,2024-01-10,2024-01-11,2024-01-24,10,10,0.330434414381234
10,7,naive,3,2024-01-24,2024-01-25,2024-02-07,10,10,0.26827097443171266
10,7,naive,4,2024-02-07,2024-02-08,2024-02-21,10,6,0.1895523471388189
10,7,naive,5,2024-02-21,2024-02-22,2024-03-06,10,10,0.3627075117610642
10,7,naive,6,2024-03-06,2024-03-07,2024-03-20,10,10,0.21749783372143794
10,7,naive,7,2024-03-20,2024-03-21,2024-04-03,10,10,0.2712660671520706
10,7,naive,8,2024-04-03,2024-04-04,2024-04-17,10,10,0.21233460873725707
10,7,naive,9,2024-04-17,2024-04-18,2024-05-01,10,10,0.3141680078130813
10,7,naive,10,2024-05-01,2024-05-02,2024-05-15,10,10,0.18073340983582886
10,7,naive,11,2024-05-15,2024-05-16,2024-05-29,10,10,0.35561635418859877
10,7,naive,12,2024-05-29,2024-05-30,2024-06-12,10,10,0.22247146681435642
10,7,naive,13,2024-06-12,2024-06-13,2024-06-26,10,10,0.16040267585508383
10,7,naive,14,2024-06-26,2024-06-27,2024-07-10,10,10,0.16780457355706802
10,7,naive,15,2024-07-10,2024-07-11,2024-07-24,10,10,0.30407110665378306
10,7,naive,16,2024-07-24,2024-07-25,2024-08-07,10,10,0.296863079209157
10,7,naive,17,2024-08-07,2024-08-08,2024-08-21,10,10,0.4003618111000935
10,7,naive,18,2024-08-21,2024-08-22,2024-09-04,10,10,0.282345133621896
10,7,naive,19,2024-09-04,2024-09-05,2024-09-18,10,10,0.3263089068780107
10,7,naive,20,2024-09-18,2024-09-19,2024-10-02,10,10,0.25446719168388116
10,7,naive,21,2024-10-02,2024-10-03,2024-10-16,10,10,0.2737014366392787
10,7,naive,22,2024-10-16,2024-10-17,2024-10-30,10,10,0.28786808412798365
10,7,naive,23,2024-10-30,2024-10-31,2024-11-13,10,10,0.36752924658775427
10,7,naive,24,2024-11-13,2024-11-14,2024-11-27,10,10,0.17889588790727806
10,7,naive,25,2024-11-27,2024-11-28,2024-12-11,10,10,0.16104438049146524
10,7,naive,26,2024-12-11,2024-12-12,2024-12-25,10,9,0.18376143969870534
10,7,naive,27,2024-12-25,2024-12-26,2024-12-31,4,4,0.7908400498000967
10,8,naive,1,2023-12-27,2023-12-28,2024-01-10,10,9,0.8667559001253714
10,8,naive,2,2024-01-10,2024-01-11,2024-01-24,10,10,0.3729547622513193
10,8,naive,3,2024-01-24,2024-01-25,2024-02-07,10,10,0.22711707429462297
10,8,naive,4,2024-02-07,2024-02-08,2024-02-21,10,6,0.27582107223114255
10,8,naive,5,2024-02-21,2024-02-22,2024-03-06,10,10,0.12656157496830753
10,8,naive,6,2024-03-06,2024-03-07,2024-03-20,10,10,0.11314411771676702
10,8,naive,7,2024-03-20,2024-03-21,2024-04-03,10,10,0.2692166165248778
10,8,naive,8,2024-04-03,2024-04-04,2024-04-17,10,10,0.2599640774255073
10,8,naive,9,2024-04-17,2024-04-18,2024-05-01,10,10,0.20419598520936866
10,8,naive,10,2024-05-01,2024-05-02,2024-05-15,10,10,0.19299518261099916
10,8,naive,11,2024-05-15,2024-05-16,2024-05-29,10,10,0.36906310492785793
10,8,naive,12,2024-05-29,2024-05-30,2024-06-12,10,10,0.15561315928554287
10,8,naive,13,2024-06-12,2024-06-13,2024-06-26,10,10,0.10114682958568258
10,8,naive,14,2024-06-26,2024-06-27,2024-07-10,10,10,0.4018736024088496
10,8,naive,15,2024-07-10,2024-07-11,2024-07-24,10,10,0.10915316398115525
10,8,naive,16,2024-07-24,2024-07-25,2024-08-07,10,10,0.20066192771601188
10,8,naive,17,2024-08-07,2024-08-08,2024-08-21,10,10,0.20380109925765233
10,8,naive,18,2024-08-21,2024-08-22,2024-09-04,10,10,0.23306898857276367
10,8,naive,19,2024-09-04,2024-09-05,2024-09-18,10,10,0.083686896102846
10,8,naive,20,2024-09-18,2024-09-19,2024-10-02,10,10,0.2536944315388699
10,8,naive,21,2024-10-02,2024-10-03,2024-10-16,10,10,0.21243659816622326
10,8,naive,22,2024-10-16,2024-10-17,2024-10-30,10,10,0.07780518247126396
10,8,naive,23,2024-10-30,2024-10-31,2024-11-13,10,10,0.1378599283751544
10,8,naive,24,2024-11-13,2024-11-14,2024-11-27,10,10,0.1517266530337935
10,8,naive,25,2024-11-27,2024-11-28,2024-12-11,10,10,0.10897310202786917
10,8,naive,26,2024-12-11,2024-12-12,2024-12-25,10,9,0.14315268738401213
10,8,naive,27,2024-12-25,2024-12-26,2024-12-31,4,4,0.24556719341575944
10,9,naive,1,2023-12-27,2023-12-28,2024-01-10,10,9,2.0
10,9,naive,2,2024-01-10,2024-01-11,2024-01-24,10,10,0.0863555605732707
10,9,naive,3,2024-01-24,2024-01-25,2024-02-07,10,10,0.2768607844713448
10,9,naive,4,2024-02-07,2024-02-08,2024-02-21,10,6,0.48991788227290045
10,9,naive,5,2024-02-21,2024-02-22,2024-03-06,10,10,0.0634300402896991
10,9,naive,6,2024-03-06,2024-03-07,2024-03-20,10,10,0.05570176057291474
10,9,naive,7,2024-03-20,2024-03-21,2024-04-03,10,10,0.3211044360765643
10,9,naive,8,2024-04-03,2024-04-04,2024-04-17,10,10,0.4120377756746681
10,9,naive,9,2024-04-17,2024-04-18,2024-05-01,10,10,0.42473247932963204
10,9,naive,10,2024-05-01,2024-05-02,2024-05-15,10,10,0.3277693948292347
10,9,naive,11,2024-05-15,2024-05-16,2024-05-29,10,10,0.4055271534910997
10,9,naive,12,2024-05-29,2024-05-30,2024-06-12,10,10,0.16569199901539897
10,9,naive,13,2024-06-12,2024-06-13,2024-06-26,10,10,0.17036709420964546
10,9,naive,14,2024-06-26,2024-06-27,2024-07-10,10,10,0.38990612107898115
10,9,naive,15,2024-07-10,2024-07-11,2024-07-24,10,10,0.5579755241199323
10,9,naive,16,2024-07-24,2024-07-25,2024-08-07,10,10,0.14695518503088434
10,9,naive,17,2024-08-07,2024-08-08,2024-08-21,10,10,0.14277553736951654
10,9,naive,18,2024-08-21,2024-08-22,2024-09-04,10,10,0.16520632078023206
10,9,naive,19,2024-09-04,2024-09-05,2024-09-18,10,10,0.18377847576854506
10,9,naive,20,2024-09-18,2024-09-19,2024-10-02,10,10,0.07160504428840563
10,9,naive,21,2024-10-02,2024-10-03,2024-10-16,10,10,0.2436660253899921
10,9,naive,22,2024-10-16,2024-10-17,2024-10-30,10,10,0.07557464293590932
10,9,naive,23,2024-10-30,2024-10-31,2024-11-13,10,10,0.12593864225196952
10,9,naive,24,2024-11-13,2024-11-14,2024-11-27,10,10,0.05464679377587555
10,9,naive,25,2024-11-27,2024-11-28,2024-12-11,10,10,0.07807445443992267
10,9,naive,26,2024-12-11,2024-12-12,2024-12-25,10,9,0.12060106674783089
10,9,naive,27,2024-12-25,2024-12-26,2024-12-31,4,4,0.2774853403179825
10,10,naive,1,2023-12-27,2023-12-28,2024-01-10,10,9,0.33498060337550994
10,10,naive,2,2024-01-10,2024-01-11,2024-01-24,10,10,0.11040102590450558
10,10,naive,3,2024-01-24,2024-01-25,2024-02-07,10,10,0.13226723755008843
10,10,naive,4,2024-02-07,2024-02-08,2024-02-21,10,6,0.10763970648884398
10,10,naive,5,2024-02-21,2024-02-22,2024-03-06,10,10,0.11143324581003289
10,10,naive,6,2024-03-06,2024-03-07,2024-03-20,10,10,0.2155394028844984
10,10,naive,7,2024-03-20,2024-03-21,2024-04-03,10,10,0.0857154527193018
10,10,naive,8,2024-04-03,2024-04-04,2024-04-17,10,10,0.1304814516615438
10,10,naive,9,2024-04-17,2024-04-18,2024-05-01,10,10,0.21673355815023543
10,10,naive,10,2024-05-01,2024-05-02,2024-05-15,10,10,0.12191274238322446
10,10,naive,11,2024-05-15,2024-05-16,2024-05-29,10,10,0.3610795335320042
10,10,naive,12,2024-05-29,2024-05-30,2024-06-12,10,10,0.26810339337547207
10,10,naive,13,2024-06-12,2024-06-13,2024-06-26,10,10,0.12237506725420944
10,10,naive,14,2024-06-26,2024-06-27,2024-07-10,10,10,0.06771584580276739
10,10,naive,15,2024-07-10,2024-07-11,2024-07-24,10,10,0.22446264416629638
10,10,naive,16,2024-07-24,2024-07-25,2024-08-07,10,10,0.09970061579026274
10,10,naive,17,2024-08-07,2024-08-08,2024-08-21,10,10,0.1400995233900963
10,10,naive,18,2024-08-21,2024-08-22,2024-09-04,10,10,0.07047224229052892
10,10,naive,19,2024-09-04,2024-09-05,2024-09-18,10,10,0.12194389591466737
10,10,naive,20,2024-09-18,2024-09-19,2024-10-02,10,10,0.05549688874022103
10,10,naive,21,2024-10-02,2024-10-03,2024-10-16,10,10,0.20408350200611652
10,10,naive,22,2024-10-16,2024-10-17,2024-10-30,10,10,0.05459853688752869
10,10,naive,23,2024-10-30,2024-10-31,2024-11-13,10,10,0.07234095931724824
10,10,naive,24,2024-11-13,2024-11-14,2024-11-27,10,10,0.088938660566097
10,10,naive,25,2024-11-27,2024-11-28,2024-12-11,10,10,0.07822627611414283
10,10,naive,26,2024-12-11,2024-12-12,2024-12-25,10,9,0.10154810234548022
10,10,naive,27,2024-12-25,2024-12-26,2024-12-31,4,4,0.1621176445989759
10,11,naive,1,2023-12-27,2023-12-28,2024-01-10,10,9,0.4933820716109056
10,11,naive,2,2024-01-10,2024-01-11,2024-01-24,10,10,1.611256188916756
10,11,naive,3,2024-01-24,2024-01-25,2024-02-07,10,10,1.8
10,11,naive,4,2024-02-07,2024-02-08,2024-02-21,10,6,0.058089011915923146
10,11,naive,5,2024-02-21,2024-02-22,2024-03-06,10,10,0.1292084245042758
10,11,naive,6,2024-03-06,2024-03-07,2024-03-20,10,10,0.14724157279038302
10,11,naive,7,2024-03-20,2024-03-21,2024-04-03,10,10,0.2773144304161521
10,11,naive,8,2024-04-03,2024-04-04,2024-04-17,10,10,0.15050601213111858
10,11,naive,9,2024-04-17,2024-04-18,2024-05-01,10,10,0.14719840809397952
10,11,naive,10,2024-05-01,2024-05-02,2024-05-15,10,10,0.22043847948620174
10,11,naive,11,2024-05-15,2024-05-16,2024-05-29,10,10,0.1938658772274238
10,11,naive,12,2024-05-29,2024-05-30,2024-06-12,10,10,0.07427069188560205
10,11,naive,13,2024-06-12,2024-06-13,2024-06-26,10,10,0.07768941564242818
10,11,naive,14,2024-06-26,2024-06-27,2024-07-10,10,10,0.3516487428220698
10,11,naive,15,2024-07-10,2024-07-11,2024-07-24,10,10,0.40821498604062056
10,11,naive,16,2024-07-24,2024-07-25,2024-08-07,10,10,0.09627820034053702
10,11,naive,17,2024-08-07,2024-08-08,2024-08-21,10,10,0.25020491801454847
10,11,naive,18,2024-08-21,2024-08-22,2024-09-04,10,10,0.09304518351287941
10,11,naive,19,2024-09-04,2024-09-05,2024-09-18,10,10,0.18897771432926924
10,11,naive,20,2024-09-18,2024-09-19,2024-10-02,10,10,0.11015714899934806
10,11,naive,21,2024-10-02,2024-10-03,2024-10-16,10,10,0.10750655726032024
10,11,naive,22,2024-10-16,2024-10-17,2024-10-30,10,10,0.13749680439928444
10,11,naive,23,2024-10-30,2024-10-31,2024-11-13,10,10,0.10862038451936579
10,11,naive,24,2024-11-13,2024-11-14,2024-11-27,10,10,0.5311171734892515
10,11,naive,25,2024-11-27,2024-11-28,2024-12-11,10,10,0.987298753334949
10,11,naive,26,2024-12-11,2024-12-12,2024-12-25,10,9,1.3333333333333333
10,11,naive,27,2024-12-25,2024-12-26,2024-12-31,4,4,0.5
10,12,naive,1,2023-12-27,2023-12-28,2024-01-10,10,9,1.5555555555555554
10,12,naive,2,2024-01-10,2024-01-11,2024-01-24,10,10,1.1564073196088787
10,12,naive,3,2024-01-24,2024-01-25,2024-02-07,10,10,1.4000000000000001
10,12,naive,4,2024-02-07,2024-02-08,2024-02-21,10,6,1.774211832807492
10,12,naive,5,2024-02-21,2024-02-22,2024-03-06,10,10,0.4
10,12,naive,6,2024-03-06,2024-03-07,2024-03-20,10,10,0.2
10,12,naive,7,2024-03-20,2024-03-21,2024-04-03,10,10,0.0
10,12,naive,8,2024-04-03,2024-04-04,2024-04-17,10,10,0.2
10,12,naive,9,2024-04-17,2024-04-18,2024-05-01,10,10,0.4
10,12,naive,10,2024-05-01,2024-05-02,2024-05-15,10,10,1.6
10,12,naive,11,2024-05-15,2024-05-16,2024-05-29,10,10,1.3502932433008294
10,12,naive,12,2024-05-29,2024-05-30,2024-06-12,10,10,1.4000000000000001
10,12,naive,13,2024-06-12,2024-06-13,2024-06-26,10,10,1.0803134824104885
10,12,naive,14,2024-06-26,2024-06-27,2024-07-10,10,10,1.1945749862599124
10,12,naive,15,2024-07-10,2024-07-11,2024-07-24,10,10,1.5541451850364754
10,12,naive,16,2024-07-24,2024-07-25,2024-08-07,10,10,1.2000000000000002
10,12,naive,17,2024-08-07,2024-08-08,2024-08-21,10,10,1.3471644142394479
10,12,naive,18,2024-08-21,2024-08-22,2024-09-04,10,10,1.5192429107072156
10,12,naive,19,2024-09-04,2024-09-05,2024-09-18,10,10,1.0846879059818224
10,12,naive,20,2024-09-18,2024-09-19,2024-10-02,10,10,0.8826307410118261
10,12,naive,21,2024-10-02,2024-10-03,2024-10-16,10,10,0.9145750633451573
10,12,naive,22,2024-10-16,2024-10-17,2024-10-30,10,10,0.8646874488795615
10,12,naive,23,2024-10-30,2024-10-31,2024-11-13,10,10,1.5822954740428772
10,12,naive,24,2024-11-13,2024-11-14,2024-11-27,10,10,0.7349399110473622
10,12,naive,25,2024-11-27,2024-11-28,2024-12-11,10,10,1.0726063173689133
10,12,naive,26,2024-12-11,2024-12-12,2024-12-25,10,9,0.8888888888888888
10,12,naive,27,2024-12-25,2024-12-26,2024-12-31,4,4,0.0
10,13,naive,1,2023-12-27,2023-12-28,2024-01-10,10,9,0.0
10,13,naive,2,2024-01-10,2024-01-11,2024-01-24,10,10,0.0
10,13,naive,3,2024-01-24,2024-01-25,2024-02-07,10,10,0.2
10,13,naive,4,2024-02-07,2024-02-08,2024-02-21,10,6,0.0
10,13,naive,5,2024-02-21,2024-02-22,2024-03-06,10,10,0.0
10,13,naive,6,2024-03-06,2024-03-07,2024-03-20,10,10,0.6000000000000001
10,13,naive,7,2024-03-20,2024-03-21,2024-04-03,10,10,0.8
10,13,naive,8,2024-04-03,2024-04-04,2024-04-17,10,10,0.0
10,13,naive,9,2024-04-17,2024-04-18,2024-05-01,10,10,1.6
10,13,naive,10,2024-05-01,2024-05-02,2024-05-15,10,10,1.1043747070197518
10,13,naive,11,2024-05-15,2024-05-16,2024-05-29,10,10,0.0
10,13,naive,12,2024-05-29,2024-05-30,2024-06-12,10,10,0.4
10,13,naive,13,2024-06-12,2024-06-13,2024-06-26,10,10,0.2
10,13,naive,14,2024-06-26,2024-06-27,2024-07-10,10,10,0.2
10,13,naive,15,2024-07-10,2024-07-11,2024-07-24,10,10,1.7167668911804022
10,13,naive,16,2024-07-24,2024-07-25,2024-08-07,10,10,0.6000000000000001
10,13,naive,17,2024-08-07,2024-08-08,2024-08-21,10,10,0.6000000000000001
10,13,naive,18,2024-08-21,2024-08-22,2024-09-04,10,10,0.6000000000000001
10,13,naive,19,2024-09-04,2024-09-05,2024-09-18,10,10,1.8938658355706612
10,13,naive,20,2024-09-18,2024-09-19,2024-10-02,10,10,0.2
10,13,naive,21,2024-10-02,2024-10-03,2024-10-16,10,10,0.8
10,13,naive,22,2024-10-16,2024-10-17,2024-10-30,10,10,0.0
10,13,naive,23,2024-10-30,2024-10-31,2024-11-13,10,10,0.0
10,13,naive,24,2024-11-13,2024-11-14,2024-11-27,10,10,0.0
10,13,naive,25,2024-11-27,2024-11-28,2024-12-11,10,10,0.2
10,13,naive,26,2024-12-11,2024-12-12,2024-12-25,10,9,1.819268118693888
10,13,naive,27,2024-12-25,2024-12-26,2024-12-31,4,4,0.5
10,1,moving_average,1,2023-12-27,2023-12-28,2024-01-10,10,9,0.0782206050824204
10,1,moving_average,2,2024-01-10,2024-01-11,2024-01-24,10,10,0.16409201397669743
10,1,moving_average,3,2024-01-24,2024-01-25,2024-02-07,10,10,0.17164853672378164
10,1,moving_average,4,2024-02-07,2024-02-08,2024-02-21,10,6,0.04298759204049091
10,1,moving_average,5,2024-02-21,2024-02-22,2024-03-06,10,10,0.08826690951512793
10,1,moving_average,6,2024-03-06,2024-03-07,2024-03-20,10,10,0.12315319974154522
10,1,moving_average,7,2024-03-20,2024-03-21,2024-04-03,10,10,0.11830409433882681
10,1,moving_average,8,2024-04-03,2024-04-04,2024-04-17,10,10,0.08756985774112905
10,1,moving_average,9,2024-04-17,2024-04-18,2024-05-01,10,10,0.22997646578858366
10,1,moving_average,10,2024-05-01,2024-05-02,2024-05-15,10,10,0.29936664651387596
10,1,moving_average,11,2024-05-15,2024-05-16,2024-05-29,10,10,0.1232883563009249
10,1,moving_average,12,2024-05-29,2024-05-30,2024-06-12,10,10,0.13247176746587636
10,1,moving_average,13,2024-06-12,2024-06-13,2024-06-26,10,10,0.11164125331638086
10,1,moving_average,14,2024-06-26,2024-06-27,2024-07-10,10,10,0.048891610197946495
10,1,moving_average,15,2024-07-10,2024-07-11,2024-07-24,10,10,0.06649393649593993
10,1,moving_average,16,2024-07-24,2024-07-25,2024-08-07,10,10,0.0891759415341667
10,1,moving_average,17,2024-08-07,2024-08-08,2024-08-21,10,10,0.09235393800169855
10,1,moving_average,18,2024-08-21,2024-08-22,2024-09-04,10,10,0.06809289515174254
10,1,moving_average,19,2024-09-04,2024-09-05,2024-09-18,10,10,0.10041390712961765
10,1,moving_average,20,2024-09-18,2024-09-19,2024-10-02,10,10,0.04183638067713859
10,1,moving_average,21,2024-10-02,2024-10-03,2024-10-16,10,10,0.05668727255031189
10,1,moving_average,22,2024-10-16,2024-10-17,2024-10-30,10,10,0.06760257592331981
10,1,moving_average,23,2024-10-30,2024-10-31,2024-11-13,10,10,0.06476767515235476
10,1,moving_average,24,2024-11-13,2024-11-14,2024-11-27,10,10,0.08063279794490132
10,1,moving_average,25,2024-11-27,2024-11-28,2024-12-11,10,10,0.09991964964224923
10,1,moving_average,26,2024-12-11,2024-12-12,2024-12-25,10,9,0.06429801914879038
10,1,moving_average,27,2024-12-25,2024-12-26,2024-12-31,4,4,0.0758251542041927
10,2,moving_average,1,2023-12-27,2023-12-28,2024-01-10,10,9,0.296672649936697
10,2,moving_average,2,2024-01-10,2024-01-11,2024-01-24,10,10,0.24288768406021954
10,2,moving_average,3,2024-01-24,2024-01-25,2024-02-07,10,10,0.0803848500086085
10,2,moving_average,4,2024-02-07,2024-02-08,2024-02-21,10,6,0.0776695343440173
10,2,moving_average,5,2024-02-21,2024-02-22,2024-03-06,10,10,0.10017806897334391
10,2,moving_average,6,2024-03-06,2024-03-07,2024-03-20,10,10,0.05942105276860559
10,2,moving_average,7,2024-03-20,2024-03-21,2024-04-03,10,10,0.1927907102986154
10,2,moving_average,8,2024-04-03,2024-04-04,2024-04-17,10,10,0.12077777877391838
10,2,moving_average,9,2024-04-17,2024-04-18,2024-05-01,10,10,0.2794039207814063
10,2,moving_average,10,2024-05-01,2024-05-02,2024-05-15,10,10,0.1922196828480878
10,2,moving_average,11,2024-05-15,2024-05-16,2024-05-29,10,10,0.1689122686368883
10,2,moving_average,12,2024-05-29,2024-05-30,2024-06-12,10,10,0.17538331542522834
10,2,moving_average,13,2024-06-12,2024-06-13,2024-06-26,10,10,0.15732382682906174
10,2,moving_average,14,2024-06-26,2024-06-27,2024-07-10,10,10,0.12220169704230865
10,2,moving_average,15,2024-07-10,2024-07-11,2024-07-24,10,10,0.1733559367498988
10,2,moving_average,16,2024-07-24,2024-07-25,2024-08-07,10,10,0.0891466653798193
10,2,moving_average,17,2024-08-07,2024-08-08,2024-08-21,10,10,0.05842427518393546
10,2,moving_average,18,2024-08-21,2024-08-22,2024-09-04,10,10,0.08484668875825158
10,2,moving_average,19,2024-09-04,2024-09-05,2024-09-18,10,10,0.05661604710458093
10,2,moving_average,20,2024-09-18,2024-09-19,2024-10-02,10,10,0.07359631758639058
10,2,moving_average,21,2024-10-02,2024-10-03,2024-10-16,10,10,0.18868499580823556
10,2,moving_average,22,2024-10-16,2024-10-17,2024-10-30,10,10,0.11636389190442716
10,2,moving_average,23,2024-10-30,2024-10-31,2024-11-13,10,10,0.12835119434426226
10,2,moving_average,24,2024-11-13,2024-11-14,2024-11-27,10,10,0.10574337143943469
10,2,moving_average,25,2024-11-27,2024-11-28,2024-12-11,10,10,0.17446813463645863
10,2,moving_average,26,2024-12-11,2024-12-12,2024-12-25,10,9,0.08648633052613079
10,2,moving_average,27,2024-12-25,2024-12-26,2024-12-31,4,4,0.12364349827776397
10,3,moving_average,1,2023-12-27,2023-12-28,2024-01-10,10,9,0.10670473297758683
10,3,moving_average,2,2024-01-10,2024-01-11,2024-01-24,10,10,0.18633607425148224
10,3,moving_average,3,2024-01-24,2024-01-25,2024-02-07,10,10,0.11167295694270654
10,3,moving_average,4,2024-02-07,2024-02-08,2024-02-21,10,6,0.13488597445234685
10,3,moving_average,5,2024-02-21,2024-02-22,2024-03-06,10,10,0.06552294423683189
10,3,moving_average,6,2024-03-06,2024-03-07,2024-03-20,10,10,0.10744599606273209
10,3,moving_average,7,2024-03-20,2024-03-21,2024-04-03,10,10,0.12266583374551172
10,3,moving_average,8,2024-04-03,2024-04-04,2024-04-17,10,10,0.10787750090522011
10,3,moving_average,9,2024-04-17,2024-04-18,2024-05-01,10,10,0.23833789640378542
10,3,moving_average,10,2024-05-01,2024-05-02,2024-05-15,10,10,0.18037789450860509
10,3,moving_average,11,2024-05-15,2024-05-16,2024-05-29,10,10,0.35006295379952546
10,3,moving_average,12,2024-05-29,2024-05-30,2024-06-12,10,10,0.09773124354335827
10,3,moving_average,13,2024-06-12,2024-06-13,2024-06-26,10,10,0.054336668721375304
10,3,moving_average,14,2024-06-26,2024-06-27,2024-07-10,10,10,0.1085334146687676
10,3,moving_average,15,2024-07-10,2024-07-11,2024-07-24,10,10,0.11002793596496628
10,3,moving_average,16,2024-07-24,2024-07-25,2024-08-07,10,10,0.1599724308797772
10,3,moving_average,17,2024-08-07,2024-08-08,2024-08-21,10,10,0.32668198504235674
10,3,moving_average,18,2024-08-21,2024-08-22,2024-09-04,10,10,0.1543050105014515
10,3,moving_average,19,2024-09-04,2024-09-05,2024-09-18,10,10,0.23693839719811166
10,3,moving_average,20,2024-09-18,2024-09-19,2024-10-02,10,10,0.12252043069042823
10,3,moving_average,21,2024-10-02,2024-10-03,2024-10-16,10,10,0.12036068205041456
10,3,moving_average,22,2024-10-16,2024-10-17,2024-10-30,10,10,0.09416662475838347
10,3,moving_average,23,2024-10-30,2024-10-31,2024-11-13,10,10,0.08984762536252311
10,3,moving_average,24,2024-11-13,2024-11-14,2024-11-27,10,10,0.12799882310186797
10,3,moving_average,25,2024-11-27,2024-11-28,2024-12-11,10,10,0.31702763646330634
10,3,moving_average,26,2024-12-11,2024-12-12,2024-12-25,10,9,0.15119701654213985
10,3,moving_average,27,2024-12-25,2024-12-26,2024-12-31,4,4,0.553842847792791
10,4,moving_average,1,2023-12-27,2023-12-28,2024-01-10,10,9,0.16586587446579568
10,4,moving_average,2,2024-01-10,2024-01-11,2024-01-24,10,10,0.10612027747791178
10,4,moving_average,3,2024-01-24,2024-01-25,2024-02-07,10,10,0.13969850093608324
10,4,moving_average,4,2024-02-07,2024-02-08,2024-02-21,10,6,0.13927474932348705
10,4,moving_average,5,2024-02-21,2024-02-22,2024-03-06,10,10,0.12247196507828802
10,4,moving_average,6,2024-03-06,2024-03-07,2024-03-20,10,10,0.05898225575278583
10,4,moving_average,7,2024-03-20,2024-03-21,2024-04-03,10,10,0.163611296252287
10,4,moving_average,8,2024-04-03,2024-04-04,2024-04-17,10,10,0.12399383976002709
10,4,moving_average,9,2024-04-17,2024-04-18,2024-05-01,10,10,0.28011204372910875
10,4,moving_average,10,2024-05-01,2024-05-02,2024-05-15,10,10,0.15516116625571544
10,4,moving_average,11,2024-05-15,2024-05-16,2024-05-29,10,10,0.18882895746425032
10,4,moving_average,12,2024-05-29,2024-05-30,2024-06-12,10,10,0.09570710539321464
10,4,moving_average,13,2024-06-12,2024-06-13,2024-06-26,10,10,0.07591243859243763
10,4,moving_average,14,2024-06-26,2024-06-27,2024-07-10,10,10,0.0919668902884137
10,4,moving_average,15,2024-07-10,2024-07-11,2024-07-24,10,10,0.09170633606801867
10,4,moving_average,16,2024-07-24,2024-07-25,2024-08-07,10,10,0.11283096441143659
10,4,moving_average,17,2024-08-07,2024-08-08,2024-08-21,10,10,0.22745862388736635
10,4,moving_average,18,2024-08-21,2024-08-22,2024-09-04,10,10,0.10712797963655168
10,4,moving_average,19,2024-09-04,2024-09-05,2024-09-18,10,10,0.11624713994687493
10,4,moving_average,20,2024-09-18,2024-09-19,2024-10-02,10,10,0.11541683902388399
10,4,moving_average,21,2024-10-02,2024-10-03,2024-10-16,10,10,0.13913684203338914
10,4,moving_average,22,2024-10-16,2024-10-17,2024-10-30,10,10,0.2524047150054411
10,4,moving_average,23,2024-10-30,2024-10-31,2024-11-13,10,10,0.09892768931898999
10,4,moving_average,24,2024-11-13,2024-11-14,2024-11-27,10,10,0.11309893999190333
10,4,moving_average,25,2024-11-27,2024-11-28,2024-12-11,10,10,0.10770125422998796
10,4,moving_average,26,2024-12-11,2024-12-12,2024-12-25,10,9,0.10832035706702606
10,4,moving_average,27,2024-12-25,2024-12-26,2024-12-31,4,4,0.5626953207800414
10,5,moving_average,1,2023-12-27,2023-12-28,2024-01-10,10,9,0.09047455987199185
10,5,moving_average,2,2024-01-10,2024-01-11,2024-01-24,10,10,0.033705855913618736
10,5,moving_average,3,2024-01-24,2024-01-25,2024-02-07,10,10,0.1633589867447266
10,5,moving_average,4,2024-02-07,2024-02-08,2024-02-21,10,6,0.0642578861313433
10,5,moving_average,5,2024-02-21,2024-02-22,2024-03-06,10,10,0.09667758628895104
10,5,moving_average,6,2024-03-06,2024-03-07,2024-03-20,10,10,0.0771141738330705
10,5,moving_average,7,2024-03-20,2024-03-21,2024-04-03,10,10,0.09025474880893115
10,5,moving_average,8,2024-04-03,2024-04-04,2024-04-17,10,10,0.05945674049866691
10,5,moving_average,9,2024-04-17,2024-04-18,2024-05-01,10,10,0.22705758301128287
10,5,moving_average,10,2024-05-01,2024-05-02,2024-05-15,10,10,0.178609770469864
10,5,moving_average,11,2024-05-15,2024-05-16,2024-05-29,10,10,0.3207926261553294
10,5,moving_average,12,2024-05-29,2024-05-30,2024-06-12,10,10,0.09934891955569289
10,5,moving_average,13,2024-06-12,2024-06-13,2024-06-26,10,10,0.05089925786020369
10,5,moving_average,14,2024-06-26,2024-06-27,2024-07-10,10,10,0.0814095815960856
10,5,moving_average,15,2024-07-10,2024-07-11,2024-07-24,10,10,0.05826503360613971
10,5,moving_average,16,2024-07-24,2024-07-25,2024-08-07,10,10,0.10036318484263357
10,5,moving_average,17,2024-08-07,2024-08-08,2024-08-21,10,10,0.1210731433190533
10,5,moving_average,18,2024-08-21,2024-08-22,2024-09-04,10,10,0.0866473547609717
10,5,moving_average,19,2024-09-04,2024-09-05,2024-09-18,10,10,0.07080907513596625
10,5,moving_average,20,2024-09-18,2024-09-19,2024-10-02,10,10,0.06413751850911752
10,5,moving_average,21,2024-10-02,2024-10-03,2024-10-16,10,10,0.10368056713417484
10,5,moving_average,22,2024-10-16,2024-10-17,2024-10-30,10,10,0.039492705682416855
10,5,moving_average,23,2024-10-30,2024-10-31,2024-11-13,10,10,0.10885633662736127
10,5,moving_average,24,2024-11-13,2024-11-14,2024-11-27,10,10,0.06893779986638032
10,5,moving_average,25,2024-11-27,2024-11-28,2024-12-11,10,10,0.06455008032744054
10,5,moving_average,26,2024-12-11,2024-12-12,2024-12-25,10,9,0.041862572688227434
10,5,moving_average,27,2024-12-25,2024-12-26,2024-12-31,4,4,0.13372482588634096
10,6,moving_average,1,2023-12-27,2023-12-28,2024-01-10,10,9,0.09921316240710666
10,6,moving_average,2,2024-01-10,2024-01-11,2024-01-24,10,10,0.15563722756570864
10,6,moving_average,3,2024-01-24,2024-01-25,2024-02-07,10,10,0.09969609810440294
10,6,moving_average,4,2024-02-07,2024-02-08,2024-02-21,10,6,0.11721270726846783
10,6,moving_average,5,2024-02-21,2024-02-22,2024-03-06,10,10,0.17201282499623105
10,6,moving_average,6,2024-03-06,2024-03-07,2024-03-20,10,10,0.11616918038716464
10,6,moving_average,7,2024-03-20,2024-03-21,2024-04-03,10,10,0.1436075967285448
10,6,moving_average,8,2024-04-03,2024-04-04,2024-04-17,10,10,0.08302489095474017
10,6,moving_average,9,2024-04-17,2024-04-18,2024-05-01,10,10,0.25181507515383944
10,6,moving_average,10,2024-05-01,2024-05-02,2024-05-15,10,10,0.14740207176369566
10,6,moving_average,11,2024-05-15,2024-05-16,2024-05-29,10,10,0.29081970810094016
10,6,moving_average,12,2024-05-29,2024-05-30,2024-06-12,10,10,0.09401125853650057
10,6,moving_average,13,2024-06-12,2024-06-13,2024-06-26,10,10,0.05769425614586335
10,6,moving_average,14,2024-06-26,2024-06-27,2024-07-10,10,10,0.1412998111851128
10,6,moving_average,15,2024-07-10,2024-07-11,2024-07-24,10,10,0.09700235871397989
10,6,moving_average,16,2024-07-24,2024-07-25,2024-08-07,10,10,0.13417660222631964
10,6,moving_average,17,2024-08-07,2024-08-08,2024-08-21,10,10,0.13133441191734926
10,6,moving_average,18,2024-08-21,2024-08-22,2024-09-04,10,10,0.13473282209773585
10,6,moving_average,19,2024-09-04,2024-09-05,2024-09-18,10,10,0.0846707096686058
10,6,moving_average,20,2024-09-18,2024-09-19,2024-10-02,10,10,0.11034426358566832
10,6,moving_average,21,2024-10-02,2024-10-03,2024-10-16,10,10,0.07975930104747896
10,6,moving_average,22,2024-10-16,2024-10-17,2024-10-30,10,10,0.09008497266465484
10,6,moving_average,23,2024-10-30,2024-10-31,2024-11-13,10,10,0.1285977729670873
10,6,moving_average,24,2024-11-13,2024-11-14,2024-11-27,10,10,0.06737376572639235
10,6,moving_average,25,2024-11-27,2024-11-28,2024-12-11,10,10,0.13654805059505745
10,6,moving_average,26,2024-12-11,2024-12-12,2024-12-25,10,9,0.06502984953251176
10,6,moving_average,27,2024-12-25,2024-12-26,2024-12-31,4,4,0.1937276396448182
10,7,moving_average,1,2023-12-27,2023-12-28,2024-01-10,10,9,0.21738400299882804
10,7,moving_average,2,2024-01-10,2024-01-11,2024-01-24,10,10,0.3309208833992771
10,7,moving_average,3,2024-01-24,2024-01-25,2024-02-07,10,10,0.22287125815398323
10,7,moving_average,4,2024-02-07,2024-02-08,2024-02-21,10,6,0.18136489783643764
10,7,moving_average,5,2024-02-21,2024-02-22,2024-03-06,10,10,0.20211777746463033
10,7,moving_average,6,2024-03-06,2024-03-07,2024-03-20,10,10,0.14868307053822402
10,7,moving_average,7,2024-03-20,2024-03-21,2024-04-03,10,10,0.23596795252618807
10,7,moving_average,8,2024-04-03,2024-04-04,2024-04-17,10,10,0.20373885372204548
10,7,moving_average,9,2024-04-17,2024-04-18,2024-05-01,10,10,0.3782827854804078
10,7,moving_average,10,2024-05-01,2024-05-02,2024-05-15,10,10,0.3147789233132267
10,7,moving_average,11,2024-05-15,2024-05-16,2024-05-29,10,10,0.4396862529994701
10,7,moving_average,12,2024-05-29,2024-05-30,2024-06-12,10,10,0.183016000797952
10,7,moving_average,13,2024-06-12,2024-06-13,2024-06-26,10,10,0.1685783814688313
10,7,moving_average,14,2024-06-26,2024-06-27,2024-07-10,10,10,0.10242972500152842
10,7,moving_average,15,2024-07-10,2024-07-11,2024-07-24,10,10,0.16295852813149342
10,7,moving_average,16,2024-07-24,2024-07-25,2024-08-07,10,10,0.21728545393827403
10,7,moving_average,17,2024-08-07,2024-08-08,2024-08-21,10,10,0.3728567622435296
10,7,moving_average,18,2024-08-21,2024-08-22,2024-09-04,10,10,0.26488193409376043
10,7,moving_average,19,2024-09-04,2024-09-05,2024-09-18,10,10,0.4444950442475394
10,7,moving_average,20,2024-09-18,2024-09-19,2024-10-02,10,10,0.39807730122809154
10,7,moving_average,21,2024-10-02,2024-10-03,2024-10-16,10,10,0.2270432818786072
10,7,moving_average,22,2024-10-16,2024-10-17,2024-10-30,10,10,0.14422575159343576
10,7,moving_average,23,2024-10-30,2024-10-31,2024-11-13,10,10,0.28134473920960484
10,7,moving_average,24,2024-11-13,2024-11-14,2024-11-27,10,10,0.19299124767329104
10,7,moving_average,25,2024-11-27,2024-11-28,2024-12-11,10,10,0.2562222878333306
10,7,moving_average,26,2024-12-11,2024-12-12,2024-12-25,10,9,0.1862943477084407
10,7,moving_average,27,2024-12-25,2024-12-26,2024-12-31,4,4,0.7855546034554526
10,8,moving_average,1,2023-12-27,2023-12-28,2024-01-10,10,9,0.27118274648147545
10,8,moving_average,2,2024-01-10,2024-01-11,2024-01-24,10,10,0.3611408613680315
10,8,moving_average,3,2024-01-24,2024-01-25,2024-02-07,10,10,0.21193099598983567
10,8,moving_average,4,2024-02-07,2024-02-08,2024-02-21,10,6,0.3195548858070625
10,8,moving_average,5,2024-02-21,2024-02-22,2024-03-06,10,10,0.11769608929100668
10,8,moving_average,6,2024-03-06,2024-03-07,2024-03-20,10,10,0.1142397514212708
10,8,moving_average,7,2024-03-20,2024-03-21,2024-04-03,10,10,0.2719937869809325
10,8,moving_average,8,2024-04-03,2024-04-04,2024-04-17,10,10,0.2855667180671388
10,8,moving_average,9,2024-04-17,2024-04-18,2024-05-01,10,10,0.3110046405571485
10,8,moving_average,10,2024-05-01,2024-05-02,2024-05-15,10,10,0.2009417563227412
10,8,moving_average,11,2024-05-15,2024-05-16,2024-05-29,10,10,0.3708454659008606
10,8,moving_average,12,2024-05-29,2024-05-30,2024-06-12,10,10,0.08792555410712283
10,8,moving_average,13,2024-06-12,2024-06-13,2024-06-26,10,10,0.10166198008643519
10,8,moving_average,14,2024-06-26,2024-06-27,2024-07-10,10,10,0.22765685262641067
10,8,moving_average,15,2024-07-10,2024-07-11,2024-07-24,10,10,0.1019780150476569
10,8,moving_average,16,2024-07-24,2024-07-25,2024-08-07,10,10,0.19035556717870655
10,8,moving_average,17,2024-08-07,2024-08-08,2024-08-21,10,10,0.20628103344176424
10,8,moving_average,18,2024-08-21,2024-08-22,2024-09-04,10,10,0.07850425106407127
10,8,moving_average,19,2024-09-04,2024-09-05,2024-09-18,10,10,0.07695222748847112
10,8,moving_average,20,2024-09-18,2024-09-19,2024-10-02,10,10,0.12390563874534709
10,8,moving_average,21,2024-10-02,2024-10-03,2024-10-16,10,10,0.14373219833806786
10,8,moving_average,22,2024-10-16,2024-10-17,2024-10-30,10,10,0.04874572277325968
10,8,moving_average,23,2024-10-30,2024-10-31,2024-11-13,10,10,0.09800751454919177
10,8,moving_average,24,2024-11-13,2024-11-14,2024-11-27,10,10,0.13063432617251433
10,8,moving_average,25,2024-11-27,2024-11-28,2024-12-11,10,10,0.17409795552208135
10,8,moving_average,26,2024-12-11,2024-12-12,2024-12-25,10,9,0.07470072099054761
10,8,moving_average,27,2024-12-25,2024-12-26,2024-12-31,4,4,0.20999039188487492
10,9,moving_average,1,2023-12-27,2023-12-28,2024-01-10,10,9,0.1553215559349251
10,9,moving_average,2,2024-01-10,2024-01-11,2024-01-24,10,10,0.09624870017007434
10,9,moving_average,3,2024-01-24,2024-01-25,2024-02-07,10,10,0.10487805259416526
10,9,moving_average,4,2024-02-07,2024-02-08,2024-02-21,10,6,0.48775277287173485
10,9,moving_average,5,2024-02-21,2024-02-22,2024-03-06,10,10,0.16465069016278133
10,9,moving_average,6,2024-03-06,2024-03-07,2024-03-20,10,10,0.06133124443424437
10,9,moving_average,7,2024-03-20,2024-03-21,2024-04-03,10,10,0.272628987737995
10,9,moving_average,8,2024-04-03,2024-04-04,2024-04-17,10,10,0.3609521471785123
10,9,moving_average,9,2024-04-17,2024-04-18,2024-05-01,10,10,0.2468730918880128
10,9,moving_average,10,2024-05-01,2024-05-02,2024-05-15,10,10,0.3337966288488042
10,9,moving_average,11,2024-05-15,2024-05-16,2024-05-29,10,10,0.3515225588825184
10,9,moving_average,12,2024-05-29,2024-05-30,2024-06-12,10,10,0.11539057842218164
10,9,moving_average,13,2024-06-12,2024-06-13,2024-06-26,10,10,0.0989489630438196
10,9,moving_average,14,2024-06-26,2024-06-27,2024-07-10,10,10,0.37705148406275724
10,9,moving_average,15,2024-07-10,2024-07-11,2024-07-24,10,10,0.09521665867329397
10,9,moving_average,16,2024-07-24,2024-07-25,2024-08-07,10,10,0.14255361425374233
10,9,moving_average,17,2024-08-07,2024-08-08,2024-08-21,10,10,0.18870911740756358
10,9,moving_average,18,2024-08-21,2024-08-22,2024-09-04,10,10,0.1423862509743516
10,9,moving_average,19,2024-09-04,2024-09-05,2024-09-18,10,10,0.11662975172228725
10,9,moving_average,20,2024-09-18,2024-09-19,2024-10-02,10,10,0.13878670820458458
10,9,moving_average,21,2024-10-02,2024-10-03,2024-10-16,10,10,0.14324189906478357
10,9,moving_average,22,2024-10-16,2024-10-17,2024-10-30,10,10,0.09356859751140839
10,9,moving_average,23,2024-10-30,2024-10-31,2024-11-13,10,10,0.11022891883957052
10,9,moving_average,24,2024-11-13,2024-11-14,2024-11-27,10,10,0.052031949210362305
10,9,moving_average,25,2024-11-27,2024-11-28,2024-12-11,10,10,0.11307236674074049
10,9,moving_average,26,2024-12-11,2024-12-12,2024-12-25,10,9,0.0887425375087205
10,9,moving_average,27,2024-12-25,2024-12-26,2024-12-31,4,4,0.2453596799770965
10,10,moving_average,1,2023-12-27,2023-12-28,2024-01-10,10,9,0.17147875103768415
10,10,moving_average,2,2024-01-10,2024-01-11,2024-01-24,10,10,0.10443034915569549
10,10,moving_average,3,2024-01-24,2024-01-25,2024-02-07,10,10,0.13614570159002473
10,10,moving_average,4,2024-02-07,2024-02-08,2024-02-21,10,6,0.11025351583438009
10,10,moving_average,5,2024-02-21,2024-02-22,2024-03-06,10,10,0.10483889273566777
10,10,moving_average,6,2024-03-06,2024-03-07,2024-03-20,10,10,0.0957429445995401
10,10,moving_average,7,2024-03-20,2024-03-21,2024-04-03,10,10,0.08587555887074885
10,10,moving_average,8,2024-04-03,2024-04-04,2024-04-17,10,10,0.17819409163473188
10,10,moving_average,9,2024-04-17,2024-04-18,2024-05-01,10,10,0.19366836517010616
10,10,moving_average,10,2024-05-01,2024-05-02,2024-05-15,10,10,0.13240360544898486
10,10,moving_average,11,2024-05-15,2024-05-16,2024-05-29,10,10,0.225328746823865
10,10,moving_average,12,2024-05-29,2024-05-30,2024-06-12,10,10,0.12841636278808022
10,10,moving_average,13,2024-06-12,2024-06-13,2024-06-26,10,10,0.051221270245288775
10,10,moving_average,14,2024-06-26,2024-06-27,2024-07-10,10,10,0.0813442239617406
10,10,moving_average,15,2024-07-10,2024-07-11,2024-07-24,10,10,0.07845753760566038
10,10,moving_average,16,2024-07-24,2024-07-25,2024-08-07,10,10,0.08172634119692161
10,10,moving_average,17,2024-08-07,2024-08-08,2024-08-21,10,10,0.14975888436269755
10,10,moving_average,18,2024-08-21,2024-08-22,2024-09-04,10,10,0.09262027831845471
10,10,moving_average,19,2024-09-04,2024-09-05,2024-09-18,10,10,0.06312945856458117
10,10,moving_average,20,2024-09-18,2024-09-19,2024-10-02,10,10,0.07626479243124705
10,10,moving_average,21,2024-10-02,2024-10-03,2024-10-16,10,10,0.16094707539854022
10,10,moving_average,22,2024-10-16,2024-10-17,2024-10-30,10,10,0.05113944590306716
10,10,moving_average,23,2024-10-30,2024-10-31,2024-11-13,10,10,0.05660176285180403
10,10,moving_average,24,2024-11-13,2024-11-14,2024-11-27,10,10,0.11735361537460678
10,10,moving_average,25,2024-11-27,2024-11-28,2024-12-11,10,10,0.07621478997143735
10,10,moving_average,26,2024-12-11,2024-12-12,2024-12-25,10,9,0.07909584005114319
10,10,moving_average,27,2024-12-25,2024-12-26,2024-12-31,4,4,0.1442977911765929
10,11,moving_average,1,2023-12-27,2023-12-28,2024-01-10,10,9,0.09025644374627476
10,11,moving_average,2,2024-01-10,2024-01-11,2024-01-24,10,10,1.615352869176481
10,11,moving_average,3,2024-01-24,2024-01-25,2024-02-07,10,10,1.291330206740097
10,11,moving_average,4,2024-02-07,2024-02-08,2024-02-21,10,6,0.43120534833976987
10,11,moving_average,5,2024-02-21,2024-02-22,2024-03-06,10,10,0.08206663405840207
10,11,moving_average,6,2024-03-06,2024-03-07,2024-03-20,10,10,0.1510349891424491
10,11,moving_average,7,2024-03-20,2024-03-21,2024-04-03,10,10,0.12286748113214184
10,11,moving_average,8,2024-04-03,2024-04-04,2024-04-17,10,10,0.2256322003849984
10,11,moving_average,9,2024-04-17,2024-04-18,2024-05-01,10,10,0.37752859010460904
10,11,moving_average,10,2024-05-01,2024-05-02,2024-05-15,10,10,0.3161735665200502
10,11,moving_average,11,2024-05-15,2024-05-16,2024-05-29,10,10,0.17883909477789928
10,11,moving_average,12,2024-05-29,2024-05-30,2024-06-12,10,10,0.07742758253215959
10,11,moving_average,13,2024-06-12,2024-06-13,2024-06-26,10,10,0.07349395415755483
10,11,moving_average,14,2024-06-26,2024-06-27,2024-07-10,10,10,0.28328036399974693
10,11,moving_average,15,2024-07-10,2024-07-11,2024-07-24,10,10,0.14128437849750036
10,11,moving_average,16,2024-07-24,2024-07-25,2024-08-07,10,10,0.11325180119479389
10,11,moving_average,17,2024-08-07,2024-08-08,2024-08-21,10,10,0.2432178060247804
10,11,moving_average,18,2024-08-21,2024-08-22,2024-09-04,10,10,0.08843650913729645
10,11,moving_average,19,2024-09-04,2024-09-05,2024-09-18,10,10,0.1520835621605387
10,11,moving_average,20,2024-09-18,2024-09-19,2024-10-02,10,10,0.10021192931231555
10,11,moving_average,21,2024-10-02,2024-10-03,2024-10-16,10,10,0.09110546929060044
10,11,moving_average,22,2024-10-16,2024-10-17,2024-10-30,10,10,0.2386402837074916
10,11,moving_average,23,2024-10-30,2024-10-31,2024-11-13,10,10,0.11566172951832537
10,11,moving_average,24,2024-11-13,2024-11-14,2024-11-27,10,10,0.5589225998190815
10,11,moving_average,25,2024-11-27,2024-11-28,2024-12-11,10,10,1.656456936218956
10,11,moving_average,26,2024-12-11,2024-12-12,2024-12-25,10,9,1.0692880698490166
10,11,moving_average,27,2024-12-25,2024-12-26,2024-12-31,4,4,1.51806398188632
10,12,moving_average,1,2023-12-27,2023-12-28,2024-01-10,10,9,0.9168552239351769
10,12,moving_average,2,2024-01-10,2024-01-11,2024-01-24,10,10,1.1790718512184746
10,12,moving_average,3,2024-01-24,2024-01-25,2024-02-07,10,10,0.936098379667437
10,12,moving_average,4,2024-02-07,2024-02-08,2024-02-21,10,6,1.9073360204496466
10,12,moving_average,5,2024-02-21,2024-02-22,2024-03-06,10,10,1.76809271719993
10,12,moving_average,6,2024-03-06,2024-03-07,2024-03-20,10,10,1.1983390716050977
10,12,moving_average,7,2024-03-20,2024-03-21,2024-04-03,10,10,0.3861274405827251
10,12,moving_average,8,2024-04-03,2024-04-04,2024-04-17,10,10,0.2
10,12,moving_average,9,2024-04-17,2024-04-18,2024-05-01,10,10,0.638855321354125
10,12,moving_average,10,2024-05-01,2024-05-02,2024-05-15,10,10,1.349680836024111
10,12,moving_average,11,2024-05-15,2024-05-16,2024-05-29,10,10,1.2630096686350656
10,12,moving_average,12,2024-05-29,2024-05-30,2024-06-12,10,10,1.236627360552781
10,12,moving_average,13,2024-06-12,2024-06-13,2024-06-26,10,10,0.580019332070362
10,12,moving_average,14,2024-06-26,2024-06-27,2024-07-10,10,10,0.9030749744198003
10,12,moving_average,15,2024-07-10,2024-07-11,2024-07-24,10,10,1.3190654073045374
10,12,moving_average,16,2024-07-24,2024-07-25,2024-08-07,10,10,1.22041366484593
10,12,moving_average,17,2024-08-07,2024-08-08,2024-08-21,10,10,1.2557957413095808
10,12,moving_average,18,2024-08-21,2024-08-22,2024-09-04,10,10,1.2402308146252454
10,12,moving_average,19,2024-09-04,2024-09-05,2024-09-18,10,10,1.2283177625845094
10,12,moving_average,20,2024-09-18,2024-09-19,2024-10-02,10,10,0.8528673530176907
10,12,moving_average,21,2024-10-02,2024-10-03,2024-10-16,10,10,0.9030996099578792
10,12,moving_average,22,2024-10-16,2024-10-17,2024-10-30,10,10,0.7370807197627907
10,12,moving_average,23,2024-10-30,2024-10-31,2024-11-13,10,10,0.9838902792167125
10,12,moving_average,24,2024-11-13,2024-11-14,2024-11-27,10,10,0.184709039665821
10,12,moving_average,25,2024-11-27,2024-11-28,2024-12-11,10,10,1.0642840175225763
10,12,moving_average,26,2024-12-11,2024-12-12,2024-12-25,10,9,1.3213577337796485
10,12,moving_average,27,2024-12-25,2024-12-26,2024-12-31,4,4,0.8483956121580641
10,13,moving_average,1,2023-12-27,2023-12-28,2024-01-10,10,9,2.0
10,13,moving_average,2,2024-01-10,2024-01-11,2024-01-24,10,10,0.0
10,13,moving_average,3,2024-01-24,2024-01-25,2024-02-07,10,10,0.2
10,13,moving_average,4,2024-02-07,2024-02-08,2024-02-21,10,6,0.5522116392161623
10,13,moving_average,5,2024-02-21,2024-02-22,2024-03-06,10,10,0.0
10,13,moving_average,6,2024-03-06,2024-03-07,2024-03-20,10,10,0.6000000000000001
10,13,moving_average,7,2024-03-20,2024-03-21,2024-04-03,10,10,1.6729746881451413
10,13,moving_average,8,2024-04-03,2024-04-04,2024-04-17,10,10,2.0
10,13,moving_average,9,2024-04-17,2024-04-18,2024-05-01,10,10,1.6
10,13,moving_average,10,2024-05-01,2024-05-02,2024-05-15,10,10,1.1075127581659332
10,13,moving_average,11,2024-05-15,2024-05-16,2024-05-29,10,10,2.0
10,13,moving_average,12,2024-05-29,2024-05-30,2024-06-12,10,10,0.4
10,13,moving_average,13,2024-06-12,2024-06-13,2024-06-26,10,10,1.9362366050746525
10,13,moving_average,14,2024-06-26,2024-06-27,2024-07-10,10,10,1.580880096477261
10,13,moving_average,15,2024-07-10,2024-07-11,2024-07-24,10,10,1.8548946816761491
10,13,moving_average,16,2024-07-24,2024-07-25,2024-08-07,10,10,1.8357227003727077
10,13,moving_average,17,2024-08-07,2024-08-08,2024-08-21,10,10,1.6922006249369426
10,13,moving_average,18,2024-08-21,2024-08-22,2024-09-04,10,10,1.79077974924884
10,13,moving_average,19,2024-09-04,2024-09-05,2024-09-18,10,10,1.8142979931384453
10,13,moving_average,20,2024-09-18,2024-09-19,2024-10-02,10,10,1.8463039472430518
10,13,moving_average,21,2024-10-02,2024-10-03,2024-10-16,10,10,0.9860234431680555
10,13,moving_average,22,2024-10-16,2024-10-17,2024-10-30,10,10,2.0
10,13,moving_average,23,2024-10-30,2024-10-31,2024-11-13,10,10,0.0
10,13,moving_average,24,2024-11-13,2024-11-14,2024-11-27,10,10,0.0
10,13,moving_average,25,2024-11-27,2024-11-28,2024-12-11,10,10,0.2
10,13,moving_average,26,2024-12-11,2024-12-12,2024-12-25,10,9,0.8663821351895554
10,13,moving_average,27,2024-12-25,2024-12-26,2024-12-31,4,4,0.5
10,1,ridge_base_alpha_0.001,1,2023-12-27,2023-12-28,2024-01-10,10,9,0.12321102161571455
10,1,ridge_base_alpha_0.001,2,2024-01-10,2024-01-11,2024-01-24,10,10,0.23784162685577492
10,1,ridge_base_alpha_0.001,3,2024-01-24,2024-01-25,2024-02-07,10,10,0.06837596261341992
10,1,ridge_base_alpha_0.001,4,2024-02-07,2024-02-08,2024-02-21,10,6,0.09981700714565257
10,1,ridge_base_alpha_0.001,5,2024-02-21,2024-02-22,2024-03-06,10,10,0.06850157956728996
10,1,ridge_base_alpha_0.001,6,2024-03-06,2024-03-07,2024-03-20,10,10,0.09339011284722375
10,1,ridge_base_alpha_0.001,7,2024-03-20,2024-03-21,2024-04-03,10,10,0.12443810081956662
10,1,ridge_base_alpha_0.001,8,2024-04-03,2024-04-04,2024-04-17,10,10,0.07353161033184305
10,1,ridge_base_alpha_0.001,9,2024-04-17,2024-04-18,2024-05-01,10,10,0.2088771685689541
10,1,ridge_base_alpha_0.001,10,2024-05-01,2024-05-02,2024-05-15,10,10,0.22128796467094347
10,1,ridge_base_alpha_0.001,11,2024-05-15,2024-05-16,2024-05-29,10,10,0.10815942125931975
10,1,ridge_base_alpha_0.001,12,2024-05-29,2024-05-30,2024-06-12,10,10,0.12524756121049987
10,1,ridge_base_alpha_0.001,13,2024-06-12,2024-06-13,2024-06-26,10,10,0.10234198394492099
10,1,ridge_base_alpha_0.001,14,2024-06-26,2024-06-27,2024-07-10,10,10,0.056940555529376304
10,1,ridge_base_alpha_0.001,15,2024-07-10,2024-07-11,2024-07-24,10,10,0.06135525042837617
10,1,ridge_base_alpha_0.001,16,2024-07-24,2024-07-25,2024-08-07,10,10,0.08774025389800506
10,1,ridge_base_alpha_0.001,17,2024-08-07,2024-08-08,2024-08-21,10,10,0.10237940512530974
10,1,ridge_base_alpha_0.001,18,2024-08-21,2024-08-22,2024-09-04,10,10,0.07781024679175425
10,1,ridge_base_alpha_0.001,19,2024-09-04,2024-09-05,2024-09-18,10,10,0.1474041076202029
10,1,ridge_base_alpha_0.001,20,2024-09-18,2024-09-19,2024-10-02,10,10,0.09717742685624076
10,1,ridge_base_alpha_0.001,21,2024-10-02,2024-10-03,2024-10-16,10,10,0.11176457341711535
10,1,ridge_base_alpha_0.001,22,2024-10-16,2024-10-17,2024-10-30,10,10,0.14766785847245129
10,1,ridge_base_alpha_0.001,23,2024-10-30,2024-10-31,2024-11-13,10,10,0.1280936052389515
10,1,ridge_base_alpha_0.001,24,2024-11-13,2024-11-14,2024-11-27,10,10,0.15169367967114084
10,1,ridge_base_alpha_0.001,25,2024-11-27,2024-11-28,2024-12-11,10,10,0.05760490070306423
10,1,ridge_base_alpha_0.001,26,2024-12-11,2024-12-12,2024-12-25,10,9,0.08662956421177583
10,1,ridge_base_alpha_0.001,27,2024-12-25,2024-12-26,2024-12-31,4,4,0.07802943717177423
10,3,ridge_base_alpha_0.001,1,2023-12-27,2023-12-28,2024-01-10,10,9,0.07583136234032674
10,3,ridge_base_alpha_0.001,2,2024-01-10,2024-01-11,2024-01-24,10,10,0.1583763475637563
10,3,ridge_base_alpha_0.001,3,2024-01-24,2024-01-25,2024-02-07,10,10,0.10311086107155208
10,3,ridge_base_alpha_0.001,4,2024-02-07,2024-02-08,2024-02-21,10,6,0.11545222050338516
10,3,ridge_base_alpha_0.001,5,2024-02-21,2024-02-22,2024-03-06,10,10,0.07553175808152192
10,3,ridge_base_alpha_0.001,6,2024-03-06,2024-03-07,2024-03-20,10,10,0.10410942480698211
10,3,ridge_base_alpha_0.001,7,2024-03-20,2024-03-21,2024-04-03,10,10,0.12331062351432504
10,3,ridge_base_alpha_0.001,8,2024-04-03,2024-04-04,2024-04-17,10,10,0.09532951044761155
10,3,ridge_base_alpha_0.001,9,2024-04-17,2024-04-18,2024-05-01,10,10,0.26461445470786166
10,3,ridge_base_alpha_0.001,10,2024-05-01,2024-05-02,2024-05-15,10,10,0.11469752384686174
10,3,ridge_base_alpha_0.001,11,2024-05-15,2024-05-16,2024-05-29,10,10,0.3358702109778773
10,3,ridge_base_alpha_0.001,12,2024-05-29,2024-05-30,2024-06-12,10,10,0.09087875629154485
10,3,ridge_base_alpha_0.001,13,2024-06-12,2024-06-13,2024-06-26,10,10,0.06386933478877847
10,3,ridge_base_alpha_0.001,14,2024-06-26,2024-06-27,2024-07-10,10,10,0.12906927778892024
10,3,ridge_base_alpha_0.001,15,2024-07-10,2024-07-11,2024-07-24,10,10,0.07016020870525765
10,3,ridge_base_alpha_0.001,16,2024-07-24,2024-07-25,2024-08-07,10,10,0.16094654940958497
10,3,ridge_base_alpha_0.001,17,2024-08-07,2024-08-08,2024-08-21,10,10,0.3200266812666042
10,3,ridge_base_alpha_0.001,18,2024-08-21,2024-08-22,2024-09-04,10,10,0.1196111939540562
10,3,ridge_base_alpha_0.001,19,2024-09-04,2024-09-05,2024-09-18,10,10,0.2421867693390762
10,3,ridge_base_alpha_0.001,20,2024-09-18,2024-09-19,2024-10-02,10,10,0.0785598240028252
10,3,ridge_base_alpha_0.001,21,2024-10-02,2024-10-03,2024-10-16,10,10,0.1371751353620624
10,3,ridge_base_alpha_0.001,22,2024-10-16,2024-10-17,2024-10-30,10,10,0.09722424069712715
10,3,ridge_base_alpha_0.001,23,2024-10-30,2024-10-31,2024-11-13,10,10,0.06234665489879652
10,3,ridge_base_alpha_0.001,24,2024-11-13,2024-11-14,2024-11-27,10,10,0.12008210180756454
10,3,ridge_base_alpha_0.001,25,2024-11-27,2024-11-28,2024-12-11,10,10,0.27062856666825724
10,3,ridge_base_alpha_0.001,26,2024-12-11,2024-12-12,2024-12-25,10,9,0.08094555377895023
10,3,ridge_base_alpha_0.001,27,2024-12-25,2024-12-26,2024-12-31,4,4,0.5360099138412616
10,4,ridge_base_alpha_0.001,1,2023-12-27,2023-12-28,2024-01-10,10,9,0.166978318015806
10,4,ridge_base_alpha_0.001,2,2024-01-10,2024-01-11,2024-01-24,10,10,0.18202487546644486
10,4,ridge_base_alpha_0.001,3,2024-01-24,2024-01-25,2024-02-07,10,10,0.07694923531400513
10,4,ridge_base_alpha_0.001,4,2024-02-07,2024-02-08,2024-02-21,10,6,0.1357399055906591
10,4,ridge_base_alpha_0.001,5,2024-02-21,2024-02-22,2024-03-06,10,10,0.09740611718171721
10,4,ridge_base_alpha_0.001,6,2024-03-06,2024-03-07,2024-03-20,10,10,0.058173356623544906
10,4,ridge_base_alpha_0.001,7,2024-03-20,2024-03-21,2024-04-03,10,10,0.17461234406498394
10,4,ridge_base_alpha_0.001,8,2024-04-03,2024-04-04,2024-04-17,10,10,0.10445145048514864
10,4,ridge_base_alpha_0.001,9,2024-04-17,2024-04-18,2024-05-01,10,10,0.30862457546246275
10,4,ridge_base_alpha_0.001,10,2024-05-01,2024-05-02,2024-05-15,10,10,0.25571961630516044
10,4,ridge_base_alpha_0.001,11,2024-05-15,2024-05-16,2024-05-29,10,10,0.2759743258199468
10,4,ridge_base_alpha_0.001,12,2024-05-29,2024-05-30,2024-06-12,10,10,0.13301028902353249
10,4,ridge_base_alpha_0.001,13,2024-06-12,2024-06-13,2024-06-26,10,10,0.11241393252585792
10,4,ridge_base_alpha_0.001,14,2024-06-26,2024-06-27,2024-07-10,10,10,0.15164405900246455
10,4,ridge_base_alpha_0.001,15,2024-07-10,2024-07-11,2024-07-24,10,10,0.1399822028968217
10,4,ridge_base_alpha_0.001,16,2024-07-24,2024-07-25,2024-08-07,10,10,0.09967030278647934
10,4,ridge_base_alpha_0.001,17,2024-08-07,2024-08-08,2024-08-21,10,10,0.23454777069629446
10,4,ridge_base_alpha_0.001,18,2024-08-21,2024-08-22,2024-09-04,10,10,0.1142392759069503
10,4,ridge_base_alpha_0.001,19,2024-09-04,2024-09-05,2024-09-18,10,10,0.1417635762973328
10,4,ridge_base_alpha_0.001,20,2024-09-18,2024-09-19,2024-10-02,10,10,0.21203589198800607
10,4,ridge_base_alpha_0.001,21,2024-10-02,2024-10-03,2024-10-16,10,10,0.3279821736066686
10,4,ridge_base_alpha_0.001,22,2024-10-16,2024-10-17,2024-10-30,10,10,0.14433376423728259
10,4,ridge_base_alpha_0.001,23,2024-10-30,2024-10-31,2024-11-13,10,10,0.08516656738580888
10,4,ridge_base_alpha_0.001,24,2024-11-13,2024-11-14,2024-11-27,10,10,0.09866269764161767
10,4,ridge_base_alpha_0.001,25,2024-11-27,2024-11-28,2024-12-11,10,10,0.09595926727540324
10,4,ridge_base_alpha_0.001,26,2024-12-11,2024-12-12,2024-12-25,10,9,0.12000645618461914
10,4,ridge_base_alpha_0.001,27,2024-12-25,2024-12-26,2024-12-31,4,4,0.579135476923223
10,5,ridge_base_alpha_0.001,1,2023-12-27,2023-12-28,2024-01-10,10,9,0.16265598786510818
10,5,ridge_base_alpha_0.001,2,2024-01-10,2024-01-11,2024-01-24,10,10,0.10218413980371897
10,5,ridge_base_alpha_0.001,3,2024-01-24,2024-01-25,2024-02-07,10,10,0.10183767367482831
10,5,ridge_base_alpha_0.001,4,2024-02-07,2024-02-08,2024-02-21,10,6,0.08450593753008595
10,5,ridge_base_alpha_0.001,5,2024-02-21,2024-02-22,2024-03-06,10,10,0.06633991002423621
10,5,ridge_base_alpha_0.001,6,2024-03-06,2024-03-07,2024-03-20,10,10,0.08647697609211163
10,5,ridge_base_alpha_0.001,7,2024-03-20,2024-03-21,2024-04-03,10,10,0.10085700048459745
10,5,ridge_base_alpha_0.001,8,2024-04-03,2024-04-04,2024-04-17,10,10,0.07216215098115882
10,5,ridge_base_alpha_0.001,9,2024-04-17,2024-04-18,2024-05-01,10,10,0.2615168715910385
10,5,ridge_base_alpha_0.001,10,2024-05-01,2024-05-02,2024-05-15,10,10,0.10934365525135332
10,5,ridge_base_alpha_0.001,11,2024-05-15,2024-05-16,2024-05-29,10,10,0.26842810002898476
10,5,ridge_base_alpha_0.001,12,2024-05-29,2024-05-30,2024-06-12,10,10,0.08204964528015925
10,5,ridge_base_alpha_0.001,13,2024-06-12,2024-06-13,2024-06-26,10,10,0.05201521389320118
10,5,ridge_base_alpha_0.001,14,2024-06-26,2024-06-27,2024-07-10,10,10,0.08286968398413905
10,5,ridge_base_alpha_0.001,15,2024-07-10,2024-07-11,2024-07-24,10,10,0.0639244145703908
10,5,ridge_base_alpha_0.001,16,2024-07-24,2024-07-25,2024-08-07,10,10,0.10339515894844914
10,5,ridge_base_alpha_0.001,17,2024-08-07,2024-08-08,2024-08-21,10,10,0.11653535756244243
10,5,ridge_base_alpha_0.001,18,2024-08-21,2024-08-22,2024-09-04,10,10,0.07909020689471083
10,5,ridge_base_alpha_0.001,19,2024-09-04,2024-09-05,2024-09-18,10,10,0.07035549114802983
10,5,ridge_base_alpha_0.001,20,2024-09-18,2024-09-19,2024-10-02,10,10,0.07484320551981048
10,5,ridge_base_alpha_0.001,21,2024-10-02,2024-10-03,2024-10-16,10,10,0.072839906671355
10,5,ridge_base_alpha_0.001,22,2024-10-16,2024-10-17,2024-10-30,10,10,0.039919875289832756
10,5,ridge_base_alpha_0.001,23,2024-10-30,2024-10-31,2024-11-13,10,10,0.11660004503944135
10,5,ridge_base_alpha_0.001,24,2024-11-13,2024-11-14,2024-11-27,10,10,0.07612920193395704
10,5,ridge_base_alpha_0.001,25,2024-11-27,2024-11-28,2024-12-11,10,10,0.05051424315455495
10,5,ridge_base_alpha_0.001,26,2024-12-11,2024-12-12,2024-12-25,10,9,0.03954598438365942
10,5,ridge_base_alpha_0.001,27,2024-12-25,2024-12-26,2024-12-31,4,4,0.14222308697681174
10,6,ridge_base_alpha_0.001,1,2023-12-27,2023-12-28,2024-01-10,10,9,0.13734147662997262
10,6,ridge_base_alpha_0.001,2,2024-01-10,2024-01-11,2024-01-24,10,10,0.11355397525665836
10,6,ridge_base_alpha_0.001,3,2024-01-24,2024-01-25,2024-02-07,10,10,0.10719895182725883
10,6,ridge_base_alpha_0.001,4,2024-02-07,2024-02-08,2024-02-21,10,6,0.10661459415424253
10,6,ridge_base_alpha_0.001,5,2024-02-21,2024-02-22,2024-03-06,10,10,0.15651797053577665
10,6,ridge_base_alpha_0.001,6,2024-03-06,2024-03-07,2024-03-20,10,10,0.11658050302496373
10,6,ridge_base_alpha_0.001,7,2024-03-20,2024-03-21,2024-04-03,10,10,0.15444378256195718
10,6,ridge_base_alpha_0.001,8,2024-04-03,2024-04-04,2024-04-17,10,10,0.12462277346527839
10,6,ridge_base_alpha_0.001,9,2024-04-17,2024-04-18,2024-05-01,10,10,0.19877860780532589
10,6,ridge_base_alpha_0.001,10,2024-05-01,2024-05-02,2024-05-15,10,10,0.11926710250537093
10,6,ridge_base_alpha_0.001,11,2024-05-15,2024-05-16,2024-05-29,10,10,0.31141443794932244
10,6,ridge_base_alpha_0.001,12,2024-05-29,2024-05-30,2024-06-12,10,10,0.11735963429846608
10,6,ridge_base_alpha_0.001,13,2024-06-12,2024-06-13,2024-06-26,10,10,0.07959327835955303
10,6,ridge_base_alpha_0.001,14,2024-06-26,2024-06-27,2024-07-10,10,10,0.12045676116976967
10,6,ridge_base_alpha_0.001,15,2024-07-10,2024-07-11,2024-07-24,10,10,0.10747190709989803
10,6,ridge_base_alpha_0.001,16,2024-07-24,2024-07-25,2024-08-07,10,10,0.1423676358815947
10,6,ridge_base_alpha_0.001,17,2024-08-07,2024-08-08,2024-08-21,10,10,0.1663989677606921
10,6,ridge_base_alpha_0.001,18,2024-08-21,2024-08-22,2024-09-04,10,10,0.11611621000548684
10,6,ridge_base_alpha_0.001,19,2024-09-04,2024-09-05,2024-09-18,10,10,0.058028483054311034
10,6,ridge_base_alpha_0.001,20,2024-09-18,2024-09-19,2024-10-02,10,10,0.11450233301483491
10,6,ridge_base_alpha_0.001,21,2024-10-02,2024-10-03,2024-10-16,10,10,0.07449091737351987
10,6,ridge_base_alpha_0.001,22,2024-10-16,2024-10-17,2024-10-30,10,10,0.08820065786261118
10,6,ridge_base_alpha_0.001,23,2024-10-30,2024-10-31,2024-11-13,10,10,0.12600029034500743
10,6,ridge_base_alpha_0.001,24,2024-11-13,2024-11-14,2024-11-27,10,10,0.06590822704769406
10,6,ridge_base_alpha_0.001,25,2024-11-27,2024-11-28,2024-12-11,10,10,0.14190306552985252
10,6,ridge_base_alpha_0.001,26,2024-12-11,2024-12-12,2024-12-25,10,9,0.10688013680200752
10,6,ridge_base_alpha_0.001,27,2024-12-25,2024-12-26,2024-12-31,4,4,0.21359122898738847
10,7,ridge_base_alpha_0.001,1,2023-12-27,2023-12-28,2024-01-10,10,9,0.11848819485926244
10,7,ridge_base_alpha_0.001,2,2024-01-10,2024-01-11,2024-01-24,10,10,0.29582262558496336
10,7,ridge_base_alpha_0.001,3,2024-01-24,2024-01-25,2024-02-07,10,10,0.19416989020210412
10,7,ridge_base_alpha_0.001,4,2024-02-07,2024-02-08,2024-02-21,10,6,0.2000443706012586
10,7,ridge_base_alpha_0.001,5,2024-02-21,2024-02-22,2024-03-06,10,10,0.17752516170394284
10,7,ridge_base_alpha_0.001,6,2024-03-06,2024-03-07,2024-03-20,10,10,0.1490549332781521
10,7,ridge_base_alpha_0.001,7,2024-03-20,2024-03-21,2024-04-03,10,10,0.22368209907465278
10,7,ridge_base_alpha_0.001,8,2024-04-03,2024-04-04,2024-04-17,10,10,0.1705584360227361
10,7,ridge_base_alpha_0.001,9,2024-04-17,2024-04-18,2024-05-01,10,10,0.3339963914296671
10,7,ridge_base_alpha_0.001,10,2024-05-01,2024-05-02,2024-05-15,10,10,0.20974445078609183
10,7,ridge_base_alpha_0.001,11,2024-05-15,2024-05-16,2024-05-29,10,10,0.38937044731364795
10,7,ridge_base_alpha_0.001,12,2024-05-29,2024-05-30,2024-06-12,10,10,0.17019341428004095
10,7,ridge_base_alpha_0.001,13,2024-06-12,2024-06-13,2024-06-26,10,10,0.15066584698065882
10,7,ridge_base_alpha_0.001,14,2024-06-26,2024-06-27,2024-07-10,10,10,0.10780543922396542
10,7,ridge_base_alpha_0.001,15,2024-07-10,2024-07-11,2024-07-24,10,10,0.17181708853018135
10,7,ridge_base_alpha_0.001,16,2024-07-24,2024-07-25,2024-08-07,10,10,0.19531063174007077
10,7,ridge_base_alpha_0.001,17,2024-08-07,2024-08-08,2024-08-21,10,10,0.3773697223706017
10,7,ridge_base_alpha_0.001,18,2024-08-21,2024-08-22,2024-09-04,10,10,0.3381068144447615
10,7,ridge_base_alpha_0.001,19,2024-09-04,2024-09-05,2024-09-18,10,10,0.2881101324687903
10,7,ridge_base_alpha_0.001,20,2024-09-18,2024-09-19,2024-10-02,10,10,0.36687631363913265
10,7,ridge_base_alpha_0.001,21,2024-10-02,2024-10-03,2024-10-16,10,10,0.39260031495905867
10,7,ridge_base_alpha_0.001,22,2024-10-16,2024-10-17,2024-10-30,10,10,0.20661162282482437
10,7,ridge_base_alpha_0.001,23,2024-10-30,2024-10-31,2024-11-13,10,10,0.2997138603348887
10,7,ridge_base_alpha_0.001,24,2024-11-13,2024-11-14,2024-11-27,10,10,0.31414961821759324
10,7,ridge_base_alpha_0.001,25,2024-11-27,2024-11-28,2024-12-11,10,10,0.18030653681793712
10,7,ridge_base_alpha_0.001,26,2024-12-11,2024-12-12,2024-12-25,10,9,0.1714061485931759
10,7,ridge_base_alpha_0.001,27,2024-12-25,2024-12-26,2024-12-31,4,4,0.7551755757891738
10,8,ridge_base_alpha_0.001,1,2023-12-27,2023-12-28,2024-01-10,10,9,0.3696130673090812
10,8,ridge_base_alpha_0.001,2,2024-01-10,2024-01-11,2024-01-24,10,10,0.27257228078897944
10,8,ridge_base_alpha_0.001,3,2024-01-24,2024-01-25,2024-02-07,10,10,0.18433289145642
10,8,ridge_base_alpha_0.001,4,2024-02-07,2024-02-08,2024-02-21,10,6,0.29447273581210204
10,8,ridge_base_alpha_0.001,5,2024-02-21,2024-02-22,2024-03-06,10,10,0.2235160577618463
10,8,ridge_base_alpha_0.001,6,2024-03-06,2024-03-07,2024-03-20,10,10,0.17189083165592275
10,8,ridge_base_alpha_0.001,7,2024-03-20,2024-03-21,2024-04-03,10,10,0.35387722151676454
10,8,ridge_base_alpha_0.001,8,2024-04-03,2024-04-04,2024-04-17,10,10,0.3473415129544697
10,8,ridge_base_alpha_0.001,9,2024-04-17,2024-04-18,2024-05-01,10,10,0.22694586201425515
10,8,ridge_base_alpha_0.001,10,2024-05-01,2024-05-02,2024-05-15,10,10,0.10492918952450365
10,8,ridge_base_alpha_0.001,11,2024-05-15,2024-05-16,2024-05-29,10,10,0.343565768746948
10,8,ridge_base_alpha_0.001,12,2024-05-29,2024-05-30,2024-06-12,10,10,0.09377998767701747
10,8,ridge_base_alpha_0.001,13,2024-06-12,2024-06-13,2024-06-26,10,10,0.11668101159381294
10,8,ridge_base_alpha_0.001,14,2024-06-26,2024-06-27,2024-07-10,10,10,0.18815404275963934
10,8,ridge_base_alpha_0.001,15,2024-07-10,2024-07-11,2024-07-24,10,10,0.09624235706278167
10,8,ridge_base_alpha_0.001,16,2024-07-24,2024-07-25,2024-08-07,10,10,0.1895770160799674
10,8,ridge_base_alpha_0.001,17,2024-08-07,2024-08-08,2024-08-21,10,10,0.2053832554019496
10,8,ridge_base_alpha_0.001,18,2024-08-21,2024-08-22,2024-09-04,10,10,0.09254492037155432
10,8,ridge_base_alpha_0.001,19,2024-09-04,2024-09-05,2024-09-18,10,10,0.08197824888728725
10,8,ridge_base_alpha_0.001,20,2024-09-18,2024-09-19,2024-10-02,10,10,0.15071423015930208
10,8,ridge_base_alpha_0.001,21,2024-10-02,2024-10-03,2024-10-16,10,10,0.10402273632264816
10,8,ridge_base_alpha_0.001,22,2024-10-16,2024-10-17,2024-10-30,10,10,0.03729970064627426
10,8,ridge_base_alpha_0.001,23,2024-10-30,2024-10-31,2024-11-13,10,10,0.0991388033426721
10,8,ridge_base_alpha_0.001,24,2024-11-13,2024-11-14,2024-11-27,10,10,0.12662244497167605
10,8,ridge_base_alpha_0.001,25,2024-11-27,2024-11-28,2024-12-11,10,10,0.14211000714618024
10,8,ridge_base_alpha_0.001,26,2024-12-11,2024-12-12,2024-12-25,10,9,0.07317274961963029
10,8,ridge_base_alpha_0.001,27,2024-12-25,2024-12-26,2024-12-31,4,4,0.18410663136044741
10,9,ridge_base_alpha_0.001,1,2023-12-27,2023-12-28,2024-01-10,10,9,0.1555503269547994
10,9,ridge_base_alpha_0.001,2,2024-01-10,2024-01-11,2024-01-24,10,10,0.21014523141968652
10,9,ridge_base_alpha_0.001,3,2024-01-24,2024-01-25,2024-02-07,10,10,0.08361938622911876
10,9,ridge_base_alpha_0.001,4,2024-02-07,2024-02-08,2024-02-21,10,6,0.4554872639727939
10,9,ridge_base_alpha_0.001,5,2024-02-21,2024-02-22,2024-03-06,10,10,0.2181340435219863
10,9,ridge_base_alpha_0.001,6,2024-03-06,2024-03-07,2024-03-20,10,10,0.06184638543675706
10,9,ridge_base_alpha_0.001,7,2024-03-20,2024-03-21,2024-04-03,10,10,0.26788450153108545
10,9,ridge_base_alpha_0.001,8,2024-04-03,2024-04-04,2024-04-17,10,10,0.3220062178400098
10,9,ridge_base_alpha_0.001,9,2024-04-17,2024-04-18,2024-05-01,10,10,0.24390039070092084
10,9,ridge_base_alpha_0.001,10,2024-05-01,2024-05-02,2024-05-15,10,10,0.38580183264662166
10,9,ridge_base_alpha_0.001,11,2024-05-15,2024-05-16,2024-05-29,10,10,0.31902751010657926
10,9,ridge_base_alpha_0.001,12,2024-05-29,2024-05-30,2024-06-12,10,10,0.13114131908283047
10,9,ridge_base_alpha_0.001,13,2024-06-12,2024-06-13,2024-06-26,10,10,0.11484477823994066
10,9,ridge_base_alpha_0.001,14,2024-06-26,2024-06-27,2024-07-10,10,10,0.32643896020741603
10,9,ridge_base_alpha_0.001,15,2024-07-10,2024-07-11,2024-07-24,10,10,0.06799491719859253
10,9,ridge_base_alpha_0.001,16,2024-07-24,2024-07-25,2024-08-07,10,10,0.14351158896938057
10,9,ridge_base_alpha_0.001,17,2024-08-07,2024-08-08,2024-08-21,10,10,0.17752188585883222
10,9,ridge_base_alpha_0.001,18,2024-08-21,2024-08-22,2024-09-04,10,10,0.1308889404504193
10,9,ridge_base_alpha_0.001,19,2024-09-04,2024-09-05,2024-09-18,10,10,0.12892452504546167
10,9,ridge_base_alpha_0.001,20,2024-09-18,2024-09-19,2024-10-02,10,10,0.08375241344379601
10,9,ridge_base_alpha_0.001,21,2024-10-02,2024-10-03,2024-10-16,10,10,0.15639395021822397
10,9,ridge_base_alpha_0.001,22,2024-10-16,2024-10-17,2024-10-30,10,10,0.06930007918603562
10,9,ridge_base_alpha_0.001,23,2024-10-30,2024-10-31,2024-11-13,10,10,0.12226555495065322
10,9,ridge_base_alpha_0.001,24,2024-11-13,2024-11-14,2024-11-27,10,10,0.07444392986631562
10,9,ridge_base_alpha_0.001,25,2024-11-27,2024-11-28,2024-12-11,10,10,0.09541757803715878
10,9,ridge_base_alpha_0.001,26,2024-12-11,2024-12-12,2024-12-25,10,9,0.07933933110466672
10,9,ridge_base_alpha_0.001,27,2024-12-25,2024-12-26,2024-12-31,4,4,0.25654009412114637
10,11,ridge_base_alpha_0.001,1,2023-12-27,2023-12-28,2024-01-10,10,9,0.11571915829735323
10,11,ridge_base_alpha_0.001,2,2024-01-10,2024-01-11,2024-01-24,10,10,1.5959518228023002
10,11,ridge_base_alpha_0.001,3,2024-01-24,2024-01-25,2024-02-07,10,10,0.8486363213495969
10,11,ridge_base_alpha_0.001,4,2024-02-07,2024-02-08,2024-02-21,10,6,0.13632382139828608
10,11,ridge_base_alpha_0.001,5,2024-02-21,2024-02-22,2024-03-06,10,10,0.16555637581973665
10,11,ridge_base_alpha_0.001,6,2024-03-06,2024-03-07,2024-03-20,10,10,0.1592460595195944
10,11,ridge_base_alpha_0.001,7,2024-03-20,2024-03-21,2024-04-03,10,10,0.1612464667259439
10,11,ridge_base_alpha_0.001,8,2024-04-03,2024-04-04,2024-04-17,10,10,0.22984313043390908
10,11,ridge_base_alpha_0.001,9,2024-04-17,2024-04-18,2024-05-01,10,10,0.12813226443835687
10,11,ridge_base_alpha_0.001,10,2024-05-01,2024-05-02,2024-05-15,10,10,0.34561543776739545
10,11,ridge_base_alpha_0.001,11,2024-05-15,2024-05-16,2024-05-29,10,10,0.2231589010424954
10,11,ridge_base_alpha_0.001,12,2024-05-29,2024-05-30,2024-06-12,10,10,0.1767677442280195
10,11,ridge_base_alpha_0.001,13,2024-06-12,2024-06-13,2024-06-26,10,10,0.12456515021979349
10,11,ridge_base_alpha_0.001,14,2024-06-26,2024-06-27,2024-07-10,10,10,0.17537132534002053
10,11,ridge_base_alpha_0.001,15,2024-07-10,2024-07-11,2024-07-24,10,10,0.21652368001736022
10,11,ridge_base_alpha_0.001,16,2024-07-24,2024-07-25,2024-08-07,10,10,0.09923780568283097
10,11,ridge_base_alpha_0.001,17,2024-08-07,2024-08-08,2024-08-21,10,10,0.2587940346738717
10,11,ridge_base_alpha_0.001,18,2024-08-21,2024-08-22,2024-09-04,10,10,0.19153143299750197
10,11,ridge_base_alpha_0.001,19,2024-09-04,2024-09-05,2024-09-18,10,10,0.22236195161887126
10,11,ridge_base_alpha_0.001,20,2024-09-18,2024-09-19,2024-10-02,10,10,0.08406835338386874
10,11,ridge_base_alpha_0.001,21,2024-10-02,2024-10-03,2024-10-16,10,10,0.1798056360671519
10,11,ridge_base_alpha_0.001,22,2024-10-16,2024-10-17,2024-10-30,10,10,0.13704156995560443
10,11,ridge_base_alpha_0.001,23,2024-10-30,2024-10-31,2024-11-13,10,10,0.11229471504866169
10,11,ridge_base_alpha_0.001,24,2024-11-13,2024-11-14,2024-11-27,10,10,0.5390727558793157
10,11,ridge_base_alpha_0.001,25,2024-11-27,2024-11-28,2024-12-11,10,10,1.5361440722660786
10,11,ridge_base_alpha_0.001,26,2024-12-11,2024-12-12,2024-12-25,10,9,1.4366599854666957
10,11,ridge_base_alpha_0.001,27,2024-12-25,2024-12-26,2024-12-31,4,4,1.770712780537676
10,12,ridge_base_alpha_0.001,1,2023-12-27,2023-12-28,2024-01-10,10,9,0.8083519667541793
10,12,ridge_base_alpha_0.001,2,2024-01-10,2024-01-11,2024-01-24,10,10,1.1543861810047893
10,12,ridge_base_alpha_0.001,3,2024-01-24,2024-01-25,2024-02-07,10,10,0.7988229532007468
10,12,ridge_base_alpha_0.001,4,2024-02-07,2024-02-08,2024-02-21,10,6,1.8998712968161744
10,12,ridge_base_alpha_0.001,5,2024-02-21,2024-02-22,2024-03-06,10,10,1.6384006028213252
10,12,ridge_base_alpha_0.001,6,2024-03-06,2024-03-07,2024-03-20,10,10,1.8683747125168062
10,12,ridge_base_alpha_0.001,7,2024-03-20,2024-03-21,2024-04-03,10,10,2.0
10,12,ridge_base_alpha_0.001,8,2024-04-03,2024-04-04,2024-04-17,10,10,1.8697847866445647
10,12,ridge_base_alpha_0.001,9,2024-04-17,2024-04-18,2024-05-01,10,10,1.6781699103996333
10,12,ridge_base_alpha_0.001,10,2024-05-01,2024-05-02,2024-05-15,10,10,0.791686063265053
10,12,ridge_base_alpha_0.001,11,2024-05-15,2024-05-16,2024-05-29,10,10,1.2807275330608734
10,12,ridge_base_alpha_0.001,12,2024-05-29,2024-05-30,2024-06-12,10,10,1.254187239730972
10,12,ridge_base_alpha_0.001,13,2024-06-12,2024-06-13,2024-06-26,10,10,0.6109618052131431
10,12,ridge_base_alpha_0.001,14,2024-06-26,2024-06-27,2024-07-10,10,10,1.0148117127549756
10,12,ridge_base_alpha_0.001,15,2024-07-10,2024-07-11,2024-07-24,10,10,1.346517690049958
10,12,ridge_base_alpha_0.001,16,2024-07-24,2024-07-25,2024-08-07,10,10,1.1349451956564234
10,12,ridge_base_alpha_0.001,17,2024-08-07,2024-08-08,2024-08-21,10,10,1.2530145421504513
10,12,ridge_base_alpha_0.001,18,2024-08-21,2024-08-22,2024-09-04,10,10,1.2222838498365571
10,12,ridge_base_alpha_0.001,19,2024-09-04,2024-09-05,2024-09-18,10,10,0.9982238978753852
10,12,ridge_base_alpha_0.001,20,2024-09-18,2024-09-19,2024-10-02,10,10,0.9768032126353291
10,12,ridge_base_alpha_0.001,21,2024-10-02,2024-10-03,2024-10-16,10,10,0.9730629768489062
10,12,ridge_base_alpha_0.001,22,2024-10-16,2024-10-17,2024-10-30,10,10,0.7967017396226248
10,12,ridge_base_alpha_0.001,23,2024-10-30,2024-10-31,2024-11-13,10,10,1.0340003784051321
10,12,ridge_base_alpha_0.001,24,2024-11-13,2024-11-14,2024-11-27,10,10,0.3317962507907925
10,12,ridge_base_alpha_0.001,25,2024-11-27,2024-11-28,2024-12-11,10,10,1.1269038965542906
10,12,ridge_base_alpha_0.001,26,2024-12-11,2024-12-12,2024-12-25,10,9,1.3097040793501566
10,12,ridge_base_alpha_0.001,27,2024-12-25,2024-12-26,2024-12-31,4,4,2.0
10,13,ridge_base_alpha_0.001,1,2023-12-27,2023-12-28,2024-01-10,10,9,2.0
10,13,ridge_base_alpha_0.001,2,2024-01-10,2024-01-11,2024-01-24,10,10,2.0
10,13,ridge_base_alpha_0.001,3,2024-01-24,2024-01-25,2024-02-07,10,10,1.9673086632026988
10,13,ridge_base_alpha_0.001,4,2024-02-07,2024-02-08,2024-02-21,10,6,2.0
10,13,ridge_base_alpha_0.001,5,2024-02-21,2024-02-22,2024-03-06,10,10,2.0
10,13,ridge_base_alpha_0.001,6,2024-03-06,2024-03-07,2024-03-20,10,10,1.6347575199912363
10,13,ridge_base_alpha_0.001,7,2024-03-20,2024-03-21,2024-04-03,10,10,1.5668160954387094
10,13,ridge_base_alpha_0.001,8,2024-04-03,2024-04-04,2024-04-17,10,10,2.0
10,13,ridge_base_alpha_0.001,9,2024-04-17,2024-04-18,2024-05-01,10,10,1.542354727917729
10,13,ridge_base_alpha_0.001,10,2024-05-01,2024-05-02,2024-05-15,10,10,0.9626912542961389
10,13,ridge_base_alpha_0.001,11,2024-05-15,2024-05-16,2024-05-29,10,10,2.0
10,13,ridge_base_alpha_0.001,12,2024-05-29,2024-05-30,2024-06-12,10,10,1.8436860912600848
10,13,ridge_base_alpha_0.001,13,2024-06-12,2024-06-13,2024-06-26,10,10,1.933887778297923
10,13,ridge_base_alpha_0.001,14,2024-06-26,2024-06-27,2024-07-10,10,10,1.9186033910203009
10,13,ridge_base_alpha_0.001,15,2024-07-10,2024-07-11,2024-07-24,10,10,1.709880933625421
10,13,ridge_base_alpha_0.001,16,2024-07-24,2024-07-25,2024-08-07,10,10,1.5677423382470326
10,13,ridge_base_alpha_0.001,17,2024-08-07,2024-08-08,2024-08-21,10,10,1.6550676887908304
10,13,ridge_base_alpha_0.001,18,2024-08-21,2024-08-22,2024-09-04,10,10,1.5458542549813825
10,13,ridge_base_alpha_0.001,19,2024-09-04,2024-09-05,2024-09-18,10,10,1.8868175482755654
10,13,ridge_base_alpha_0.001,20,2024-09-18,2024-09-19,2024-10-02,10,10,1.9801175309015062
10,13,ridge_base_alpha_0.001,21,2024-10-02,2024-10-03,2024-10-16,10,10,1.601091476876066
10,13,ridge_base_alpha_0.001,22,2024-10-16,2024-10-17,2024-10-30,10,10,2.0
10,13,ridge_base_alpha_0.001,23,2024-10-30,2024-10-31,2024-11-13,10,10,2.0
10,13,ridge_base_alpha_0.001,24,2024-11-13,2024-11-14,2024-11-27,10,10,2.0
10,13,ridge_base_alpha_0.001,25,2024-11-27,2024-11-28,2024-12-11,10,10,1.9754015795731357
10,13,ridge_base_alpha_0.001,26,2024-12-11,2024-12-12,2024-12-25,10,9,1.918246801298516
10,13,ridge_base_alpha_0.001,27,2024-12-25,2024-12-26,2024-12-31,4,4,1.6383394840777201
10,1,ridge_base_alpha_0.0001,1,2023-12-27,2023-12-28,2024-01-10,10,9,0.12303592258933897
10,1,ridge_base_alpha_0.0001,2,2024-01-10,2024-01-11,2024-01-24,10,10,0.2376287051521609
10,1,ridge_base_alpha_0.0001,3,2024-01-24,2024-01-25,2024-02-07,10,10,0.06858995651574312
10,1,ridge_base_alpha_0.0001,4,2024-02-07,2024-02-08,2024-02-21,10,6,0.09967338645844294
10,1,ridge_base_alpha_0.0001,5,2024-02-21,2024-02-22,2024-03-06,10,10,0.06852474574606893
10,1,ridge_base_alpha_0.0001,6,2024-03-06,2024-03-07,2024-03-20,10,10,0.09345199115101026
10,1,ridge_base_alpha_0.0001,7,2024-03-20,2024-03-21,2024-04-03,10,10,0.1243971720645662
10,1,ridge_base_alpha_0.0001,8,2024-04-03,2024-04-04,2024-04-17,10,10,0.07357832660478639
10,1,ridge_base_alpha_0.0001,9,2024-04-17,2024-04-18,2024-05-01,10,10,0.20889468203227698
10,1,ridge_base_alpha_0.0001,10,2024-05-01,2024-05-02,2024-05-15,10,10,0.2214833691051107
10,1,ridge_base_alpha_0.0001,11,2024-05-15,2024-05-16,2024-05-29,10,10,0.10818656352281245
10,1,ridge_base_alpha_0.0001,12,2024-05-29,2024-05-30,2024-06-12,10,10,0.12526607821674207
10,1,ridge_base_alpha_0.0001,13,2024-06-12,2024-06-13,2024-06-26,10,10,0.1023793687850459
10,1,ridge_base_alpha_0.0001,14,2024-06-26,2024-06-27,2024-07-10,10,10,0.05689789494608825
10,1,ridge_base_alpha_0.0001,15,2024-07-10,2024-07-11,2024-07-24,10,10,0.061357223140902355
10,1,ridge_base_alpha_0.0001,16,2024-07-24,2024-07-25,2024-08-07,10,10,0.08772718144569713
10,1,ridge_base_alpha_0.0001,17,2024-08-07,2024-08-08,2024-08-21,10,10,0.10236123881546094
10,1,ridge_base_alpha_0.0001,18,2024-08-21,2024-08-22,2024-09-04,10,10,0.07775390548887118
10,1,ridge_base_alpha_0.0001,19,2024-09-04,2024-09-05,2024-09-18,10,10,0.14730328074894858
10,1,ridge_base_alpha_0.0001,20,2024-09-18,2024-09-19,2024-10-02,10,10,0.09699422056088676
10,1,ridge_base_alpha_0.0001,21,2024-10-02,2024-10-03,2024-10-16,10,10,0.11163696273186235
10,1,ridge_base_alpha_0.0001,22,2024-10-16,2024-10-17,2024-10-30,10,10,0.14745637468886374
10,1,ridge_base_alpha_0.0001,23,2024-10-30,2024-10-31,2024-11-13,10,10,0.12786348022502647
10,1,ridge_base_alpha_0.0001,24,2024-11-13,2024-11-14,2024-11-27,10,10,0.15140354187088823
10,1,ridge_base_alpha_0.0001,25,2024-11-27,2024-11-28,2024-12-11,10,10,0.057606992703626736
10,1,ridge_base_alpha_0.0001,26,2024-12-11,2024-12-12,2024-12-25,10,9,0.08648894178826569
10,1,ridge_base_alpha_0.0001,27,2024-12-25,2024-12-26,2024-12-31,4,4,0.07790969333612813
10,3,ridge_base_alpha_0.0001,1,2023-12-27,2023-12-28,2024-01-10,10,9,0.07584917139751199
10,3,ridge_base_alpha_0.0001,2,2024-01-10,2024-01-11,2024-01-24,10,10,0.15854712782192334
10,3,ridge_base_alpha_0.0001,3,2024-01-24,2024-01-25,2024-02-07,10,10,0.10298468484490059
10,3,ridge_base_alpha_0.0001,4,2024-02-07,2024-02-08,2024-02-21,10,6,0.11562466292328477
10,3,ridge_base_alpha_0.0001,5,2024-02-21,2024-02-22,2024-03-06,10,10,0.07556324595167707
10,3,ridge_base_alpha_0.0001,6,2024-03-06,2024-03-07,2024-03-20,10,10,0.1041704044335541
10,3,ridge_base_alpha_0.0001,7,2024-03-20,2024-03-21,2024-04-03,10,10,0.1232211028971913
10,3,ridge_base_alpha_0.0001,8,2024-04-03,2024-04-04,2024-04-17,10,10,0.09529145755648848
10,3,ridge_base_alpha_0.0001,9,2024-04-17,2024-04-18,2024-05-01,10,10,0.2643461884733722
10,3,ridge_base_alpha_0.0001,10,2024-05-01,2024-05-02,2024-05-15,10,10,0.1150337211092051
10,3,ridge_base_alpha_0.0001,11,2024-05-15,2024-05-16,2024-05-29,10,10,0.3359627048120255
10,3,ridge_base_alpha_0.0001,12,2024-05-29,2024-05-30,2024-06-12,10,10,0.0910993398189552
10,3,ridge_base_alpha_0.0001,13,2024-06-12,2024-06-13,2024-06-26,10,10,0.06379268270769549
10,3,ridge_base_alpha_0.0001,14,2024-06-26,2024-06-27,2024-07-10,10,10,0.12892494045717226
10,3,ridge_base_alpha_0.0001,15,2024-07-10,2024-07-11,2024-07-24,10,10,0.07028271476829138
10,3,ridge_base_alpha_0.0001,16,2024-07-24,2024-07-25,2024-08-07,10,10,0.16087675641542754
10,3,ridge_base_alpha_0.0001,17,2024-08-07,2024-08-08,2024-08-21,10,10,0.31998467735525815
10,3,ridge_base_alpha_0.0001,18,2024-08-21,2024-08-22,2024-09-04,10,10,0.11942618243876593
10,3,ridge_base_alpha_0.0001,19,2024-09-04,2024-09-05,2024-09-18,10,10,0.24242376784597305
10,3,ridge_base_alpha_0.0001,20,2024-09-18,2024-09-19,2024-10-02,10,10,0.07840092897893937
10,3,ridge_base_alpha_0.0001,21,2024-10-02,2024-10-03,2024-10-16,10,10,0.13707050430603668
10,3,ridge_base_alpha_0.0001,22,2024-10-16,2024-10-17,2024-10-30,10,10,0.097018428390096
10,3,ridge_base_alpha_0.0001,23,2024-10-30,2024-10-31,2024-11-13,10,10,0.06255413895912883
10,3,ridge_base_alpha_0.0001,24,2024-11-13,2024-11-14,2024-11-27,10,10,0.12019123805422485
10,3,ridge_base_alpha_0.0001,25,2024-11-27,2024-11-28,2024-12-11,10,10,0.27090692487007273
10,3,ridge_base_alpha_0.0001,26,2024-12-11,2024-12-12,2024-12-25,10,9,0.08135420880412325
10,3,ridge_base_alpha_0.0001,27,2024-12-25,2024-12-26,2024-12-31,4,4,0.5358879361161074
10,4,ridge_base_alpha_0.0001,1,2023-12-27,2023-12-28,2024-01-10,10,9,0.1669689877212413
10,4,ridge_base_alpha_0.0001,2,2024-01-10,2024-01-11,2024-01-24,10,10,0.18201860151543572
10,4,ridge_base_alpha_0.0001,3,2024-01-24,2024-01-25,2024-02-07,10,10,0.07694155127063067
10,4,ridge_base_alpha_0.0001,4,2024-02-07,2024-02-08,2024-02-21,10,6,0.13573559901330412
10,4,ridge_base_alpha_0.0001,5,2024-02-21,2024-02-22,2024-03-06,10,10,0.09740542756499963
10,4,ridge_base_alpha_0.0001,6,2024-03-06,2024-03-07,2024-03-20,10,10,0.05817948450362816
10,4,ridge_base_alpha_0.0001,7,2024-03-20,2024-03-21,2024-04-03,10,10,0.1746104538759184
10,4,ridge_base_alpha_0.0001,8,2024-04-03,2024-04-04,2024-04-17,10,10,0.10443828649520392
10,4,ridge_base_alpha_0.0001,9,2024-04-17,2024-04-18,2024-05-01,10,10,0.3086076987568587
10,4,ridge_base_alpha_0.0001,10,2024-05-01,2024-05-02,2024-05-15,10,10,0.25563645263150275
10,4,ridge_base_alpha_0.0001,11,2024-05-15,2024-05-16,2024-05-29,10,10,0.275920276569374
10,4,ridge_base_alpha_0.0001,12,2024-05-29,2024-05-30,2024-06-12,10,10,0.13295598289382698
10,4,ridge_base_alpha_0.0001,13,2024-06-12,2024-06-13,2024-06-26,10,10,0.11237825543697727
10,4,ridge_base_alpha_0.0001,14,2024-06-26,2024-06-27,2024-07-10,10,10,0.15161488551004068
10,4,ridge_base_alpha_0.0001,15,2024-07-10,2024-07-11,2024-07-24,10,10,0.13996525097242526
10,4,ridge_base_alpha_0.0001,16,2024-07-24,2024-07-25,2024-08-07,10,10,0.09967114301477391
10,4,ridge_base_alpha_0.0001,17,2024-08-07,2024-08-08,2024-08-21,10,10,0.2345280457834459
10,4,ridge_base_alpha_0.0001,18,2024-08-21,2024-08-22,2024-09-04,10,10,0.11424431530852841
10,4,ridge_base_alpha_0.0001,19,2024-09-04,2024-09-05,2024-09-18,10,10,0.14173625082324198
10,4,ridge_base_alpha_0.0001,20,2024-09-18,2024-09-19,2024-10-02,10,10,0.21200260365006363
10,4,ridge_base_alpha_0.0001,21,2024-10-02,2024-10-03,2024-10-16,10,10,0.32792524338316215
10,4,ridge_base_alpha_0.0001,22,2024-10-16,2024-10-17,2024-10-30,10,10,0.14432837069294568
10,4,ridge_base_alpha_0.0001,23,2024-10-30,2024-10-31,2024-11-13,10,10,0.08517002921727478
10,4,ridge_base_alpha_0.0001,24,2024-11-13,2024-11-14,2024-11-27,10,10,0.09865984543996303
10,4,ridge_base_alpha_0.0001,25,2024-11-27,2024-11-28,2024-12-11,10,10,0.09595426463930934
10,4,ridge_base_alpha_0.0001,26,2024-12-11,2024-12-12,2024-12-25,10,9,0.1200036014163207
10,4,ridge_base_alpha_0.0001,27,2024-12-25,2024-12-26,2024-12-31,4,4,0.5791243181841067
10,5,ridge_base_alpha_0.0001,1,2023-12-27,2023-12-28,2024-01-10,10,9,0.16141918717305723
10,5,ridge_base_alpha_0.0001,2,2024-01-10,2024-01-11,2024-01-24,10,10,0.10059626046404141
10,5,ridge_base_alpha_0.0001,3,2024-01-24,2024-01-25,2024-02-07,10,10,0.10161189245840228
10,5,ridge_base_alpha_0.0001,4,2024-02-07,2024-02-08,2024-02-21,10,6,0.08431080770754926
10,5,ridge_base_alpha_0.0001,5,2024-02-21,2024-02-22,2024-03-06,10,10,0.06704239457445255
10,5,ridge_base_alpha_0.0001,6,2024-03-06,2024-03-07,2024-03-20,10,10,0.08630062820446241
10,5,ridge_base_alpha_0.0001,7,2024-03-20,2024-03-21,2024-04-03,10,10,0.10059983993439939
10,5,ridge_base_alpha_0.0001,8,2024-04-03,2024-04-04,2024-04-17,10,10,0.07206929917085092
10,5,ridge_base_alpha_0.0001,9,2024-04-17,2024-04-18,2024-05-01,10,10,0.2611753578942756
10,5,ridge_base_alpha_0.0001,10,2024-05-01,2024-05-02,2024-05-15,10,10,0.11049159400051307
10,5,ridge_base_alpha_0.0001,11,2024-05-15,2024-05-16,2024-05-29,10,10,0.26912979384768887
10,5,ridge_base_alpha_0.0001,12,2024-05-29,2024-05-30,2024-06-12,10,10,0.08243512622506764
10,5,ridge_base_alpha_0.0001,13,2024-06-12,2024-06-13,2024-06-26,10,10,0.05201876860046222
10,5,ridge_base_alpha_0.0001,14,2024-06-26,2024-06-27,2024-07-10,10,10,0.08280450858331619
10,5,ridge_base_alpha_0.0001,15,2024-07-10,2024-07-11,2024-07-24,10,10,0.06370132326455868
10,5,ridge_base_alpha_0.0001,16,2024-07-24,2024-07-25,2024-08-07,10,10,0.10324615470167293
10,5,ridge_base_alpha_0.0001,17,2024-08-07,2024-08-08,2024-08-21,10,10,0.11638960360943879
10,5,ridge_base_alpha_0.0001,18,2024-08-21,2024-08-22,2024-09-04,10,10,0.0791000225467798
10,5,ridge_base_alpha_0.0001,19,2024-09-04,2024-09-05,2024-09-18,10,10,0.07039849405219593
10,5,ridge_base_alpha_0.0001,20,2024-09-18,2024-09-19,2024-10-02,10,10,0.07475132623188703
10,5,ridge_base_alpha_0.0001,21,2024-10-02,2024-10-03,2024-10-16,10,10,0.07330773298469527
10,5,ridge_base_alpha_0.0001,22,2024-10-16,2024-10-17,2024-10-30,10,10,0.03974799792317693
10,5,ridge_base_alpha_0.0001,23,2024-10-30,2024-10-31,2024-11-13,10,10,0.11653244648772872
10,5,ridge_base_alpha_0.0001,24,2024-11-13,2024-11-14,2024-11-27,10,10,0.07603064329346897
10,5,ridge_base_alpha_0.0001,25,2024-11-27,2024-11-28,2024-12-11,10,10,0.05086468354174433
10,5,ridge_base_alpha_0.0001,26,2024-12-11,2024-12-12,2024-12-25,10,9,0.03976447976165857
10,5,ridge_base_alpha_0.0001,27,2024-12-25,2024-12-26,2024-12-31,4,4,0.14235783787346884
10,6,ridge_base_alpha_0.0001,1,2023-12-27,2023-12-28,2024-01-10,10,9,0.13591708214142031
10,6,ridge_base_alpha_0.0001,2,2024-01-10,2024-01-11,2024-01-24,10,10,0.11582877338245448
10,6,ridge_base_alpha_0.0001,3,2024-01-24,2024-01-25,2024-02-07,10,10,0.10542613413170342
10,6,ridge_base_alpha_0.0001,4,2024-02-07,2024-02-08,2024-02-21,10,6,0.10659093710357037
10,6,ridge_base_alpha_0.0001,5,2024-02-21,2024-02-22,2024-03-06,10,10,0.15598443047445207
10,6,ridge_base_alpha_0.0001,6,2024-03-06,2024-03-07,2024-03-20,10,10,0.1147179268278795
10,6,ridge_base_alpha_0.0001,7,2024-03-20,2024-03-21,2024-04-03,10,10,0.15288014716614237
10,6,ridge_base_alpha_0.0001,8,2024-04-03,2024-04-04,2024-04-17,10,10,0.12214737171559745
10,6,ridge_base_alpha_0.0001,9,2024-04-17,2024-04-18,2024-05-01,10,10,0.20172055221853144
10,6,ridge_base_alpha_0.0001,10,2024-05-01,2024-05-02,2024-05-15,10,10,0.12253573060795334
10,6,ridge_base_alpha_0.0001,11,2024-05-15,2024-05-16,2024-05-29,10,10,0.3110468964765482
10,6,ridge_base_alpha_0.0001,12,2024-05-29,2024-05-30,2024-06-12,10,10,0.11537378955937548
10,6,ridge_base_alpha_0.0001,13,2024-06-12,2024-06-13,2024-06-26,10,10,0.07628270117033487
10,6,ridge_base_alpha_0.0001,14,2024-06-26,2024-06-27,2024-07-10,10,10,0.12208735301663859
10,6,ridge_base_alpha_0.0001,15,2024-07-10,2024-07-11,2024-07-24,10,10,0.10540982327416909
10,6,ridge_base_alpha_0.0001,16,2024-07-24,2024-07-25,2024-08-07,10,10,0.14189020787244297
10,6,ridge_base_alpha_0.0001,17,2024-08-07,2024-08-08,2024-08-21,10,10,0.16647072753269104
10,6,ridge_base_alpha_0.0001,18,2024-08-21,2024-08-22,2024-09-04,10,10,0.11640151076130034
10,6,ridge_base_alpha_0.0001,19,2024-09-04,2024-09-05,2024-09-18,10,10,0.059460246655343975
10,6,ridge_base_alpha_0.0001,20,2024-09-18,2024-09-19,2024-10-02,10,10,0.11421401719943938
10,6,ridge_base_alpha_0.0001,21,2024-10-02,2024-10-03,2024-10-16,10,10,0.07431864502859725
10,6,ridge_base_alpha_0.0001,22,2024-10-16,2024-10-17,2024-10-30,10,10,0.08815747213982898
10,6,ridge_base_alpha_0.0001,23,2024-10-30,2024-10-31,2024-11-13,10,10,0.12611619824987466
10,6,ridge_base_alpha_0.0001,24,2024-11-13,2024-11-14,2024-11-27,10,10,0.06549379677014779
10,6,ridge_base_alpha_0.0001,25,2024-11-27,2024-11-28,2024-12-11,10,10,0.14143149370654082
10,6,ridge_base_alpha_0.0001,26,2024-12-11,2024-12-12,2024-12-25,10,9,0.10482401621148145
10,6,ridge_base_alpha_0.0001,27,2024-12-25,2024-12-26,2024-12-31,4,4,0.21243850029330918
10,7,ridge_base_alpha_0.0001,1,2023-12-27,2023-12-28,2024-01-10,10,9,0.12044981863486451
10,7,ridge_base_alpha_0.0001,2,2024-01-10,2024-01-11,2024-01-24,10,10,0.2956519680607571
10,7,ridge_base_alpha_0.0001,3,2024-01-24,2024-01-25,2024-02-07,10,10,0.19410334165195556
10,7,ridge_base_alpha_0.0001,4,2024-02-07,2024-02-08,2024-02-21,10,6,0.20084753713302939
10,7,ridge_base_alpha_0.0001,5,2024-02-21,2024-02-22,2024-03-06,10,10,0.1783264488220518
10,7,ridge_base_alpha_0.0001,6,2024-03-06,2024-03-07,2024-03-20,10,10,0.1493304213353522
10,7,ridge_base_alpha_0.0001,7,2024-03-20,2024-03-21,2024-04-03,10,10,0.22359236314849415
10,7,ridge_base_alpha_0.0001,8,2024-04-03,2024-04-04,2024-04-17,10,10,0.16993661440726862
10,7,ridge_base_alpha_0.0001,9,2024-04-17,2024-04-18,2024-05-01,10,10,0.33392293571914755
10,7,ridge_base_alpha_0.0001,10,2024-05-01,2024-05-02,2024-05-15,10,10,0.20959477101724622
10,7,ridge_base_alpha_0.0001,11,2024-05-15,2024-05-16,2024-05-29,10,10,0.38758722628787573
10,7,ridge_base_alpha_0.0001,12,2024-05-29,2024-05-30,2024-06-12,10,10,0.17135722391050617
10,7,ridge_base_alpha_0.0001,13,2024-06-12,2024-06-13,2024-06-26,10,10,0.15073934681271922
10,7,ridge_base_alpha_0.0001,14,2024-06-26,2024-06-27,2024-07-10,10,10,0.10924564140185503
10,7,ridge_base_alpha_0.0001,15,2024-07-10,2024-07-11,2024-07-24,10,10,0.17216053598995196
10,7,ridge_base_alpha_0.0001,16,2024-07-24,2024-07-25,2024-08-07,10,10,0.19525464747918475
10,7,ridge_base_alpha_0.0001,17,2024-08-07,2024-08-08,2024-08-21,10,10,0.3779407836672045
10,7,ridge_base_alpha_0.0001,18,2024-08-21,2024-08-22,2024-09-04,10,10,0.33964780181947196
10,7,ridge_base_alpha_0.0001,19,2024-09-04,2024-09-05,2024-09-18,10,10,0.2881849071241724
10,7,ridge_base_alpha_0.0001,20,2024-09-18,2024-09-19,2024-10-02,10,10,0.36641482645781076
10,7,ridge_base_alpha_0.0001,21,2024-10-02,2024-10-03,2024-10-16,10,10,0.39219462366485175
10,7,ridge_base_alpha_0.0001,22,2024-10-16,2024-10-17,2024-10-30,10,10,0.2078739135909885
10,7,ridge_base_alpha_0.0001,23,2024-10-30,2024-10-31,2024-11-13,10,10,0.29976661031474344
10,7,ridge_base_alpha_0.0001,24,2024-11-13,2024-11-14,2024-11-27,10,10,0.31442019878724714
10,7,ridge_base_alpha_0.0001,25,2024-11-27,2024-11-28,2024-12-11,10,10,0.1804572415112476
10,7,ridge_base_alpha_0.0001,26,2024-12-11,2024-12-12,2024-12-25,10,9,0.17117606948867686
10,7,ridge_base_alpha_0.0001,27,2024-12-25,2024-12-26,2024-12-31,4,4,0.756163590534146
10,8,ridge_base_alpha_0.0001,1,2023-12-27,2023-12-28,2024-01-10,10,9,0.3678021827819085
10,8,ridge_base_alpha_0.0001,2,2024-01-10,2024-01-11,2024-01-24,10,10,0.2747776216220461
10,8,ridge_base_alpha_0.0001,3,2024-01-24,2024-01-25,2024-02-07,10,10,0.18498345565998126
10,8,ridge_base_alpha_0.0001,4,2024-02-07,2024-02-08,2024-02-21,10,6,0.29489180439843904
10,8,ridge_base_alpha_0.0001,5,2024-02-21,2024-02-22,2024-03-06,10,10,0.22197341499241963
10,8,ridge_base_alpha_0.0001,6,2024-03-06,2024-03-07,2024-03-20,10,10,0.1699640170170004
10,8,ridge_base_alpha_0.0001,7,2024-03-20,2024-03-21,2024-04-03,10,10,0.35174797623288884
10,8,ridge_base_alpha_0.0001,8,2024-04-03,2024-04-04,2024-04-17,10,10,0.3443486844917989
10,8,ridge_base_alpha_0.0001,9,2024-04-17,2024-04-18,2024-05-01,10,10,0.2270140398769739
10,8,ridge_base_alpha_0.0001,10,2024-05-01,2024-05-02,2024-05-15,10,10,0.10590241229577924
10,8,ridge_base_alpha_0.0001,11,2024-05-15,2024-05-16,2024-05-29,10,10,0.34372336940701737
10,8,ridge_base_alpha_0.0001,12,2024-05-29,2024-05-30,2024-06-12,10,10,0.09228707507674763
10,8,ridge_base_alpha_0.0001,13,2024-06-12,2024-06-13,2024-06-26,10,10,0.11638974774638627
10,8,ridge_base_alpha_0.0001,14,2024-06-26,2024-06-27,2024-07-10,10,10,0.18911339845977404
10,8,ridge_base_alpha_0.0001,15,2024-07-10,2024-07-11,2024-07-24,10,10,0.09648742492562684
10,8,ridge_base_alpha_0.0001,16,2024-07-24,2024-07-25,2024-08-07,10,10,0.1896259687358441
10,8,ridge_base_alpha_0.0001,17,2024-08-07,2024-08-08,2024-08-21,10,10,0.20524467160270074
10,8,ridge_base_alpha_0.0001,18,2024-08-21,2024-08-22,2024-09-04,10,10,0.09211716053974651
10,8,ridge_base_alpha_0.0001,19,2024-09-04,2024-09-05,2024-09-18,10,10,0.08197063990834057
10,8,ridge_base_alpha_0.0001,20,2024-09-18,2024-09-19,2024-10-02,10,10,0.15022951677580282
10,8,ridge_base_alpha_0.0001,21,2024-10-02,2024-10-03,2024-10-16,10,10,0.10466819780857034
10,8,ridge_base_alpha_0.0001,22,2024-10-16,2024-10-17,2024-10-30,10,10,0.03725897494081159
10,8,ridge_base_alpha_0.0001,23,2024-10-30,2024-10-31,2024-11-13,10,10,0.09923542220978049
10,8,ridge_base_alpha_0.0001,24,2024-11-13,2024-11-14,2024-11-27,10,10,0.127169034183697
10,8,ridge_base_alpha_0.0001,25,2024-11-27,2024-11-28,2024-12-11,10,10,0.14245934696054435
10,8,ridge_base_alpha_0.0001,26,2024-12-11,2024-12-12,2024-12-25,10,9,0.073221824148214
10,8,ridge_base_alpha_0.0001,27,2024-12-25,2024-12-26,2024-12-31,4,4,0.18396802217092267
10,9,ridge_base_alpha_0.0001,1,2023-12-27,2023-12-28,2024-01-10,10,9,0.15158077004069948
10,9,ridge_base_alpha_0.0001,2,2024-01-10,2024-01-11,2024-01-24,10,10,0.20300012440305407
10,9,ridge_base_alpha_0.0001,3,2024-01-24,2024-01-25,2024-02-07,10,10,0.07907667225302567
10,9,ridge_base_alpha_0.0001,4,2024-02-07,2024-02-08,2024-02-21,10,6,0.45673985882761
10,9,ridge_base_alpha_0.0001,5,2024-02-21,2024-02-22,2024-03-06,10,10,0.22725476915452145
10,9,ridge_base_alpha_0.0001,6,2024-03-06,2024-03-07,2024-03-20,10,10,0.06230678745681052
10,9,ridge_base_alpha_0.0001,7,2024-03-20,2024-03-21,2024-04-03,10,10,0.2682649293416752
10,9,ridge_base_alpha_0.0001,8,2024-04-03,2024-04-04,2024-04-17,10,10,0.3251408736175597
10,9,ridge_base_alpha_0.0001,9,2024-04-17,2024-04-18,2024-05-01,10,10,0.24275314504823237
10,9,ridge_base_alpha_0.0001,10,2024-05-01,2024-05-02,2024-05-15,10,10,0.38374254160230636
10,9,ridge_base_alpha_0.0001,11,2024-05-15,2024-05-16,2024-05-29,10,10,0.3184400676176947
10,9,ridge_base_alpha_0.0001,12,2024-05-29,2024-05-30,2024-06-12,10,10,0.13013979612162432
10,9,ridge_base_alpha_0.0001,13,2024-06-12,2024-06-13,2024-06-26,10,10,0.11390169116390235
10,9,ridge_base_alpha_0.0001,14,2024-06-26,2024-06-27,2024-07-10,10,10,0.3277587708136285
10,9,ridge_base_alpha_0.0001,15,2024-07-10,2024-07-11,2024-07-24,10,10,0.06848390848107125
10,9,ridge_base_alpha_0.0001,16,2024-07-24,2024-07-25,2024-08-07,10,10,0.1434537786565267
10,9,ridge_base_alpha_0.0001,17,2024-08-07,2024-08-08,2024-08-21,10,10,0.17707699990221115
10,9,ridge_base_alpha_0.0001,18,2024-08-21,2024-08-22,2024-09-04,10,10,0.13137801194786866
10,9,ridge_base_alpha_0.0001,19,2024-09-04,2024-09-05,2024-09-18,10,10,0.12822862590009718
10,9,ridge_base_alpha_0.0001,20,2024-09-18,2024-09-19,2024-10-02,10,10,0.08500696382328186
10,9,ridge_base_alpha_0.0001,21,2024-10-02,2024-10-03,2024-10-16,10,10,0.15600106499229374
10,9,ridge_base_alpha_0.0001,22,2024-10-16,2024-10-17,2024-10-30,10,10,0.06948987387255404
10,9,ridge_base_alpha_0.0001,23,2024-10-30,2024-10-31,2024-11-13,10,10,0.12178792764119686
10,9,ridge_base_alpha_0.0001,24,2024-11-13,2024-11-14,2024-11-27,10,10,0.07350934149695469
10,9,ridge_base_alpha_0.0001,25,2024-11-27,2024-11-28,2024-12-11,10,10,0.09560741633026602
10,9,ridge_base_alpha_0.0001,26,2024-12-11,2024-12-12,2024-12-25,10,9,0.07969671275001843
10,9,ridge_base_alpha_0.0001,27,2024-12-25,2024-12-26,2024-12-31,4,4,0.2561099345647413
10,11,ridge_base_alpha_0.0001,1,2023-12-27,2023-12-28,2024-01-10,10,9,0.11552753383981137
10,11,ridge_base_alpha_0.0001,2,2024-01-10,2024-01-11,2024-01-24,10,10,1.5959768746150893
10,11,ridge_base_alpha_0.0001,3,2024-01-24,2024-01-25,2024-02-07,10,10,0.8483026257553399
10,11,ridge_base_alpha_0.0001,4,2024-02-07,2024-02-08,2024-02-21,10,6,0.13552929077894205
10,11,ridge_base_alpha_0.0001,5,2024-02-21,2024-02-22,2024-03-06,10,10,0.16570187084709315
10,11,ridge_base_alpha_0.0001,6,2024-03-06,2024-03-07,2024-03-20,10,10,0.15937755289864675
10,11,ridge_base_alpha_0.0001,7,2024-03-20,2024-03-21,2024-04-03,10,10,0.16140729827331424
10,11,ridge_base_alpha_0.0001,8,2024-04-03,2024-04-04,2024-04-17,10,10,0.22966390253772584
10,11,ridge_base_alpha_0.0001,9,2024-04-17,2024-04-18,2024-05-01,10,10,0.12759534144194198
10,11,ridge_base_alpha_0.0001,10,2024-05-01,2024-05-02,2024-05-15,10,10,0.34553448555078664
10,11,ridge_base_alpha_0.0001,11,2024-05-15,2024-05-16,2024-05-29,10,10,0.22313847456702166
10,11,ridge_base_alpha_0.0001,12,2024-05-29,2024-05-30,2024-06-12,10,10,0.17695026244938053
10,11,ridge_base_alpha_0.0001,13,2024-06-12,2024-06-13,2024-06-26,10,10,0.12478248773200816
10,11,ridge_base_alpha_0.0001,14,2024-06-26,2024-06-27,2024-07-10,10,10,0.1753096905939723
10,11,ridge_base_alpha_0.0001,15,2024-07-10,2024-07-11,2024-07-24,10,10,0.21668659219339115
10,11,ridge_base_alpha_0.0001,16,2024-07-24,2024-07-25,2024-08-07,10,10,0.0993136706448238
10,11,ridge_base_alpha_0.0001,17,2024-08-07,2024-08-08,2024-08-21,10,10,0.25882332543560743
10,11,ridge_base_alpha_0.0001,18,2024-08-21,2024-08-22,2024-09-04,10,10,0.19179745608058432
10,11,ridge_base_alpha_0.0001,19,2024-09-04,2024-09-05,2024-09-18,10,10,0.22236405731308923
10,11,ridge_base_alpha_0.0001,20,2024-09-18,2024-09-19,2024-10-02,10,10,0.08410461411877128
10,11,ridge_base_alpha_0.0001,21,2024-10-02,2024-10-03,2024-10-16,10,10,0.179884906587242
10,11,ridge_base_alpha_0.0001,22,2024-10-16,2024-10-17,2024-10-30,10,10,0.13700100997085282
10,11,ridge_base_alpha_0.0001,23,2024-10-30,2024-10-31,2024-11-13,10,10,0.11233101593990613
10,11,ridge_base_alpha_0.0001,24,2024-11-13,2024-11-14,2024-11-27,10,10,0.5390211952537074
10,11,ridge_base_alpha_0.0001,25,2024-11-27,2024-11-28,2024-12-11,10,10,1.535622929531429
10,11,ridge_base_alpha_0.0001,26,2024-12-11,2024-12-12,2024-12-25,10,9,1.4365022577971818
10,11,ridge_base_alpha_0.0001,27,2024-12-25,2024-12-26,2024-12-31,4,4,1.770763721987429
10,12,ridge_base_alpha_0.0001,1,2023-12-27,2023-12-28,2024-01-10,10,9,0.8134477696748619
10,12,ridge_base_alpha_0.0001,2,2024-01-10,2024-01-11,2024-01-24,10,10,1.1479674055705364
10,12,ridge_base_alpha_0.0001,3,2024-01-24,2024-01-25,2024-02-07,10,10,0.8040366661870304
10,12,ridge_base_alpha_0.0001,4,2024-02-07,2024-02-08,2024-02-21,10,6,1.9040626500499602
10,12,ridge_base_alpha_0.0001,5,2024-02-21,2024-02-22,2024-03-06,10,10,1.633164727119661
10,12,ridge_base_alpha_0.0001,6,2024-03-06,2024-03-07,2024-03-20,10,10,1.8622367584958264
10,12,ridge_base_alpha_0.0001,7,2024-03-20,2024-03-21,2024-04-03,10,10,2.0
10,12,ridge_base_alpha_0.0001,8,2024-04-03,2024-04-04,2024-04-17,10,10,1.8749134593815626
10,12,ridge_base_alpha_0.0001,9,2024-04-17,2024-04-18,2024-05-01,10,10,1.6889928577684026
10,12,ridge_base_alpha_0.0001,10,2024-05-01,2024-05-02,2024-05-15,10,10,0.8031061321006391
10,12,ridge_base_alpha_0.0001,11,2024-05-15,2024-05-16,2024-05-29,10,10,1.2784836049861867
10,12,ridge_base_alpha_0.0001,12,2024-05-29,2024-05-30,2024-06-12,10,10,1.2671344204775958
10,12,ridge_base_alpha_0.0001,13,2024-06-12,2024-06-13,2024-06-26,10,10,0.6038730502372759
10,12,ridge_base_alpha_0.0001,14,2024-06-26,2024-06-27,2024-07-10,10,10,1.0034285542429362
10,12,ridge_base_alpha_0.0001,15,2024-07-10,2024-07-11,2024-07-24,10,10,1.3483715418501825
10,12,ridge_base_alpha_0.0001,16,2024-07-24,2024-07-25,2024-08-07,10,10,1.1308980042214647
10,12,ridge_base_alpha_0.0001,17,2024-08-07,2024-08-08,2024-08-21,10,10,1.2535299612248805
10,12,ridge_base_alpha_0.0001,18,2024-08-21,2024-08-22,2024-09-04,10,10,1.2255078718160677
10,12,ridge_base_alpha_0.0001,19,2024-09-04,2024-09-05,2024-09-18,10,10,1.0094321997849047
10,12,ridge_base_alpha_0.0001,20,2024-09-18,2024-09-19,2024-10-02,10,10,0.9743404306306283
10,12,ridge_base_alpha_0.0001,21,2024-10-02,2024-10-03,2024-10-16,10,10,0.9695109280932306
10,12,ridge_base_alpha_0.0001,22,2024-10-16,2024-10-17,2024-10-30,10,10,0.7924421807572598
10,12,ridge_base_alpha_0.0001,23,2024-10-30,2024-10-31,2024-11-13,10,10,1.0284727590947975
10,12,ridge_base_alpha_0.0001,24,2024-11-13,2024-11-14,2024-11-27,10,10,0.32526957418681035
10,12,ridge_base_alpha_0.0001,25,2024-11-27,2024-11-28,2024-12-11,10,10,1.1219874890459696
10,12,ridge_base_alpha_0.0001,26,2024-12-11,2024-12-12,2024-12-25,10,9,1.3072453946927152
10,12,ridge_base_alpha_0.0001,27,2024-12-25,2024-12-26,2024-12-31,4,4,2.0
10,13,ridge_base_alpha_0.0001,1,2023-12-27,2023-12-28,2024-01-10,10,9,2.0
10,13,ridge_base_alpha_0.0001,2,2024-01-10,2024-01-11,2024-01-24,10,10,2.0
10,13,ridge_base_alpha_0.0001,3,2024-01-24,2024-01-25,2024-02-07,10,10,1.9672921757518862
10,13,ridge_base_alpha_0.0001,4,2024-02-07,2024-02-08,2024-02-21,10,6,2.0
10,13,ridge_base_alpha_0.0001,5,2024-02-21,2024-02-22,2024-03-06,10,10,2.0
10,13,ridge_base_alpha_0.0001,6,2024-03-06,2024-03-07,2024-03-20,10,10,1.6348926816215397
10,13,ridge_base_alpha_0.0001,7,2024-03-20,2024-03-21,2024-04-03,10,10,1.5668078209575216
10,13,ridge_base_alpha_0.0001,8,2024-04-03,2024-04-04,2024-04-17,10,10,2.0
10,13,ridge_base_alpha_0.0001,9,2024-04-17,2024-04-18,2024-05-01,10,10,1.5425333737690181
10,13,ridge_base_alpha_0.0001,10,2024-05-01,2024-05-02,2024-05-15,10,10,0.9628119224599339
10,13,ridge_base_alpha_0.0001,11,2024-05-15,2024-05-16,2024-05-29,10,10,2.0
10,13,ridge_base_alpha_0.0001,12,2024-05-29,2024-05-30,2024-06-12,10,10,1.8436611804417826
10,13,ridge_base_alpha_0.0001,13,2024-06-12,2024-06-13,2024-06-26,10,10,1.9338742646648541
10,13,ridge_base_alpha_0.0001,14,2024-06-26,2024-06-27,2024-07-10,10,10,1.9186131241372952
10,13,ridge_base_alpha_0.0001,15,2024-07-10,2024-07-11,2024-07-24,10,10,1.709904472288606
10,13,ridge_base_alpha_0.0001,16,2024-07-24,2024-07-25,2024-08-07,10,10,1.567779708005073
10,13,ridge_base_alpha_0.0001,17,2024-08-07,2024-08-08,2024-08-21,10,10,1.6550534310357592
10,13,ridge_base_alpha_0.0001,18,2024-08-21,2024-08-22,2024-09-04,10,10,1.545833473437611
10,13,ridge_base_alpha_0.0001,19,2024-09-04,2024-09-05,2024-09-18,10,10,1.88681092050632
10,13,ridge_base_alpha_0.0001,20,2024-09-18,2024-09-19,2024-10-02,10,10,1.98011311269963
10,13,ridge_base_alpha_0.0001,21,2024-10-02,2024-10-03,2024-10-16,10,10,1.601099052335499
10,13,ridge_base_alpha_0.0001,22,2024-10-16,2024-10-17,2024-10-30,10,10,2.0
10,13,ridge_base_alpha_0.0001,23,2024-10-30,2024-10-31,2024-11-13,10,10,2.0
10,13,ridge_base_alpha_0.0001,24,2024-11-13,2024-11-14,2024-11-27,10,10,2.0
10,13,ridge_base_alpha_0.0001,25,2024-11-27,2024-11-28,2024-12-11,10,10,1.9753973013286175
10,13,ridge_base_alpha_0.0001,26,2024-12-11,2024-12-12,2024-12-25,10,9,1.9182300447555911
10,13,ridge_base_alpha_0.0001,27,2024-12-25,2024-12-26,2024-12-31,4,4,1.6382766468046834
10,2,ridge_dow_alpha_0.001,1,2023-12-27,2023-12-28,2024-01-10,10,9,0.20268457944678028
10,2,ridge_dow_alpha_0.001,2,2024-01-10,2024-01-11,2024-01-24,10,10,0.3040585880088726
10,2,ridge_dow_alpha_0.001,3,2024-01-24,2024-01-25,2024-02-07,10,10,0.15473010861188083
10,2,ridge_dow_alpha_0.001,4,2024-02-07,2024-02-08,2024-02-21,10,6,0.09886114324325745
10,2,ridge_dow_alpha_0.001,5,2024-02-21,2024-02-22,2024-03-06,10,10,0.0860946280811181
10,2,ridge_dow_alpha_0.001,6,2024-03-06,2024-03-07,2024-03-20,10,10,0.11519925980206541
10,2,ridge_dow_alpha_0.001,7,2024-03-20,2024-03-21,2024-04-03,10,10,0.15950736999588386
10,2,ridge_dow_alpha_0.001,8,2024-04-03,2024-04-04,2024-04-17,10,10,0.17352787237258843
10,2,ridge_dow_alpha_0.001,9,2024-04-17,2024-04-18,2024-05-01,10,10,0.2272050448076727
10,2,ridge_dow_alpha_0.001,10,2024-05-01,2024-05-02,2024-05-15,10,10,0.1601466351899657
10,2,ridge_dow_alpha_0.001,11,2024-05-15,2024-05-16,2024-05-29,10,10,0.17623648098941766
10,2,ridge_dow_alpha_0.001,12,2024-05-29,2024-05-30,2024-06-12,10,10,0.09754398057406795
10,2,ridge_dow_alpha_0.001,13,2024-06-12,2024-06-13,2024-06-26,10,10,0.13711229057153304
10,2,ridge_dow_alpha_0.001,14,2024-06-26,2024-06-27,2024-07-10,10,10,0.12099887505472218
10,2,ridge_dow_alpha_0.001,15,2024-07-10,2024-07-11,2024-07-24,10,10,0.11779363448050689
10,2,ridge_dow_alpha_0.001,16,2024-07-24,2024-07-25,2024-08-07,10,10,0.07770853486973069
10,2,ridge_dow_alpha_0.001,17,2024-08-07,2024-08-08,2024-08-21,10,10,0.06266186146631403
10,2,ridge_dow_alpha_0.001,18,2024-08-21,2024-08-22,2024-09-04,10,10,0.08856063145923421
10,2,ridge_dow_alpha_0.001,19,2024-09-04,2024-09-05,2024-09-18,10,10,0.0544646387548587
10,2,ridge_dow_alpha_0.001,20,2024-09-18,2024-09-19,2024-10-02,10,10,0.07016781467187712
10,2,ridge_dow_alpha_0.001,21,2024-10-02,2024-10-03,2024-10-16,10,10,0.20345622235245783
10,2,ridge_dow_alpha_0.001,22,2024-10-16,2024-10-17,2024-10-30,10,10,0.08285737111868138
10,2,ridge_dow_alpha_0.001,23,2024-10-30,2024-10-31,2024-11-13,10,10,0.1327530581168462
10,2,ridge_dow_alpha_0.001,24,2024-11-13,2024-11-14,2024-11-27,10,10,0.09556559167043183
10,2,ridge_dow_alpha_0.001,25,2024-11-27,2024-11-28,2024-12-11,10,10,0.14764856078168842
10,2,ridge_dow_alpha_0.001,26,2024-12-11,2024-12-12,2024-12-25,10,9,0.11206440948055106
10,2,ridge_dow_alpha_0.001,27,2024-12-25,2024-12-26,2024-12-31,4,4,0.13483294579487662
10,10,ridge_dow_alpha_0.001,1,2023-12-27,2023-12-28,2024-01-10,10,9,0.1271307757356166
10,10,ridge_dow_alpha_0.001,2,2024-01-10,2024-01-11,2024-01-24,10,10,0.10162001022562356
10,10,ridge_dow_alpha_0.001,3,2024-01-24,2024-01-25,2024-02-07,10,10,0.11877245406025737
10,10,ridge_dow_alpha_0.001,4,2024-02-07,2024-02-08,2024-02-21,10,6,0.12614088396755413
10,10,ridge_dow_alpha_0.001,5,2024-02-21,2024-02-22,2024-03-06,10,10,0.11292269829679534
10,10,ridge_dow_alpha_0.001,6,2024-03-06,2024-03-07,2024-03-20,10,10,0.09943398383927876
10,10,ridge_dow_alpha_0.001,7,2024-03-20,2024-03-21,2024-04-03,10,10,0.11789147655052204
10,10,ridge_dow_alpha_0.001,8,2024-04-03,2024-04-04,2024-04-17,10,10,0.1193258104510639
10,10,ridge_dow_alpha_0.001,9,2024-04-17,2024-04-18,2024-05-01,10,10,0.19972498440451975
10,10,ridge_dow_alpha_0.001,10,2024-05-01,2024-05-02,2024-05-15,10,10,0.15880934571195227
10,10,ridge_dow_alpha_0.001,11,2024-05-15,2024-05-16,2024-05-29,10,10,0.18332368595598608
10,10,ridge_dow_alpha_0.001,12,2024-05-29,2024-05-30,2024-06-12,10,10,0.11958610470379138
10,10,ridge_dow_alpha_0.001,13,2024-06-12,2024-06-13,2024-06-26,10,10,0.03627613538614032
10,10,ridge_dow_alpha_0.001,14,2024-06-26,2024-06-27,2024-07-10,10,10,0.09013484957039052
10,10,ridge_dow_alpha_0.001,15,2024-07-10,2024-07-11,2024-07-24,10,10,0.06054845795403246
10,10,ridge_dow_alpha_0.001,16,2024-07-24,2024-07-25,2024-08-07,10,10,0.07393563530362487
10,10,ridge_dow_alpha_0.001,17,2024-08-07,2024-08-08,2024-08-21,10,10,0.14487608755338985
10,10,ridge_dow_alpha_0.001,18,2024-08-21,2024-08-22,2024-09-04,10,10,0.07110194197469573
10,10,ridge_dow_alpha_0.001,19,2024-09-04,2024-09-05,2024-09-18,10,10,0.055695902081068595
10,10,ridge_dow_alpha_0.001,20,2024-09-18,2024-09-19,2024-10-02,10,10,0.061150570660065164
10,10,ridge_dow_alpha_0.001,21,2024-10-02,2024-10-03,2024-10-16,10,10,0.1597775775780343
10,10,ridge_dow_alpha_0.001,22,2024-10-16,2024-10-17,2024-10-30,10,10,0.054637268456733945
10,10,ridge_dow_alpha_0.001,23,2024-10-30,2024-10-31,2024-11-13,10,10,0.05749404408152298
10,10,ridge_dow_alpha_0.001,24,2024-11-13,2024-11-14,2024-11-27,10,10,0.09112485633019035
10,10,ridge_dow_alpha_0.001,25,2024-11-27,2024-11-28,2024-12-11,10,10,0.0665358466077611
10,10,ridge_dow_alpha_0.001,26,2024-12-11,2024-12-12,2024-12-25,10,9,0.08281048855882706
10,10,ridge_dow_alpha_0.001,27,2024-12-25,2024-12-26,2024-12-31,4,4,0.17031816171009354
10,2,ridge_dow_alpha_0.0001,1,2023-12-27,2023-12-28,2024-01-10,10,9,0.20230708117947738
10,2,ridge_dow_alpha_0.0001,2,2024-01-10,2024-01-11,2024-01-24,10,10,0.30364801037674954
10,2,ridge_dow_alpha_0.0001,3,2024-01-24,2024-01-25,2024-02-07,10,10,0.15356972009275238
10,2,ridge_dow_alpha_0.0001,4,2024-02-07,2024-02-08,2024-02-21,10,6,0.09738139272383507
10,2,ridge_dow_alpha_0.0001,5,2024-02-21,2024-02-22,2024-03-06,10,10,0.08580742279173978
10,2,ridge_dow_alpha_0.0001,6,2024-03-06,2024-03-07,2024-03-20,10,10,0.11486921847823417
10,2,ridge_dow_alpha_0.0001,7,2024-03-20,2024-03-21,2024-04-03,10,10,0.1597446682646496
10,2,ridge_dow_alpha_0.0001,8,2024-04-03,2024-04-04,2024-04-17,10,10,0.17289935642883722
10,2,ridge_dow_alpha_0.0001,9,2024-04-17,2024-04-18,2024-05-01,10,10,0.22753206018970684
10,2,ridge_dow_alpha_0.0001,10,2024-05-01,2024-05-02,2024-05-15,10,10,0.16065188939032204
10,2,ridge_dow_alpha_0.0001,11,2024-05-15,2024-05-16,2024-05-29,10,10,0.1760828087543005
10,2,ridge_dow_alpha_0.0001,12,2024-05-29,2024-05-30,2024-06-12,10,10,0.09813504214308727
10,2,ridge_dow_alpha_0.0001,13,2024-06-12,2024-06-13,2024-06-26,10,10,0.13734535379847249
10,2,ridge_dow_alpha_0.0001,14,2024-06-26,2024-06-27,2024-07-10,10,10,0.12122785407077759
10,2,ridge_dow_alpha_0.0001,15,2024-07-10,2024-07-11,2024-07-24,10,10,0.11814895923965041
10,2,ridge_dow_alpha_0.0001,16,2024-07-24,2024-07-25,2024-08-07,10,10,0.0778247763169918
10,2,ridge_dow_alpha_0.0001,17,2024-08-07,2024-08-08,2024-08-21,10,10,0.06258044167469073
10,2,ridge_dow_alpha_0.0001,18,2024-08-21,2024-08-22,2024-09-04,10,10,0.08851016885840596
10,2,ridge_dow_alpha_0.0001,19,2024-09-04,2024-09-05,2024-09-18,10,10,0.05451048233251803
10,2,ridge_dow_alpha_0.0001,20,2024-09-18,2024-09-19,2024-10-02,10,10,0.07009978627712048
10,2,ridge_dow_alpha_0.0001,21,2024-10-02,2024-10-03,2024-10-16,10,10,0.20340764030786407
10,2,ridge_dow_alpha_0.0001,22,2024-10-16,2024-10-17,2024-10-30,10,10,0.08286359466385157
10,2,ridge_dow_alpha_0.0001,23,2024-10-30,2024-10-31,2024-11-13,10,10,0.13270184756723344
10,2,ridge_dow_alpha_0.0001,24,2024-11-13,2024-11-14,2024-11-27,10,10,0.09540604453109933
10,2,ridge_dow_alpha_0.0001,25,2024-11-27,2024-11-28,2024-12-11,10,10,0.14776856766170948
10,2,ridge_dow_alpha_0.0001,26,2024-12-11,2024-12-12,2024-12-25,10,9,0.11192353665586008
10,2,ridge_dow_alpha_0.0001,27,2024-12-25,2024-12-26,2024-12-31,4,4,0.1349678607982556
10,10,ridge_dow_alpha_0.0001,1,2023-12-27,2023-12-28,2024-01-10,10,9,0.1270729325843373
10,10,ridge_dow_alpha_0.0001,2,2024-01-10,2024-01-11,2024-01-24,10,10,0.10163416626714146
10,10,ridge_dow_alpha_0.0001,3,2024-01-24,2024-01-25,2024-02-07,10,10,0.1187703749589884
10,10,ridge_dow_alpha_0.0001,4,2024-02-07,2024-02-08,2024-02-21,10,6,0.12592587999302543
10,10,ridge_dow_alpha_0.0001,5,2024-02-21,2024-02-22,2024-03-06,10,10,0.11286429132066163
10,10,ridge_dow_alpha_0.0001,6,2024-03-06,2024-03-07,2024-03-20,10,10,0.09928513917383788
10,10,ridge_dow_alpha_0.0001,7,2024-03-20,2024-03-21,2024-04-03,10,10,0.11763719459890265
10,10,ridge_dow_alpha_0.0001,8,2024-04-03,2024-04-04,2024-04-17,10,10,0.11972670545066853
10,10,ridge_dow_alpha_0.0001,9,2024-04-17,2024-04-18,2024-05-01,10,10,0.1997394284683809
10,10,ridge_dow_alpha_0.0001,10,2024-05-01,2024-05-02,2024-05-15,10,10,0.15863811254745552
10,10,ridge_dow_alpha_0.0001,11,2024-05-15,2024-05-16,2024-05-29,10,10,0.18344710127411254
10,10,ridge_dow_alpha_0.0001,12,2024-05-29,2024-05-30,2024-06-12,10,10,0.11993708064345442
10,10,ridge_dow_alpha_0.0001,13,2024-06-12,2024-06-13,2024-06-26,10,10,0.03636883998794612
10,10,ridge_dow_alpha_0.0001,14,2024-06-26,2024-06-27,2024-07-10,10,10,0.08997631660282393
10,10,ridge_dow_alpha_0.0001,15,2024-07-10,2024-07-11,2024-07-24,10,10,0.060447603351929315
10,10,ridge_dow_alpha_0.0001,16,2024-07-24,2024-07-25,2024-08-07,10,10,0.07391602650283541
10,10,ridge_dow_alpha_0.0001,17,2024-08-07,2024-08-08,2024-08-21,10,10,0.1449096348601725
10,10,ridge_dow_alpha_0.0001,18,2024-08-21,2024-08-22,2024-09-04,10,10,0.07114692481392204
10,10,ridge_dow_alpha_0.0001,19,2024-09-04,2024-09-05,2024-09-18,10,10,0.055723474453532255
10,10,ridge_dow_alpha_0.0001,20,2024-09-18,2024-09-19,2024-10-02,10,10,0.061240266370671315
10,10,ridge_dow_alpha_0.0001,21,2024-10-02,2024-10-03,2024-10-16,10,10,0.15975385146065346
10,10,ridge_dow_alpha_0.0001,22,2024-10-16,2024-10-17,2024-10-30,10,10,0.054406752782275
10,10,ridge_dow_alpha_0.0001,23,2024-10-30,2024-10-31,2024-11-13,10,10,0.05730929828494811
10,10,ridge_dow_alpha_0.0001,24,2024-11-13,2024-11-14,2024-11-27,10,10,0.09132853093784923
10,10,ridge_dow_alpha_0.0001,25,2024-11-27,2024-11-28,2024-12-11,10,10,0.06649277289615182
10,10,ridge_dow_alpha_0.0001,26,2024-12-11,2024-12-12,2024-12-25,10,9,0.0828055732886324
10,10,ridge_dow_alpha_0.0001,27,2024-12-25,2024-12-26,2024-12-31,4,4,0.170231808559622
