horizon,material,model,fold,train_end,test_start,test_end,n_test,n_observed,smape
10,1,naive,1,2023-12-27,2023-12-28,2024-01-10,10,9,0.1257788651650627
10,1,naive,2,2024-01-10,2024-01-11,2024-01-24,10,10,0.17095388982832715
10,1,naive,3,2024-01-24,2024-01-25,2024-02-07,10,10,0.18005375667343715
10,1,naive,4,2024-02-07,2024-02-08,2024-02-21,10,6,0.092236235430702
10,1,naive,5,2024-02-21,2024-02-22,2024-03-06,10,10,0.11766017436401835
10,1,naive,6,2024-03-06,2024-03-07,2024-03-20,10,10,0.08210209393216
10,1,naive,7,2024-03-20,2024-03-21,2024-04-03,10,10,0.18968797283682282
10,1,naive,8,2024-04-03,2024-04-04,2024-04-17,10,10,0.1798390598943372
10,1,naive,9,2024-04-17,2024-04-18,2024-05-01,10,10,0.27372899311896803
10,1,naive,10,2024-05-01,2024-05-02,2024-05-15,10,10,0.403385525650376
10,1,naive,11,2024-05-15,2024-05-16,2024-05-29,10,10,0.15811923102021952
10,1,naive,12,2024-05-29,2024-05-30,2024-06-12,10,10,0.1736017437354389
10,1,naive,13,2024-06-12,2024-06-13,2024-06-26,10,10,0.22178563168665433
10,1,naive,14,2024-06-26,2024-06-27,2024-07-10,10,10,0.10629657186683868
10,1,naive,15,2024-07-10,2024-07-11,2024-07-24,10,10,0.08041975402350487
10,1,naive,16,2024-07-24,2024-07-25,2024-08-07,10,10,0.09552775744822274
10,1,naive,17,2024-08-07,2024-08-08,2024-08-21,10,10,0.11131513600308914
10,1,naive,18,2024-08-21,2024-08-22,2024-09-04,10,10,0.07067294985021844
10,1,naive,19,2024-09-04,2024-09-05,2024-09-18,10,10,0.09963842008654791
10,1,naive,20,2024-09-18,2024-09-19,2024-10-02,10,10,0.09240521694453244
10,1,naive,21,2024-10-02,2024-10-03,2024-10-16,10,10,0.07950068538688605
10,1,naive,22,2024-10-16,2024-10-17,2024-10-30,10,10,0.08674398899451105
10,1,naive,23,2024-10-30,2024-10-31,2024-11-13,10,10,0.07739838910874211
10,1,naive,24,2024-11-13,2024-11-14,2024-11-27,10,10,0.10072602732200896
10,1,naive,25,2024-11-27,2024-11-28,2024-12-11,10,10,0.08923820877389987
10,1,naive,26,2024-12-11,2024-12-12,2024-12-25,10,9,0.09076857758606842
10,1,naive,27,2024-12-25,2024-12-26,2024-12-31,4,4,0.11348203035453319
10,2,naive,1,2023-12-27,2023-12-28,2024-01-10,10,9,2.0
10,2,naive,2,2024-01-10,2024-01-11,2024-01-24,10,10,0.2085428702456712
10,2,naive,3,2024-01-24,2024-01-25,2024-02-07,10,10,0.10293193197231354
10,2,naive,4,2024-02-07,2024-02-08,2024-02-21,10,6,0.08408561505858711
10,2,naive,5,2024-02-21,2024-02-22,2024-03-06,10,10,0.12101143141999447
10,2,naive,6,2024-03-06,2024-03-07,2024-03-20,10,10,0.04865934067289643
10,2,naive,7,2024-03-20,2024-03-21,2024-04-03,10,10,0.22333794130395757
10,2,naive,8,2024-04-03,2024-04-04,2024-04-17,10,10,0.1989717603166568
10,2,naive,9,2024-04-17,2024-04-18,2024-05-01,10,10,0.29671500809913354
10,2,naive,10,2024-05-01,2024-05-02,2024-05-15,10,10,0.2181535242255094
10,2,naive,11,2024-05-15,2024-05-16,2024-05-29,10,10,0.18439387637869997
10,2,naive,12,2024-05-29,2024-05-30,2024-06-12,10,10,0.22780469093039812
10,2,naive,13,2024-06-12,2024-06-13,2024-06-26,10,10,0.12840649951207572
10,2,naive,14,2024-06-26,2024-06-27,2024-07-10,10,10,0.23314920005708353
10,2,naive,15,2024-07-10,2024-07-11,2024-07-24,10,10,0.16211370927538726
10,2,naive,16,2024-07-24,2024-07-25,2024-08-07,10,10,0.09634195526867631
10,2,naive,17,2024-08-07,2024-08-08,2024-08-21,10,10,0.19066180539877198
10,2,naive,18,2024-08-21,2024-08-22,2024-09-04,10,10,0.0924760947161812
10,2,naive,19,2024-09-04,2024-09-05,2024-09-18,10,10,0.057528610803008765
10,2,naive,20,2024-09-18,2024-09-19,2024-10-02,10,10,0.09285643799930032
10,2,naive,21,2024-10-02,2024-10-03,2024-10-16,10,10,0.22121727619160542
10,2,naive,22,2024-10-16,2024-10-17,2024-10-30,10,10,0.12622692278293443
10,2,naive,23,2024-10-30,2024-10-31,2024-11-13,10,10,0.11704265193221719
10,2,naive,24,2024-11-13,2024-11-14,2024-11-27,10,10,0.15819012832979956
10,2,naive,25,2024-11-27,2024-11-28,2024-12-11,10,10,0.1144371521051524
10,2,naive,26,2024-12-11,2024-12-12,2024-12-25,10,9,0.08307302861093008
10,2,naive,27,2024-12-25,2024-12-26,2024-12-31,4,4,0.13214616177424165
10,3,naive,1,2023-12-27,2023-12-28,2024-01-10,10,9,0.14307417947626838
10,3,naive,2,2024-01-10,2024-01-11,2024-01-24,10,10,0.21011855281729397
10,3,naive,3,2024-01-24,2024-01-25,2024-02-07,10,10,0.10037356481985367
10,3,naive,4,2024-02-07,2024-02-08,2024-02-21,10,6,0.12295304878618192
10,3,naive,5,2024-02-21,2024-02-22,2024-03-06,10,10,0.06103164774114578
10,3,naive,6,2024-03-06,2024-03-07,2024-03-20,10,10,0.1065918922288996
10,3,naive,7,2024-03-20,2024-03-21,2024-04-03,10,10,0.13871497949875508
10,3,naive,8,2024-04-03,2024-04-04,2024-04-17,10,10,0.09532892902922985
10,3,naive,9,2024-04-17,2024-04-18,2024-05-01,10,10,0.42814932928004357
10,3,naive,10,2024-05-01,2024-05-02,2024-05-15,10,10,0.1419875781695495
10,3,naive,11,2024-05-15,2024-05-16,2024-05-29,10,10,0.3267396892448189
10,3,naive,12,2024-05-29,2024-05-30,2024-06-12,10,10,0.12611734040086545
10,3,naive,13,2024-06-12,2024-06-13,2024-06-26,10,10,0.11117592258861558
10,3,naive,14,2024-06-26,2024-06-27,2024-07-10,10,10,0.11000764977395659
10,3,naive,15,2024-07-10,2024-07-11,2024-07-24,10,10,0.1679185496795598
10,3,naive,16,2024-07-24,2024-07-25,2024-08-07,10,10,0.21923230512444017
10,3,naive,17,2024-08-07,2024-08-08,2024-08-21,10,10,0.37490888730542504
10,3,naive,18,2024-08-21,2024-08-22,2024-09-04,10,10,0.21368359944640056
10,3,naive,19,2024-09-04,2024-09-05,2024-09-18,10,10,0.13353072141918287
10,3,naive,20,2024-09-18,2024-09-19,2024-10-02,10,10,0.08842732866355257
10,3,naive,21,2024-10-02,2024-10-03,2024-10-16,10,10,0.1269070377897354
10,3,naive,22,2024-10-16,2024-10-17,2024-10-30,10,10,0.09970001123999257
10,3,naive,23,2024-10-30,2024-10-31,2024-11-13,10,10,0.08009516923215994
10,3,naive,24,2024-11-13,2024-11-14,2024-11-27,10,10,0.11980721798322813
10,3,naive,25,2024-11-27,2024-11-28,2024-12-11,10,10,0.3707985781672281
10,3,naive,26,2024-12-11,2024-12-12,2024-12-25,10,9,0.0775079150610722
10,3,naive,27,2024-12-25,2024-12-26,2024-12-31,4,4,0.5814472352253873
10,4,naive,1,2023-12-27,2023-12-28,2024-01-10,10,9,2.0
10,4,naive,2,2024-01-10,2024-01-11,2024-01-24,10,10,0.1551671547790523
10,4,naive,3,2024-01-24,2024-01-25,2024-02-07,10,10,0.10384739629095417
10,4,naive,4,2024-02-07,2024-02-08,2024-02-21,10,6,0.1476330086308764
10,4,naive,5,2024-02-21,2024-02-22,2024-03-06,10,10,0.3452937808995523
10,4,naive,6,2024-03-06,2024-03-07,2024-03-20,10,10,0.05304087304107278
10,4,naive,7,2024-03-20,2024-03-21,2024-04-03,10,10,0.17668765939489992
10,4,naive,8,2024-04-03,2024-04-04,2024-04-17,10,10,0.15141566060543168
10,4,naive,9,2024-04-17,2024-04-18,2024-05-01,10,10,0.20668446992285935
10,4,naive,10,2024-05-01,2024-05-02,2024-05-15,10,10,0.232663640304245
10,4,naive,11,2024-05-15,2024-05-16,2024-05-29,10,10,0.20948024548919536
10,4,naive,12,2024-05-29,2024-05-30,2024-06-12,10,10,0.2220196170780406
10,4,naive,13,2024-06-12,2024-06-13,2024-06-26,10,10,0.20775676488074635
10,4,naive,14,2024-06-26,2024-06-27,2024-07-10,10,10,0.12454794091422056
10,4,naive,15,2024-07-10,2024-07-11,2024-07-24,10,10,0.15913217353380146
10,4,naive,16,2024-07-24,2024-07-25,2024-08-07,10,10,0.17965346616785421
10,4,naive,17,2024-08-07,2024-08-08,2024-08-21,10,10,0.23010233167773855
10,4,naive,18,2024-08-21,2024-08-22,2024-09-04,10,10,0.1615649079780966
10,4,naive,19,2024-09-04,2024-09-05,2024-09-18,10,10,0.12302601187468323
10,4,naive,20,2024-09-18,2024-09-19,2024-10-02,10,10,0.09713295695811763
10,4,naive,21,2024-10-02,2024-10-03,2024-10-16,10,10,0.09438225702527506
10,4,naive,22,2024-10-16,2024-10-17,2024-10-30,10,10,0.2910184689506545
10,4,naive,23,2024-10-30,2024-10-31,2024-11-13,10,10,0.2042857282995065
10,4,naive,24,2024-11-13,2024-11-14,2024-11-27,10,10,0.19677619255803666
10,4,naive,25,2024-11-27,2024-11-28,2024-12-11,10,10,0.10999772716674186
10,4,naive,26,2024-12-11,2024-12-12,2024-12-25,10,9,0.12380606904785121
10,4,naive,27,2024-12-25,2024-12-26,2024-12-31,4,4,0.5790509085166018
10,5,naive,1,2023-12-27,2023-12-28,2024-01-10,10,9,0.08175018089613607
10,5,naive,2,2024-01-10,2024-01-11,2024-01-24,10,10,0.14216388147417514
10,5,naive,3,2024-01-24,2024-01-25,2024-02-07,10,10,0.13791201705403752
10,5,naive,4,2024-02-07,2024-02-08,2024-02-21,10,6,0.06071375466422905
10,5,naive,5,2024-02-21,2024-02-22,2024-03-06,10,10,0.1526834135554005
10,5,naive,6,2024-03-06,2024-03-07,2024-03-20,10,10,0.08773224935697972
10,5,naive,7,2024-03-20,2024-03-21,2024-04-03,10,10,0.1531766891153273
10,5,naive,8,2024-04-03,2024-04-04,2024-04-17,10,10,0.1664321699916972
10,5,naive,9,2024-04-17,2024-04-18,2024-05-01,10,10,0.1897116515851721
10,5,naive,10,2024-05-01,2024-05-02,2024-05-15,10,10,0.23932162649844418
10,5,naive,11,2024-05-15,2024-05-16,2024-05-29,10,10,0.24628339844671482
10,5,naive,12,2024-05-29,2024-05-30,2024-06-12,10,10,0.08495600591597152
10,5,naive,13,2024-06-12,2024-06-13,2024-06-26,10,10,0.13890503712534025
10,5,naive,14,2024-06-26,2024-06-27,2024-07-10,10,10,0.08929136738155063
10,5,naive,15,2024-07-10,2024-07-11,2024-07-24,10,10,0.17933256875154047
10,5,naive,16,2024-07-24,2024-07-25,2024-08-07,10,10,0.11262752644856343
10,5,naive,17,2024-08-07,2024-08-08,2024-08-21,10,10,0.13084888021943977
10,5,naive,18,2024-08-21,2024-08-22,2024-09-04,10,10,0.09802951353537447
10,5,naive,19,2024-09-04,2024-09-05,2024-09-18,10,10,0.05687516566162583
10,5,naive,20,2024-09-18,2024-09-19,2024-10-02,10,10,0.0552602742018801
10,5,naive,21,2024-10-02,2024-10-03,2024-10-16,10,10,0.16950559331262952
10,5,naive,22,2024-10-16,2024-10-17,2024-10-30,10,10,0.037686405495167434
10,5,naive,23,2024-10-30,2024-10-31,2024-11-13,10,10,0.08566257065071461
10,5,naive,24,2024-11-13,2024-11-14,2024-11-27,10,10,0.10568307533014742
10,5,naive,25,2024-11-27,2024-11-28,2024-12-11,10,10,0.0779682619635951
10,5,naive,26,2024-12-11,2024-12-12,2024-12-25,10,9,0.05010796962814117
10,5,naive,27,2024-12-25,2024-12-26,2024-12-31,4,4,0.14778438076521627
10,6,naive,1,2023-12-27,2023-12-28,2024-01-10,10,9,0.0848887148007359
10,6,naive,2,2024-01-10,2024-01-11,2024-01-24,10,10,0.1766647440276362
10,6,naive,3,2024-01-24,2024-01-25,2024-02-07,10,10,0.13908921805675087
10,6,naive,4,2024-02-07,2024-02-08,2024-02-21,10,6,0.11797839468346423
10,6,naive,5,2024-02-21,2024-02-22,2024-03-06,10,10,0.29695917957897117
10,6,naive,6,2024-03-06,2024-03-07,2024-03-20,10,10,0.12653061397739257
10,6,naive,7,2024-03-20,2024-03-21,2024-04-03,10,10,0.15199941722339722
10,6,naive,8,2024-04-03,2024-04-04,2024-04-17,10,10,0.06910533815979414
10,6,naive,9,2024-04-17,2024-04-18,2024-05-01,10,10,0.24895156298219626
10,6,naive,10,2024-05-01,2024-05-02,2024-05-15,10,10,0.13519390295571393
10,6,naive,11,2024-05-15,2024-05-16,2024-05-29,10,10,0.26410778728081014
10,6,naive,12,2024-05-29,2024-05-30,2024-06-12,10,10,0.09244824152935305
10,6,naive,13,2024-06-12,2024-06-13,2024-06-26,10,10,0.1663219959758434
10,6,naive,14,2024-06-26,2024-06-27,2024-07-10,10,10,0.125894779216796
10,6,naive,15,2024-07-10,2024-07-11,2024-07-24,10,10,0.13405760426135713
10,6,naive,16,2024-07-24,2024-07-25,2024-08-07,10,10,0.1354498158990134
10,6,naive,17,2024-08-07,2024-08-08,2024-08-21,10,10,0.12572384287514926
10,6,naive,18,2024-08-21,2024-08-22,2024-09-04,10,10,0.18660200366068494
10,6,naive,19,2024-09-04,2024-09-05,2024-09-18,10,10,0.06410474370096447
10,6,naive,20,2024-09-18,2024-09-19,2024-10-02,10,10,0.11726466542299824
10,6,naive,21,2024-10-02,2024-10-03,2024-10-16,10,10,0.0892559676341568
10,6,naive,22,2024-10-16,2024-10-17,2024-10-30,10,10,0.09620280586571615
10,6,naive,23,2024-10-30,2024-10-31,2024-11-13,10,10,0.09711732860134736
10,6,naive,24,2024-11-13,2024-11-14,2024-11-27,10,10,0.060801675066292665
10,6,naive,25,2024-11-27,2024-11-28,2024-12-11,10,10,0.1653296637051398
10,6,naive,26,2024-12-11,2024-12-12,2024-12-25,10,9,0.10368733496900116
10,6,naive,27,2024-12-25,2024-12-26,2024-12-31,4,4,0.18005493588667315
10,7,naive,1,2023-12-27,2023-12-28,2024-01-10,10,9,2.0
10,7,naive,2,2024-01-10,2024-01-11,2024-01-24,10,10,0.330434414381234
10,7,naive,3,2024-01-24,2024-01-25,2024-02-07,10,10,0.26827097443171266
10,7,naive,4,2024-02-07,2024-02-08,2024-02-21,10,6,0.1895523471388189
10,7,naive,5,2024-02-21,2024-02-22,2024-03-06,10,10,0.3627075117610642
10,7,naive,6,2024-03-06,2024-03-07,2024-03-20,10,10,0.21749783372143794
10,7,naive,7,2024-03-20,2024-03-21,2024-04-03,10,10,0.2712660671520706
10,7,naive,8,2024-04-03,2024-04-04,2024-04-17,10,10,0.21233460873725707
10,7,naive,9,2024-04-17,2024-04-18,2024-05-01,10,10,0.3141680078130813
10,7,naive,10,2024-05-01,2024-05-02,2024-05-15,10,10,0.18073340983582886
10,7,naive,11,2024-05-15,2024-05-16,2024-05-29,10,10,0.35561635418859877
10,7,naive,12,2024-05-29,2024-05-30,2024-06-12,10,10,0.22247146681435642
10,7,naive,13,2024-06-12,2024-06-13,2024-06-26,10,10,0.16040267585508383
10,7,naive,14,2024-06-26,2024-06-27,2024-07-10,10,10,0.16780457355706802
10,7,naive,15,2024-07-10,2024-07-11,2024-07-24,10,10,0.30407110665378306
10,7,naive,16,2024-07-24,2024-07-25,2024-08-07,10,10,0.296863079209157
10,7,naive,17,2024-08-07,2024-08-08,2024-08-21,10,10,0.4003618111000935
10,7,naive,18,2024-08-21,2024-08-22,2024-09-04,10,10,0.282345133621896
10,7,naive,19,2024-09-04,2024-09-05,2024-09-18,10,10,0.3263089068780107
10,7,naive,20,2024-09-18,2024-09-19,2024-10-02,10,10,0.25446719168388116
10,7,naive,21,2024-10-02,2024-10-03,2024-10-16,10,10,0.2737014366392787
10,7,naive,22,2024-10-16,2024-10-17,2024-10-30,10,10,0.28786808412798365
10,7,naive,23,2024-10-30,2024-10-31,2024-11-13,10,10,0.36752924658775427
10,7,naive,24,2024-11-13,2024-11-14,2024-11-27,10,10,0.17889588790727806
10,7,naive,25,2024-11-27,2024-11-28,2024-12-11,10,10,0.16104438049146524
10,7,naive,26,2024-12-11,2024-12-12,2024-12-25,10,9,0.18376143969870534
10,7,naive,27,2024-12-25,2024-12-26,2024-12-31,4,4,0.7908400498000967
10,8,naive,1,2023-12-27,2023-12-28,2024-01-10,10,9,0.8667559001253714
10,8,naive,2,2024-01-10,2024-01-11,2024-01-24,10,10,0.3729547622513193
10,8,naive,3,2024-01-24,2024-01-25,2024-02-07,10,10,0.22711707429462297
10,8,naive,4,2024-02-07,2024-02-08,2024-02-21,10,6,0.27582107223114255
10,8,naive,5,2024-02-21,2024-02-22,2024-03-06,10,10,0.12656157496830753
10,8,naive,6,2024-03-06,2024-03-07,2024-03-20,10,10,0.11314411771676702
10,8,naive,7,2024-03-20,2024-03-21,2024-04-03,10,10,0.2692166165248778
10,8,naive,8,2024-04-03,2024-04-04,2024-04-17,10,10,0.2599640774255073
10,8,naive,9,2024-04-17,2024-04-18,2024-05-01,10,10,0.20419598520936866
10,8,naive,10,2024-05-01,2024-05-02,2024-05-15,10,10,0.19299518261099916
10,8,naive,11,2024-05-15,2024-05-16,2024-05-29,10,10,0.36906310492785793
10,8,naive,12,2024-05-29,2024-05-30,2024-06-12,10,10,0.15561315928554287
10,8,naive,13,2024-06-12,2024-06-13,2024-06-26,10,10,0.10114682958568258
10,8,naive,14,2024-06-26,2024-06-27,2024-07-10,10,10,0.4018736024088496
10,8,naive,15,2024-07-10,2024-07-11,2024-07-24,10,10,0.10915316398115525
10,8,naive,16,2024-07-24,2024-07-25,2024-08-07,10,10,0.20066192771601188
10,8,naive,17,2024-08-07,2024-08-08,2024-08-21,10,10,0.20380109925765233
10,8,naive,18,2024-08-21,2024-08-22,2024-09-04,10,10,0.23306898857276367
10,8,naive,19,2024-09-04,2024-09-05,2024-09-18,10,10,0.083686896102846
10,8,naive,20,2024-09-18,2024-09-19,2024-10-02,10,10,0.2536944315388699
10,8,naive,21,2024-10-02,2024-10-03,2024-10-16,10,10,0.21243659816622326
10,8,naive,22,2024-10-16,2024-10-17,2024-10-30,10,10,0.07780518247126396
10,8,naive,23,2024-10-30,2024-10-31,2024-11-13,10,10,0.1378599283751544
10,8,naive,24,2024-11-13,2024-11-14,2024-11-27,10,10,0.1517266530337935
10,8,naive,25,2024-11-27,2024-11-28,2024-12-11,10,10,0.10897310202786917
10,8,naive,26,2024-12-11,2024-12-12,2024-12-25,10,9,0.14315268738401213
10,8,naive,27,2024-12-25,2024-12-26,2024-12-31,4,4,0.24556719341575944
10,9,naive,1,2023-12-27,2023-12-28,2024-01-10,10,9,2.0
10,9,naive,2,2024-01-10,2024-01-11,2024-01-24,10,10,0.0863555605732707
10,9,naive,3,2024-01-24,2024-01-25,2024-02-07,10,10,0.2768607844713448
10,9,naive,4,2024-02-07,2024-02-08,2024-02-21,10,6,0.48991788227290045
10,9,naive,5,2024-02-21,2024-02-22,2024-03-06,10,10,0.0634300402896991
10,9,naive,6,2024-03-06,2024-03-07,2024-03-20,10,10,0.05570176057291474
10,9,naive,7,2024-03-20,2024-03-21,2024-04-03,10,10,0.3211044360765643
10,9,naive,8,2024-04-03,2024-04-04,2024-04-17,10,10,0.4120377756746681
10,9,naive,9,2024-04-17,2024-04-18,2024-05-01,10,10,0.42473247932963204
10,9,naive,10,2024-05-01,2024-05-02,2024-05-15,10,10,0.3277693948292347
10,9,naive,11,2024-05-15,2024-05-16,2024-05-29,10,10,0.4055271534910997
10,9,naive,12,2024-05-29,2024-05-30,2024-06-12,10,10,0.16569199901539897
10,9,naive,13,2024-06-12,2024-06-13,2024-06-26,10,10,0.17036709420964546
10,9,naive,14,2024-06-26,2024-06-27,2024-07-10,10,10,0.38990612107898115
10,9,naive,15,2024-07-10,2024-07-11,2024-07-24,10,10,0.5579755241199323
10,9,naive,16,2024-07-24,2024-07-25,2024-08-07,10,10,0.14695518503088434
10,9,naive,17,2024-08-07,2024-08-08,2024-08-21,10,10,0.14277553736951654
10,9,naive,18,2024-08-21,2024-08-22,2024-09-04,10,10,0.16520632078023206
10,9,naive,19,2024-09-04,2024-09-05,2024-09-18,10,10,0.18377847576854506
10,9,naive,20,2024-09-18,2024-09-19,2024-10-02,10,10,0.07160504428840563
10,9,naive,21,2024-10-02,2024-10-03,2024-10-16,10,10,0.2436660253899921
10,9,naive,22,2024-10-16,2024-10-17,2024-10-30,10,10,0.07557464293590932
10,9,naive,23,2024-10-30,2024-10-31,2024-11-13,10,10,0.12593864225196952
10,9,naive,24,2024-11-13,2024-11-14,2024-11-27,10,10,0.05464679377587555
10,9,naive,25,2024-11-27,2024-11-28,2024-12-11,10,10,0.07807445443992267
10,9,naive,26,2024-12-11,2024-12-12,2024-12-25,10,9,0.12060106674783089
10,9,naive,27,2024-12-25,2024-12-26,2024-12-31,4,4,0.2774853403179825
10,10,naive,1,2023-12-27,2023-12-28,2024-01-10,10,9,0.33498060337550994
10,10,naive,2,2024-01-10,2024-01-11,2024-01-24,10,10,0.11040102590450558
10,10,naive,3,2024-01-24,2024-01-25,2024-02-07,10,10,0.13226723755008843
10,10,naive,4,2024-02-07,2024-02-08,2024-02-21,10,6,0.10763970648884398
10,10,naive,5,2024-02-21,2024-02-22,2024-03-06,10,10,0.11143324581003289
10,10,naive,6,2024-03-06,2024-03-07,2024-03-20,10,10,0.2155394028844984
10,10,naive,7,2024-03-20,2024-03-21,2024-04-03,10,10,0.0857154527193018
10,10,naive,8,2024-04-03,2024-04-04,2024-04-17,10,10,0.1304814516615438
10,10,naive,9,2024-04-17,2024-04-18,2024-05-01,10,10,0.21673355815023543
10,10,naive,10,2024-05-01,2024-05-02,2024-05-15,10,10,0.12191274238322446
10,10,naive,11,2024-05-15,2024-05-16,2024-05-29,10,10,0.3610795335320042
10,10,naive,12,2024-05-29,2024-05-30,2024-06-12,10,10,0.26810339337547207
10,10,naive,13,2024-06-12,2024-06-13,2024-06-26,10,10,0.12237506725420944
10,10,naive,14,2024-06-26,2024-06-27,2024-07-10,10,10,0.06771584580276739
10,10,naive,15,2024-07-10,2024-07-11,2024-07-24,10,10,0.22446264416629638
10,10,naive,16,2024-07-24,2024-07-25,2024-08-07,10,10,0.09970061579026274
10,10,naive,17,2024-08-07,2024-08-08,2024-08-21,10,10,0.1400995233900963
10,10,naive,18,2024-08-21,2024-08-22,2024-09-04,10,10,0.07047224229052892
10,10,naive,19,2024-09-04,2024-09-05,2024-09-18,10,10,0.12194389591466737
10,10,naive,20,2024-09-18,2024-09-19,2024-10-02,10,10,0.05549688874022103
10,10,naive,21,2024-10-02,2024-10-03,2024-10-16,10,10,0.20408350200611652
10,10,naive,22,2024-10-16,2024-10-17,2024-10-30,10,10,0.05459853688752869
10,10,naive,23,2024-10-30,2024-10-31,2024-11-13,10,10,0.07234095931724824
10,10,naive,24,2024-11-13,2024-11-14,2024-11-27,10,10,0.088938660566097
10,10,naive,25,2024-11-27,2024-11-28,2024-12-11,10,10,0.07822627611414283
10,10,naive,26,2024-12-11,2024-12-12,2024-12-25,10,9,0.10154810234548022
10,10,naive,27,2024-12-25,2024-12-26,2024-12-31,4,4,0.1621176445989759
10,11,naive,1,2023-12-27,2023-12-28,2024-01-10,10,9,0.4933820716109056
10,11,naive,2,2024-01-10,2024-01-11,2024-01-24,10,10,1.611256188916756
10,11,naive,3,2024-01-24,2024-01-25,2024-02-07,10,10,1.8
10,11,naive,4,2024-02-07,2024-02-08,2024-02-21,10,6,0.058089011915923146
10,11,naive,5,2024-02-21,2024-02-22,2024-03-06,10,10,0.1292084245042758
10,11,naive,6,2024-03-06,2024-03-07,2024-03-20,10,10,0.14724157279038302
10,11,naive,7,2024-03-20,2024-03-21,2024-04-03,10,10,0.2773144304161521
10,11,naive,8,2024-04-03,2024-04-04,2024-04-17,10,10,0.15050601213111858
10,11,naive,9,2024-04-17,2024-04-18,2024-05-01,10,10,0.14719840809397952
10,11,naive,10,2024-05-01,2024-05-02,2024-05-15,10,10,0.22043847948620174
10,11,naive,11,2024-05-15,2024-05-16,2024-05-29,10,10,0.1938658772274238
10,11,naive,12,2024-05-29,2024-05-30,2024-06-12,10,10,0.07427069188560205
10,11,naive,13,2024-06-12,2024-06-13,2024-06-26,10,10,0.07768941564242818
10,11,naive,14,2024-06-26,2024-06-27,2024-07-10,10,10,0.3516487428220698
10,11,naive,15,2024-07-10,2024-07-11,2024-07-24,10,10,0.40821498604062056
10,11,naive,16,2024-07-24,2024-07-25,2024-08-07,10,10,0.09627820034053702
10,11,naive,17,2024-08-07,2024-08-08,2024-08-21,10,10,0.25020491801454847
10,11,naive,18,2024-08-21,2024-08-22,2024-09-04,10,10,0.09304518351287941
10,11,naive,19,2024-09-04,2024-09-05,2024-09-18,10,10,0.18897771432926924
10,11,naive,20,2024-09-18,2024-09-19,2024-10-02,10,10,0.11015714899934806
10,11,naive,21,2024-10-02,2024-10-03,2024-10-16,10,10,0.10750655726032024
10,11,naive,22,2024-10-16,2024-10-17,2024-10-30,10,10,0.13749680439928444
10,11,naive,23,2024-10-30,2024-10-31,2024-11-13,10,10,0.10862038451936579
10,11,naive,24,2024-11-13,2024-11-14,2024-11-27,10,10,0.5311171734892515
10,11,naive,25,2024-11-27,2024-11-28,2024-12-11,10,10,0.987298753334949
10,11,naive,26,2024-12-11,2024-12-12,2024-12-25,10,9,1.3333333333333333
10,11,naive,27,2024-12-25,2024-12-26,2024-12-31,4,4,0.5
10,12,naive,1,2023-12-27,2023-12-28,2024-01-10,10,9,1.5555555555555554
10,12,naive,2,2024-01-10,2024-01-11,2024-01-24,10,10,1.1564073196088787
10,12,naive,3,2024-01-24,2024-01-25,2024-02-07,10,10,1.4000000000000001
10,12,naive,4,2024-02-07,2024-02-08,2024-02-21,10,6,1.774211832807492
10,12,naive,5,2024-02-21,2024-02-22,2024-03-06,10,10,0.4
10,12,naive,6,2024-03-06,2024-03-07,2024-03-20,10,10,0.2
10,12,naive,7,2024-03-20,2024-03-21,2024-04-03,10,10,0.0
10,12,naive,8,2024-04-03,2024-04-04,2024-04-17,10,10,0.2
10,12,naive,9,2024-04-17,2024-04-18,2024-05-01,10,10,0.4
10,12,naive,10,2024-05-01,2024-05-02,2024-05-15,10,10,1.6
10,12,naive,11,2024-05-15,2024-05-16,2024-05-29,10,10,1.3502932433008294
10,12,naive,12,2024-05-29,2024-05-30,2024-06-12,10,10,1.4000000000000001
10,12,naive,13,2024-06-12,2024-06-13,2024-06-26,10,10,1.0803134824104885
10,12,naive,14,2024-06-26,2024-06-27,2024-07-10,10,10,1.1945749862599124
10,12,naive,15,2024-07-10,2024-07-11,2024-07-24,10,10,1.5541451850364754
10,12,naive,16,2024-07-24,2024-07-25,2024-08-07,10,10,1.2000000000000002
10,12,naive,17,2024-08-07,2024-08-08,2024-08-21,10,10,1.3471644142394479
10,12,naive,18,2024-08-21,2024-08-22,2024-09-04,10,10,1.5192429107072156
10,12,naive,19,2024-09-04,2024-09-05,2024-09-18,10,10,1.0846879059818224
10,12,naive,20,2024-09-18,2024-09-19,2024-10-02,10,10,0.8826307410118261
10,12,naive,21,2024-10-02,2024-10-03,2024-10-16,10,10,0.9145750633451573
10,12,naive,22,2024-10-16,2024-10-17,2024-10-30,10,10,0.8646874488795615
10,12,naive,23,2024-10-30,2024-10-31,2024-11-13,10,10,1.5822954740428772
10,12,naive,24,2024-11-13,2024-11-14,2024-11-27,10,10,0.7349399110473622
10,12,naive,25,2024-11-27,2024-11-28,2024-12-11,10,10,1.0726063173689133
10,12,naive,26,2024-12-11,2024-12-12,2024-12-25,10,9,0.8888888888888888
10,12,naive,27,2024-12-25,2024-12-26,2024-12-31,4,4,0.0
10,13,naive,1,2023-12-27,2023-12-28,2024-01-10,10,9,0.0
10,13,naive,2,2024-01-10,2024-01-11,2024-01-24,10,10,0.0
10,13,naive,3,2024-01-24,2024-01-25,2024-02-07,10,10,0.2
10,13,naive,4,2024-02-07,2024-02-08,2024-02-21,10,6,0.0
10,13,naive,5,2024-02-21,2024-02-22,2024-03-06,10,10,0.0
10,13,naive,6,2024-03-06,2024-03-07,2024-03-20,10,10,0.6000000000000001
10,13,naive,7,2024-03-20,2024-03-21,2024-04-03,10,10,0.8
10,13,naive,8,2024-04-03,2024-04-04,2024-04-17,10,10,0.0
10,13,naive,9,2024-04-17,2024-04-18,2024-05-01,10,10,1.6
10,13,naive,10,2024-05-01,2024-05-02,2024-05-15,10,10,1.1043747070197518
10,13,naive,11,2024-05-15,2024-05-16,2024-05-29,10,10,0.0
10,13,naive,12,2024-05-29,2024-05-30,2024-06-12,10,10,0.4
10,13,naive,13,2024-06-12,2024-06-13,2024-06-26,10,10,0.2
10,13,naive,14,2024-06-26,2024-06-27,2024-07-10,10,10,0.2
10,13,naive,15,2024-07-10,2024-07-11,2024-07-24,10,10,1.7167668911804022
10,13,naive,16,2024-07-24,2024-07-25,2024-08-07,10,10,0.6000000000000001
10,13,naive,17,2024-08-07,2024-08-08,2024-08-21,10,10,0.6000000000000001
10,13,naive,18,2024-08-21,2024-08-22,2024-09-04,10,10,0.6000000000000001
10,13,naive,19,2024-09-04,2024-09-05,2024-09-18,10,10,1.8938658355706612
10,13,naive,20,2024-09-18,2024-09-19,2024-10-02,10,10,0.2
10,13,naive,21,2024-10-02,2024-10-03,2024-10-16,10,10,0.8
10,13,naive,22,2024-10-16,2024-10-17,2024-10-30,10,10,0.0
10,13,naive,23,2024-10-30,2024-10-31,2024-11-13,10,10,0.0
10,13,naive,24,2024-11-13,2024-11-14,2024-11-27,10,10,0.0
10,13,naive,25,2024-11-27,2024-11-28,2024-12-11,10,10,0.2
10,13,naive,26,2024-12-11,2024-12-12,2024-12-25,10,9,1.819268118693888
10,13,naive,27,2024-12-25,2024-12-26,2024-12-31,4,4,0.5
10,1,moving_average,1,2023-12-27,2023-12-28,2024-01-10,10,9,0.0782206050824204
10,1,moving_average,2,2024-01-10,2024-01-11,2024-01-24,10,10,0.16409201397669743
10,1,moving_average,3,2024-01-24,2024-01-25,2024-02-07,10,10,0.17164853672378164
10,1,moving_average,4,2024-02-07,2024-02-08,2024-02-21,10,6,0.04298759204049091
10,1,moving_average,5,2024-02-21,2024-02-22,2024-03-06,10,10,0.08826690951512793
10,1,moving_average,6,2024-03-06,2024-03-07,2024-03-20,10,10,0.12315319974154522
10,1,moving_average,7,2024-03-20,2024-03-21,2024-04-03,10,10,0.11830409433882681
10,1,moving_average,8,2024-04-03,2024-04-04,2024-04-17,10,10,0.08756985774112905
10,1,moving_average,9,2024-04-17,2024-04-18,2024-05-01,10,10,0.22997646578858366
10,1,moving_average,10,2024-05-01,2024-05-02,2024-05-15,10,10,0.29936664651387596
10,1,moving_average,11,2024-05-15,2024-05-16,2024-05-29,10,10,0.1232883563009249
10,1,moving_average,12,2024-05-29,2024-05-30,2024-06-12,10,10,0.13247176746587636
10,1,moving_average,13,2024-06-12,2024-06-13,2024-06-26,10,10,0.11164125331638086
10,1,moving_average,14,2024-06-26,2024-06-27,2024-07-10,10,10,0.048891610197946495
10,1,moving_average,15,2024-07-10,2024-07-11,2024-07-24,10,10,0.06649393649593993
10,1,moving_average,16,2024-07-24,2024-07-25,2024-08-07,10,10,0.0891759415341667
10,1,moving_average,17,2024-08-07,2024-08-08,2024-08-21,10,10,0.09235393800169855
10,1,moving_average,18,2024-08-21,2024-08-22,2024-09-04,10,10,0.06809289515174254
10,1,moving_average,19,2024-09-04,2024-09-05,2024-09-18,10,10,0.10041390712961765
10,1,moving_average,20,2024-09-18,2024-09-19,2024-10-02,10,10,0.04183638067713859
10,1,moving_average,21,2024-10-02,2024-10-03,2024-10-16,10,10,0.05668727255031189
10,1,moving_average,22,2024-10-16,2024-10-17,2024-10-30,10,10,0.06760257592331981
10,1,moving_average,23,2024-10-30,2024-10-31,2024-11-13,10,10,0.06476767515235476
10,1,moving_average,24,2024-11-13,2024-11-14,2024-11-27,10,10,0.08063279794490132
10,1,moving_average,25,2024-11-27,2024-11-28,2024-12-11,10,10,0.09991964964224923
10,1,moving_average,26,2024-12-11,2024-12-12,2024-12-25,10,9,0.06429801914879038
10,1,moving_average,27,2024-12-25,2024-12-26,2024-12-31,4,4,0.0758251542041927
10,2,moving_average,1,2023-12-27,2023-12-28,2024-01-10,10,9,0.296672649936697
10,2,moving_average,2,2024-01-10,2024-01-11,2024-01-24,10,10,0.24288768406021954
10,2,moving_average,3,2024-01-24,2024-01-25,2024-02-07,10,10,0.0803848500086085
10,2,moving_average,4,2024-02-07,2024-02-08,2024-02-21,10,6,0.0776695343440173
10,2,moving_average,5,2024-02-21,2024-02-22,2024-03-06,10,10,0.10017806897334391
10,2,moving_average,6,2024-03-06,2024-03-07,2024-03-20,10,10,0.05942105276860559
10,2,moving_average,7,2024-03-20,2024-03-21,2024-04-03,10,10,0.1927907102986154
10,2,moving_average,8,2024-04-03,2024-04-04,2024-04-17,10,10,0.12077777877391838
10,2,moving_average,9,2024-04-17,2024-04-18,2024-05-01,10,10,0.2794039207814063
10,2,moving_average,10,2024-05-01,2024-05-02,2024-05-15,10,10,0.1922196828480878
10,2,moving_average,11,2024-05-15,2024-05-16,2024-05-29,10,10,0.1689122686368883
10,2,moving_average,12,2024-05-29,2024-05-30,2024-06-12,10,10,0.17538331542522834
10,2,moving_average,13,2024-06-12,2024-06-13,2024-06-26,10,10,0.15732382682906174
10,2,moving_average,14,2024-06-26,2024-06-27,2024-07-10,10,10,0.12220169704230865
10,2,moving_average,15,2024-07-10,2024-07-11,2024-07-24,10,10,0.1733559367498988
10,2,moving_average,16,2024-07-24,2024-07-25,2024-08-07,10,10,0.0891466653798193
10,2,moving_average,17,2024-08-07,2024-08-08,2024-08-21,10,10,0.05842427518393546
10,2,moving_average,18,2024-08-21,2024-08-22,2024-09-04,10,10,0.08484668875825158
10,2,moving_average,19,2024-09-04,2024-09-05,2024-09-18,10,10,0.05661604710458093
10,2,moving_average,20,2024-09-18,2024-09-19,2024-10-02,10,10,0.07359631758639058
10,2,moving_average,21,2024-10-02,2024-10-03,2024-10-16,10,10,0.18868499580823556
10,2,moving_average,22,2024-10-16,2024-10-17,2024-10-30,10,10,0.11636389190442716
10,2,moving_average,23,2024-10-30,2024-10-31,2024-11-13,10,10,0.12835119434426226
10,2,moving_average,24,2024-11-13,2024-11-14,2024-11-27,10,10,0.10574337143943469
10,2,moving_average,25,2024-11-27,2024-11-28,2024-12-11,10,10,0.17446813463645863
10,2,moving_average,26,2024-12-11,2024-12-12,2024-12-25,10,9,0.08648633052613079
10,2,moving_average,27,2024-12-25,2024-12-26,2024-12-31,4,4,0.12364349827776397
10,3,moving_average,1,2023-12-27,2023-12-28,2024-01-10,10,9,0.10670473297758683
10,3,moving_average,2,2024-01-10,2024-01-11,2024-01-24,10,10,0.18633607425148224
10,3,moving_average,3,2024-01-24,2024-01-25,2024-02-07,10,10,0.11167295694270654
10,3,moving_average,4,2024-02-07,2024-02-08,2024-02-21,10,6,0.13488597445234685
10,3,moving_average,5,2024-02-21,2024-02-22,2024-03-06,10,10,0.06552294423683189
10,3,moving_average,6,2024-03-06,2024-03-07,2024-03-20,10,10,0.10744599606273209
10,3,moving_average,7,2024-03-20,2024-03-21,2024-04-03,10,10,0.12266583374551172
10,3,moving_average,8,2024-04-03,2024-04-04,2024-04-17,10,10,0.10787750090522011
10,3,moving_average,9,2024-04-17,2024-04-18,2024-05-01,10,10,0.23833789640378542
10,3,moving_average,10,2024-05-01,2024-05-02,2024-05-15,10,10,0.18037789450860509
10,3,moving_average,11,2024-05-15,2024-05-16,2024-05-29,10,10,0.35006295379952546
10,3,moving_average,12,2024-05-29,2024-05-30,2024-06-12,10,10,0.09773124354335827
10,3,moving_average,13,2024-06-12,2024-06-13,2024-06-26,10,10,0.054336668721375304
10,3,moving_average,14,2024-06-26,2024-06-27,2024-07-10,10,10,0.1085334146687676
10,3,moving_average,15,2024-07-10,2024-07-11,2024-07-24,10,10,0.11002793596496628
10,3,moving_average,16,2024-07-24,2024-07-25,2024-08-07,10,10,0.1599724308797772
10,3,moving_average,17,2024-08-07,2024-08-08,2024-08-21,10,10,0.32668198504235674
10,3,moving_average,18,2024-08-21,2024-08-22,2024-09-04,10,10,0.1543050105014515
10,3,moving_average,19,2024-09-04,2024-09-05,2024-09-18,10,10,0.23693839719811166
10,3,moving_average,20,2024-09-18,2024-09-19,2024-10-02,10,10,0.12252043069042823
10,3,moving_average,21,2024-10-02,2024-10-03,2024-10-16,10,10,0.12036068205041456
10,3,moving_average,22,2024-10-16,2024-10-17,2024-10-30,10,10,0.09416662475838347
10,3,moving_average,23,2024-10-30,2024-10-31,2024-11-13,10,10,0.08984762536252311
10,3,moving_average,24,2024-11-13,2024-11-14,2024-11-27,10,10,0.12799882310186797
10,3,moving_average,25,2024-11-27,2024-11-28,2024-12-11,10,10,0.31702763646330634
10,3,moving_average,26,2024-12-11,2024-12-12,2024-12-25,10,9,0.15119701654213985
10,3,moving_average,27,2024-12-25,2024-12-26,2024-12-31,4,4,0.553842847792791
10,4,moving_average,1,2023-12-27,2023-12-28,2024-01-10,10,9,0.16586587446579568
10,4,moving_average,2,2024-01-10,2024-01-11,2024-01-24,10,10,0.10612027747791178
10,4,moving_average,3,2024-01-24,2024-01-25,2024-02-07,10,10,0.13969850093608324
10,4,moving_average,4,2024-02-07,2024-02-08,2024-02-21,10,6,0.13927474932348705
10,4,moving_average,5,2024-02-21,2024-02-22,2024-03-06,10,10,0.12247196507828802
10,4,moving_average,6,2024-03-06,2024-03-07,2024-03-20,10,10,0.05898225575278583
10,4,moving_average,7,2024-03-20,2024-03-21,2024-04-03,10,10,0.163611296252287
10,4,moving_average,8,2024-04-03,2024-04-04,2024-04-17,10,10,0.12399383976002709
10,4,moving_average,9,2024-04-17,2024-04-18,2024-05-01,10,10,0.28011204372910875
10,4,moving_average,10,2024-05-01,2024-05-02,2024-05-15,10,10,0.15516116625571544
10,4,moving_average,11,2024-05-15,2024-05-16,2024-05-29,10,10,0.18882895746425032
10,4,moving_average,12,2024-05-29,2024-05-30,2024-06-12,10,10,0.09570710539321464
10,4,moving_average,13,2024-06-12,2024-06-13,2024-06-26,10,10,0.07591243859243763
10,4,moving_average,14,2024-06-26,2024-06-27,2024-07-10,10,10,0.0919668902884137
10,4,moving_average,15,2024-07-10,2024-07-11,2024-07-24,10,10,0.09170633606801867
10,4,moving_average,16,2024-07-24,2024-07-25,2024-08-07,10,10,0.11283096441143659
10,4,moving_average,17,2024-08-07,2024-08-08,2024-08-21,10,10,0.22745862388736635
10,4,moving_average,18,2024-08-21,2024-08-22,2024-09-04,10,10,0.10712797963655168
10,4,moving_average,19,2024-09-04,2024-09-05,2024-09-18,10,10,0.11624713994687493
10,4,moving_average,20,2024-09-18,2024-09-19,2024-10-02,10,10,0.11541683902388399
10,4,moving_average,21,2024-10-02,2024-10-03,2024-10-16,10,10,0.13913684203338914
10,4,moving_average,22,2024-10-16,2024-10-17,2024-10-30,10,10,0.2524047150054411
10,4,moving_average,23,2024-10-30,2024-10-31,2024-11-13,10,10,0.09892768931898999
10,4,moving_average,24,2024-11-13,2024-11-14,2024-11-27,10,10,0.11309893999190333
10,4,moving_average,25,2024-11-27,2024-11-28,2024-12-11,10,10,0.10770125422998796
10,4,moving_average,26,2024-12-11,2024-12-12,2024-12-25,10,9,0.10832035706702606
10,4,moving_average,27,2024-12-25,2024-12-26,2024-12-31,4,4,0.5626953207800414
10,5,moving_average,1,2023-12-27,2023-12-28,2024-01-10,10,9,0.09047455987199185
10,5,moving_average,2,2024-01-10,2024-01-11,2024-01-24,10,10,0.033705855913618736
10,5,moving_average,3,2024-01-24,2024-01-25,2024-02-07,10,10,0.1633589867447266
10,5,moving_average,4,2024-02-07,2024-02-08,2024-02-21,10,6,0.0642578861313433
10,5,moving_average,5,2024-02-21,2024-02-22,2024-03-06,10,10,0.09667758628895104
10,5,moving_average,6,2024-03-06,2024-03-07,2024-03-20,10,10,0.0771141738330705
10,5,moving_average,7,2024-03-20,2024-03-21,2024-04-03,10,10,0.09025474880893115
10,5,moving_average,8,2024-04-03,2024-04-04,2024-04-17,10,10,0.05945674049866691
10,5,moving_average,9,2024-04-17,2024-04-18,2024-05-01,10,10,0.22705758301128287
10,5,moving_average,10,2024-05-01,2024-05-02,2024-05-15,10,10,0.178609770469864
10,5,moving_average,11,2024-05-15,2024-05-16,2024-05-29,10,10,0.3207926261553294
10,5,moving_average,12,2024-05-29,2024-05-30,2024-06-12,10,10,0.09934891955569289
10,5,moving_average,13,2024-06-12,2024-06-13,2024-06-26,10,10,0.05089925786020369
10,5,moving_average,14,2024-06-26,2024-06-27,2024-07-10,10,10,0.0814095815960856
10,5,moving_average,15,2024-07-10,2024-07-11,2024-07-24,10,10,0.05826503360613971
10,5,moving_average,16,2024-07-24,2024-07-25,2024-08-07,10,10,0.10036318484263357
10,5,moving_average,17,2024-08-07,2024-08-08,2024-08-21,10,10,0.1210731433190533
10,5,moving_average,18,2024-08-21,2024-08-22,2024-09-04,10,10,0.0866473547609717
10,5,moving_average,19,2024-09-04,2024-09-05,2024-09-18,10,10,0.07080907513596625
10,5,moving_average,20,2024-09-18,2024-09-19,2024-10-02,10,10,0.06413751850911752
10,5,moving_average,21,2024-10-02,2024-10-03,2024-10-16,10,10,0.10368056713417484
10,5,moving_average,22,2024-10-16,2024-10-17,2024-10-30,10,10,0.039492705682416855
10,5,moving_average,23,2024-10-30,2024-10-31,2024-11-13,10,10,0.10885633662736127
10,5,moving_average,24,2024-11-13,2024-11-14,2024-11-27,10,10,0.06893779986638032
10,5,moving_average,25,2024-11-27,2024-11-28,2024-12-11,10,10,0.06455008032744054
10,5,moving_average,26,2024-12-11,2024-12-12,2024-12-25,10,9,0.041862572688227434
10,5,moving_average,27,2024-12-25,2024-12-26,2024-12-31,4,4,0.13372482588634096
10,6,moving_average,1,2023-12-27,2023-12-28,2024-01-10,10,9,0.09921316240710666
10,6,moving_average,2,2024-01-10,2024-01-11,2024-01-24,10,10,0.15563722756570864
10,6,moving_average,3,2024-01-24,2024-01-25,2024-02-07,10,10,0.09969609810440294
10,6,moving_average,4,2024-02-07,2024-02-08,2024-02-21,10,6,0.11721270726846783
10,6,moving_average,5,2024-02-21,2024-02-22,2024-03-06,10,10,0.17201282499623105
10,6,moving_average,6,2024-03-06,2024-03-07,2024-03-20,10,10,0.11616918038716464
10,6,moving_average,7,2024-03-20,2024-03-21,2024-04-03,10,10,0.1436075967285448
10,6,moving_average,8,2024-04-03,2024-04-04,2024-04-17,10,10,0.08302489095474017
10,6,moving_average,9,2024-04-17,2024-04-18,2024-05-01,10,10,0.25181507515383944
10,6,moving_average,10,2024-05-01,2024-05-02,2024-05-15,10,10,0.14740207176369566
10,6,moving_average,11,2024-05-15,2024-05-16,2024-05-29,10,10,0.29081970810094016
10,6,moving_average,12,2024-05-29,2024-05-30,2024-06-12,10,10,0.09401125853650057
10,6,moving_average,13,2024-06-12,2024-06-13,2024-06-26,10,10,0.05769425614586335
10,6,moving_average,14,2024-06-26,2024-06-27,2024-07-10,10,10,0.1412998111851128
10,6,moving_average,15,2024-07-10,2024-07-11,2024-07-24,10,10,0.09700235871397989
10,6,moving_average,16,2024-07-24,2024-07-25,2024-08-07,10,10,0.13417660222631964
10,6,moving_average,17,2024-08-07,2024-08-08,2024-08-21,10,10,0.13133441191734926
10,6,moving_average,18,2024-08-21,2024-08-22,2024-09-04,10,10,0.13473282209773585
10,6,moving_average,19,2024-09-04,2024-09-05,2024-09-18,10,10,0.0846707096686058
10,6,moving_average,20,2024-09-18,2024-09-19,2024-10-02,10,10,0.11034426358566832
10,6,moving_average,21,2024-10-02,2024-10-03,2024-10-16,10,10,0.07975930104747896
10,6,moving_average,22,2024-10-16,2024-10-17,2024-10-30,10,10,0.09008497266465484
10,6,moving_average,23,2024-10-30,2024-10-31,2024-11-13,10,10,0.1285977729670873
10,6,moving_average,24,2024-11-13,2024-11-14,2024-11-27,10,10,0.06737376572639235
10,6,moving_average,25,2024-11-27,2024-11-28,2024-12-11,10,10,0.13654805059505745
10,6,moving_average,26,2024-12-11,2024-12-12,2024-12-25,10,9,0.06502984953251176
10,6,moving_average,27,2024-12-25,2024-12-26,2024-12-31,4,4,0.1937276396448182
10,7,moving_average,1,2023-12-27,2023-12-28,2024-01-10,10,9,0.21738400299882804
10,7,moving_average,2,2024-01-10,2024-01-11,2024-01-24,10,10,0.3309208833992771
10,7,moving_average,3,2024-01-24,2024-01-25,2024-02-07,10,10,0.22287125815398323
10,7,moving_average,4,2024-02-07,2024-02-08,2024-02-21,10,6,0.18136489783643764
10,7,moving_average,5,2024-02-21,2024-02-22,2024-03-06,10,10,0.20211777746463033
10,7,moving_average,6,2024-03-06,2024-03-07,2024-03-20,10,10,0.14868307053822402
10,7,moving_average,7,2024-03-20,2024-03-21,2024-04-03,10,10,0.23596795252618807
10,7,moving_average,8,2024-04-03,2024-04-04,2024-04-17,10,10,0.20373885372204548
10,7,moving_average,9,2024-04-17,2024-04-18,2024-05-01,10,10,0.3782827854804078
10,7,moving_average,10,2024-05-01,2024-05-02,2024-05-15,10,10,0.3147789233132267
10,7,moving_average,11,2024-05-15,2024-05-16,2024-05-29,10,10,0.4396862529994701
10,7,moving_average,12,2024-05-29,2024-05-30,2024-06-12,10,10,0.183016000797952
10,7,moving_average,13,2024-06-12,2024-06-13,2024-06-26,10,10,0.1685783814688313
10,7,moving_average,14,2024-06-26,2024-06-27,2024-07-10,10,10,0.10242972500152842
10,7,moving_average,15,2024-07-10,2024-07-11,2024-07-24,10,10,0.16295852813149342
10,7,moving_average,16,2024-07-24,2024-07-25,2024-08-07,10,10,0.21728545393827403
10,7,moving_average,17,2024-08-07,2024-08-08,2024-08-21,10,10,0.3728567622435296
10,7,moving_average,18,2024-08-21,2024-08-22,2024-09-04,10,10,0.26488193409376043
10,7,moving_average,19,2024-09-04,2024-09-05,2024-09-18,10,10,0.4444950442475394
10,7,moving_average,20,2024-09-18,2024-09-19,2024-10-02,10,10,0.39807730122809154
10,7,moving_average,21,2024-10-02,2024-10-03,2024-10-16,10,10,0.2270432818786072
10,7,moving_average,22,2024-10-16,2024-10-17,2024-10-30,10,10,0.14422575159343576
10,7,moving_average,23,2024-10-30,2024-10-31,2024-11-13,10,10,0.28134473920960484
10,7,moving_average,24,2024-11-13,2024-11-14,2024-11-27,10,10,0.19299124767329104
10,7,moving_average,25,2024-11-27,2024-11-28,2024-12-11,10,10,0.2562222878333306
10,7,moving_average,26,2024-12-11,2024-12-12,2024-12-25,10,9,0.1862943477084407
10,7,moving_average,27,2024-12-25,2024-12-26,2024-12-31,4,4,0.7855546034554526
10,8,moving_average,1,2023-12-27,2023-12-28,2024-01-10,10,9,0.27118274648147545
10,8,moving_average,2,2024-01-10,2024-01-11,2024-01-24,10,10,0.3611408613680315
10,8,moving_average,3,2024-01-24,2024-01-25,2024-02-07,10,10,0.21193099598983567
10,8,moving_average,4,2024-02-07,2024-02-08,2024-02-21,10,6,0.3195548858070625
10,8,moving_average,5,2024-02-21,2024-02-22,2024-03-06,10,10,0.11769608929100668
10,8,moving_average,6,2024-03-06,2024-03-07,2024-03-20,10,10,0.1142397514212708
10,8,moving_average,7,2024-03-20,2024-03-21,2024-04-03,10,10,0.2719937869809325
10,8,moving_average,8,2024-04-03,2024-04-04,2024-04-17,10,10,0.2855667180671388
10,8,moving_average,9,2024-04-17,2024-04-18,2024-05-01,10,10,0.3110046405571485
10,8,moving_average,10,2024-05-01,2024-05-02,2024-05-15,10,10,0.2009417563227412
10,8,moving_average,11,2024-05-15,2024-05-16,2024-05-29,10,10,0.3708454659008606
10,8,moving_average,12,2024-05-29,2024-05-30,2024-06-12,10,10,0.08792555410712283
10,8,moving_average,13,2024-06-12,2024-06-13,2024-06-26,10,10,0.10166198008643519
10,8,moving_average,14,2024-06-26,2024-06-27,2024-07-10,10,10,0.22765685262641067
10,8,moving_average,15,2024-07-10,2024-07-11,2024-07-24,10,10,0.1019780150476569
10,8,moving_average,16,2024-07-24,2024-07-25,2024-08-07,10,10,0.19035556717870655
10,8,moving_average,17,2024-08-07,2024-08-08,2024-08-21,10,10,0.20628103344176424
10,8,moving_average,18,2024-08-21,2024-08-22,2024-09-04,10,10,0.07850425106407127
10,8,moving_average,19,2024-09-04,2024-09-05,2024-09-18,10,10,0.07695222748847112
10,8,moving_average,20,2024-09-18,2024-09-19,2024-10-02,10,10,0.12390563874534709
10,8,moving_average,21,2024-10-02,2024-10-03,2024-10-16,10,10,0.14373219833806786
10,8,moving_average,22,2024-10-16,2024-10-17,2024-10-30,10,10,0.04874572277325968
10,8,moving_average,23,2024-10-30,2024-10-31,2024-11-13,10,10,0.09800751454919177
10,8,moving_average,24,2024-11-13,2024-11-14,2024-11-27,10,10,0.13063432617251433
10,8,moving_average,25,2024-11-27,2024-11-28,2024-12-11,10,10,0.17409795552208135
10,8,moving_average,26,2024-12-11,2024-12-12,2024-12-25,10,9,0.07470072099054761
10,8,moving_average,27,2024-12-25,2024-12-26,2024-12-31,4,4,0.20999039188487492
10,9,moving_average,1,2023-12-27,2023-12-28,2024-01-10,10,9,0.1553215559349251
10,9,moving_average,2,2024-01-10,2024-01-11,2024-01-24,10,10,0.09624870017007434
10,9,moving_average,3,2024-01-24,2024-01-25,2024-02-07,10,10,0.10487805259416526
10,9,moving_average,4,2024-02-07,2024-02-08,2024-02-21,10,6,0.48775277287173485
10,9,moving_average,5,2024-02-21,2024-02-22,2024-03-06,10,10,0.16465069016278133
10,9,moving_average,6,2024-03-06,2024-03-07,2024-03-20,10,10,0.06133124443424437
10,9,moving_average,7,2024-03-20,2024-03-21,2024-04-03,10,10,0.272628987737995
10,9,moving_average,8,2024-04-03,2024-04-04,2024-04-17,10,10,0.3609521471785123
10,9,moving_average,9,2024-04-17,2024-04-18,2024-05-01,10,10,0.2468730918880128
10,9,moving_average,10,2024-05-01,2024-05-02,2024-05-15,10,10,0.3337966288488042
10,9,moving_average,11,2024-05-15,2024-05-16,2024-05-29,10,10,0.3515225588825184
10,9,moving_average,12,2024-05-29,2024-05-30,2024-06-12,10,10,0.11539057842218164
10,9,moving_average,13,2024-06-12,2024-06-13,2024-06-26,10,10,0.0989489630438196
10,9,moving_average,14,2024-06-26,2024-06-27,2024-07-10,10,10,0.37705148406275724
10,9,moving_average,15,2024-07-10,2024-07-11,2024-07-24,10,10,0.09521665867329397
10,9,moving_average,16,2024-07-24,2024-07-25,2024-08-07,10,10,0.14255361425374233
10,9,moving_average,17,2024-08-07,2024-08-08,2024-08-21,10,10,0.18870911740756358
10,9,moving_average,18,2024-08-21,2024-08-22,2024-09-04,10,10,0.1423862509743516
10,9,moving_average,19,2024-09-04,2024-09-05,2024-09-18,10,10,0.11662975172228725
10,9,moving_average,20,2024-09-18,2024-09-19,2024-10-02,10,10,0.13878670820458458
10,9,moving_average,21,2024-10-02,2024-10-03,2024-10-16,10,10,0.14324189906478357
10,9,moving_average,22,2024-10-16,2024-10-17,2024-10-30,10,10,0.09356859751140839
10,9,moving_average,23,2024-10-30,2024-10-31,2024-11-13,10,10,0.11022891883957052
10,9,moving_average,24,2024-11-13,2024-11-14,2024-11-27,10,10,0.052031949210362305
10,9,moving_average,25,2024-11-27,2024-11-28,2024-12-11,10,10,0.11307236674074049
10,9,moving_average,26,2024-12-11,2024-12-12,2024-12-25,10,9,0.0887425375087205
10,9,moving_average,27,2024-12-25,2024-12-26,2024-12-31,4,4,0.2453596799770965
10,10,moving_average,1,2023-12-27,2023-12-28,2024-01-10,10,9,0.17147875103768415
10,10,moving_average,2,2024-01-10,2024-01-11,2024-01-24,10,10,0.10443034915569549
10,10,moving_average,3,2024-01-24,2024-01-25,2024-02-07,10,10,0.13614570159002473
10,10,moving_average,4,2024-02-07,2024-02-08,2024-02-21,10,6,0.11025351583438009
10,10,moving_average,5,2024-02-21,2024-02-22,2024-03-06,10,10,0.10483889273566777
10,10,moving_average,6,2024-03-06,2024-03-07,2024-03-20,10,10,0.0957429445995401
10,10,moving_average,7,2024-03-20,2024-03-21,2024-04-03,10,10,0.08587555887074885
10,10,moving_average,8,2024-04-03,2024-04-04,2024-04-17,10,10,0.17819409163473188
10,10,moving_average,9,2024-04-17,2024-04-18,2024-05-01,10,10,0.19366836517010616
10,10,moving_average,10,2024-05-01,2024-05-02,2024-05-15,10,10,0.13240360544898486
10,10,moving_average,11,2024-05-15,2024-05-16,2024-05-29,10,10,0.225328746823865
10,10,moving_average,12,2024-05-29,2024-05-30,2024-06-12,10,10,0.12841636278808022
10,10,moving_average,13,2024-06-12,2024-06-13,2024-06-26,10,10,0.051221270245288775
10,10,moving_average,14,2024-06-26,2024-06-27,2024-07-10,10,10,0.0813442239617406
10,10,moving_average,15,2024-07-10,2024-07-11,2024-07-24,10,10,0.07845753760566038
10,10,moving_average,16,2024-07-24,2024-07-25,2024-08-07,10,10,0.08172634119692161
10,10,moving_average,17,2024-08-07,2024-08-08,2024-08-21,10,10,0.14975888436269755
10,10,moving_average,18,2024-08-21,2024-08-22,2024-09-04,10,10,0.09262027831845471
10,10,moving_average,19,2024-09-04,2024-09-05,2024-09-18,10,10,0.06312945856458117
10,10,moving_average,20,2024-09-18,2024-09-19,2024-10-02,10,10,0.07626479243124705
10,10,moving_average,21,2024-10-02,2024-10-03,2024-10-16,10,10,0.16094707539854022
10,10,moving_average,22,2024-10-16,2024-10-17,2024-10-30,10,10,0.05113944590306716
10,10,moving_average,23,2024-10-30,2024-10-31,2024-11-13,10,10,0.05660176285180403
10,10,moving_average,24,2024-11-13,2024-11-14,2024-11-27,10,10,0.11735361537460678
10,10,moving_average,25,2024-11-27,2024-11-28,2024-12-11,10,10,0.07621478997143735
10,10,moving_average,26,2024-12-11,2024-12-12,2024-12-25,10,9,0.07909584005114319
10,10,moving_average,27,2024-12-25,2024-12-26,2024-12-31,4,4,0.1442977911765929
10,11,moving_average,1,2023-12-27,2023-12-28,2024-01-10,10,9,0.09025644374627476
10,11,moving_average,2,2024-01-10,2024-01-11,2024-01-24,10,10,1.615352869176481
10,11,moving_average,3,2024-01-24,2024-01-25,2024-02-07,10,10,1.291330206740097
10,11,moving_average,4,2024-02-07,2024-02-08,2024-02-21,10,6,0.43120534833976987
10,11,moving_average,5,2024-02-21,2024-02-22,2024-03-06,10,10,0.08206663405840207
10,11,moving_average,6,2024-03-06,2024-03-07,2024-03-20,10,10,0.1510349891424491
10,11,moving_average,7,2024-03-20,2024-03-21,2024-04-03,10,10,0.12286748113214184
10,11,moving_average,8,2024-04-03,2024-04-04,2024-04-17,10,10,0.2256322003849984
10,11,moving_average,9,2024-04-17,2024-04-18,2024-05-01,10,10,0.37752859010460904
10,11,moving_average,10,2024-05-01,2024-05-02,2024-05-15,10,10,0.3161735665200502
10,11,moving_average,11,2024-05-15,2024-05-16,2024-05-29,10,10,0.17883909477789928
10,11,moving_average,12,2024-05-29,2024-05-30,2024-06-12,10,10,0.07742758253215959
10,11,moving_average,13,2024-06-12,2024-06-13,2024-06-26,10,10,0.07349395415755483
10,11,moving_average,14,2024-06-26,2024-06-27,2024-07-10,10,10,0.28328036399974693
10,11,moving_average,15,2024-07-10,2024-07-11,2024-07-24,10,10,0.14128437849750036
10,11,moving_average,16,2024-07-24,2024-07-25,2024-08-07,10,10,0.11325180119479389
10,11,moving_average,17,2024-08-07,2024-08-08,2024-08-21,10,10,0.2432178060247804
10,11,moving_average,18,2024-08-21,2024-08-22,2024-09-04,10,10,0.08843650913729645
10,11,moving_average,19,2024-09-04,2024-09-05,2024-09-18,10,10,0.1520835621605387
10,11,moving_average,20,2024-09-18,2024-09-19,2024-10-02,10,10,0.10021192931231555
10,11,moving_average,21,2024-10-02,2024-10-03,2024-10-16,10,10,0.09110546929060044
10,11,moving_average,22,2024-10-16,2024-10-17,2024-10-30,10,10,0.2386402837074916
10,11,moving_average,23,2024-10-30,2024-10-31,2024-11-13,10,10,0.11566172951832537
10,11,moving_average,24,2024-11-13,2024-11-14,2024-11-27,10,10,0.5589225998190815
10,11,moving_average,25,2024-11-27,2024-11-28,2024-12-11,10,10,1.656456936218956
10,11,moving_average,26,2024-12-11,2024-12-12,2024-12-25,10,9,1.0692880698490166
10,11,moving_average,27,2024-12-25,2024-12-26,2024-12-31,4,4,1.51806398188632
10,12,moving_average,1,2023-12-27,2023-12-28,2024-01-10,10,9,0.9168552239351769
10,12,moving_average,2,2024-01-10,2024-01-11,2024-01-24,10,10,1.1790718512184746
10,12,moving_average,3,2024-01-24,2024-01-25,2024-02-07,10,10,0.936098379667437
10,12,moving_average,4,2024-02-07,2024-02-08,2024-02-21,10,6,1.9073360204496466
10,12,moving_average,5,2024-02-21,2024-02-22,2024-03-06,10,10,1.76809271719993
10,12,moving_average,6,2024-03-06,2024-03-07,2024-03-20,10,10,1.1983390716050977
10,12,moving_average,7,2024-03-20,2024-03-21,2024-04-03,10,10,0.3861274405827251
10,12,moving_average,8,2024-04-03,2024-04-04,2024-04-17,10,10,0.2
10,12,moving_average,9,2024-04-17,2024-04-18,2024-05-01,10,10,0.638855321354125
10,12,moving_average,10,2024-05-01,2024-05-02,2024-05-15,10,10,1.349680836024111
10,12,moving_average,11,2024-05-15,2024-05-16,2024-05-29,10,10,1.2630096686350656
10,12,moving_average,12,2024-05-29,2024-05-30,2024-06-12,10,10,1.236627360552781
10,12,moving_average,13,2024-06-12,2024-06-13,2024-06-26,10,10,0.580019332070362
10,12,moving_average,14,2024-06-26,2024-06-27,2024-07-10,10,10,0.9030749744198003
10,12,moving_average,15,2024-07-10,2024-07-11,2024-07-24,10,10,1.3190654073045374
10,12,moving_average,16,2024-07-24,2024-07-25,2024-08-07,10,10,1.22041366484593
10,12,moving_average,17,2024-08-07,2024-08-08,2024-08-21,10,10,1.2557957413095808
10,12,moving_average,18,2024-08-21,2024-08-22,2024-09-04,10,10,1.2402308146252454
10,12,moving_average,19,2024-09-04,2024-09-05,2024-09-18,10,10,1.2283177625845094
10,12,moving_average,20,2024-09-18,2024-09-19,2024-10-02,10,10,0.8528673530176907
10,12,moving_average,21,2024-10-02,2024-10-03,2024-10-16,10,10,0.9030996099578792
10,12,moving_average,22,2024-10-16,2024-10-17,2024-10-30,10,10,0.7370807197627907
10,12,moving_average,23,2024-10-30,2024-10-31,2024-11-13,10,10,0.9838902792167125
10,12,moving_average,24,2024-11-13,2024-11-14,2024-11-27,10,10,0.184709039665821
10,12,moving_average,25,2024-11-27,2024-11-28,2024-12-11,10,10,1.0642840175225763
10,12,moving_average,26,2024-12-11,2024-12-12,2024-12-25,10,9,1.3213577337796485
10,12,moving_average,27,2024-12-25,2024-12-26,2024-12-31,4,4,0.8483956121580641
10,13,moving_average,1,2023-12-27,2023-12-28,2024-01-10,10,9,2.0
10,13,moving_average,2,2024-01-10,2024-01-11,2024-01-24,10,10,0.0
10,13,moving_average,3,2024-01-24,2024-01-25,2024-02-07,10,10,0.2
10,13,moving_average,4,2024-02-07,2024-02-08,2024-02-21,10,6,0.5522116392161623
10,13,moving_average,5,2024-02-21,2024-02-22,2024-03-06,10,10,0.0
10,13,moving_average,6,2024-03-06,2024-03-07,2024-03-20,10,10,0.6000000000000001
10,13,moving_average,7,2024-03-20,2024-03-21,2024-04-03,10,10,1.6729746881451413
10,13,moving_average,8,2024-04-03,2024-04-04,2024-04-17,10,10,2.0
10,13,moving_average,9,2024-04-17,2024-04-18,2024-05-01,10,10,1.6
10,13,moving_average,10,2024-05-01,2024-05-02,2024-05-15,10,10,1.1075127581659332
10,13,moving_average,11,2024-05-15,2024-05-16,2024-05-29,10,10,2.0
10,13,moving_average,12,2024-05-29,2024-05-30,2024-06-12,10,10,0.4
10,13,moving_average,13,2024-06-12,2024-06-13,2024-06-26,10,10,1.9362366050746525
10,13,moving_average,14,2024-06-26,2024-06-27,2024-07-10,10,10,1.580880096477261
10,13,moving_average,15,2024-07-10,2024-07-11,2024-07-24,10,10,1.8548946816761491
10,13,moving_average,16,2024-07-24,2024-07-25,2024-08-07,10,10,1.8357227003727077
10,13,moving_average,17,2024-08-07,2024-08-08,2024-08-21,10,10,1.6922006249369426
10,13,moving_average,18,2024-08-21,2024-08-22,2024-09-04,10,10,1.79077974924884
10,13,moving_average,19,2024-09-04,2024-09-05,2024-09-18,10,10,1.8142979931384453
10,13,moving_average,20,2024-09-18,2024-09-19,2024-10-02,10,10,1.8463039472430518
10,13,moving_average,21,2024-10-02,2024-10-03,2024-10-16,10,10,0.9860234431680555
10,13,moving_average,22,2024-10-16,2024-10-17,2024-10-30,10,10,2.0
10,13,moving_average,23,2024-10-30,2024-10-31,2024-11-13,10,10,0.0
10,13,moving_average,24,2024-11-13,2024-11-14,2024-11-27,10,10,0.0
10,13,moving_average,25,2024-11-27,2024-11-28,2024-12-11,10,10,0.2
10,13,moving_average,26,2024-12-11,2024-12-12,2024-12-25,10,9,0.8663821351895554
10,13,moving_average,27,2024-12-25,2024-12-26,2024-12-31,4,4,0.5
10,1,ridge_lags_1_5_10_alpha_1,1,2023-12-27,2023-12-28,2024-01-10,10,9,0.19002188994916766
10,1,ridge_lags_1_5_10_alpha_1,2,2024-01-10,2024-01-11,2024-01-24,10,10,0.3018824974629588
10,1,ridge_lags_1_5_10_alpha_1,3,2024-01-24,2024-01-25,2024-02-07,10,10,0.10557011813409677
10,1,ridge_lags_1_5_10_alpha_1,4,2024-02-07,2024-02-08,2024-02-21,10,6,0.1554777885103125
10,1,ridge_lags_1_5_10_alpha_1,5,2024-02-21,2024-02-22,2024-03-06,10,10,0.08731722251914525
10,1,ridge_lags_1_5_10_alpha_1,6,2024-03-06,2024-03-07,2024-03-20,10,10,0.08359470328350377
10,1,ridge_lags_1_5_10_alpha_1,7,2024-03-20,2024-03-21,2024-04-03,10,10,0.1179408021295598
10,1,ridge_lags_1_5_10_alpha_1,8,2024-04-03,2024-04-04,2024-04-17,10,10,0.09061914113781303
10,1,ridge_lags_1_5_10_alpha_1,9,2024-04-17,2024-04-18,2024-05-01,10,10,0.1950497598420775
10,1,ridge_lags_1_5_10_alpha_1,10,2024-05-01,2024-05-02,2024-05-15,10,10,0.14970056447731095
10,1,ridge_lags_1_5_10_alpha_1,11,2024-05-15,2024-05-16,2024-05-29,10,10,0.08720302816085167
10,1,ridge_lags_1_5_10_alpha_1,12,2024-05-29,2024-05-30,2024-06-12,10,10,0.1177760138612707
10,1,ridge_lags_1_5_10_alpha_1,13,2024-06-12,2024-06-13,2024-06-26,10,10,0.0836371694385902
10,1,ridge_lags_1_5_10_alpha_1,14,2024-06-26,2024-06-27,2024-07-10,10,10,0.06608757769734762
10,1,ridge_lags_1_5_10_alpha_1,15,2024-07-10,2024-07-11,2024-07-24,10,10,0.06090367166300145
10,1,ridge_lags_1_5_10_alpha_1,16,2024-07-24,2024-07-25,2024-08-07,10,10,0.08976914637468972
10,1,ridge_lags_1_5_10_alpha_1,17,2024-08-07,2024-08-08,2024-08-21,10,10,0.10337901648904804
10,1,ridge_lags_1_5_10_alpha_1,18,2024-08-21,2024-08-22,2024-09-04,10,10,0.09930619150508349
10,1,ridge_lags_1_5_10_alpha_1,19,2024-09-04,2024-09-05,2024-09-18,10,10,0.18770583290388201
10,1,ridge_lags_1_5_10_alpha_1,20,2024-09-18,2024-09-19,2024-10-02,10,10,0.16495845416957672
10,1,ridge_lags_1_5_10_alpha_1,21,2024-10-02,2024-10-03,2024-10-16,10,10,0.17509917350522464
10,1,ridge_lags_1_5_10_alpha_1,22,2024-10-16,2024-10-17,2024-10-30,10,10,0.2348922013843917
10,1,ridge_lags_1_5_10_alpha_1,23,2024-10-30,2024-10-31,2024-11-13,10,10,0.24445967130396104
10,1,ridge_lags_1_5_10_alpha_1,24,2024-11-13,2024-11-14,2024-11-27,10,10,0.2669914580416072
10,1,ridge_lags_1_5_10_alpha_1,25,2024-11-27,2024-11-28,2024-12-11,10,10,0.156225198755519
10,1,ridge_lags_1_5_10_alpha_1,26,2024-12-11,2024-12-12,2024-12-25,10,9,0.18824963697675898
10,1,ridge_lags_1_5_10_alpha_1,27,2024-12-25,2024-12-26,2024-12-31,4,4,0.12478536312847446
10,2,ridge_lags_1_5_10_alpha_1,1,2023-12-27,2023-12-28,2024-01-10,10,9,0.20451053305883427
10,2,ridge_lags_1_5_10_alpha_1,2,2024-01-10,2024-01-11,2024-01-24,10,10,0.35468442024945523
10,2,ridge_lags_1_5_10_alpha_1,3,2024-01-24,2024-01-25,2024-02-07,10,10,0.3851794793205954
10,2,ridge_lags_1_5_10_alpha_1,4,2024-02-07,2024-02-08,2024-02-21,10,6,0.30143641555021927
10,2,ridge_lags_1_5_10_alpha_1,5,2024-02-21,2024-02-22,2024-03-06,10,10,0.1885895841721422
10,2,ridge_lags_1_5_10_alpha_1,6,2024-03-06,2024-03-07,2024-03-20,10,10,0.22661413368211436
10,2,ridge_lags_1_5_10_alpha_1,7,2024-03-20,2024-03-21,2024-04-03,10,10,0.1601064935036068
10,2,ridge_lags_1_5_10_alpha_1,8,2024-04-03,2024-04-04,2024-04-17,10,10,0.19691708489568704
10,2,ridge_lags_1_5_10_alpha_1,9,2024-04-17,2024-04-18,2024-05-01,10,10,0.19223857797905267
10,2,ridge_lags_1_5_10_alpha_1,10,2024-05-01,2024-05-02,2024-05-15,10,10,0.1298831316051616
10,2,ridge_lags_1_5_10_alpha_1,11,2024-05-15,2024-05-16,2024-05-29,10,10,0.22265788615037554
10,2,ridge_lags_1_5_10_alpha_1,12,2024-05-29,2024-05-30,2024-06-12,10,10,0.08561569208227095
10,2,ridge_lags_1_5_10_alpha_1,13,2024-06-12,2024-06-13,2024-06-26,10,10,0.12398996208796778
10,2,ridge_lags_1_5_10_alpha_1,14,2024-06-26,2024-06-27,2024-07-10,10,10,0.15224723956810998
10,2,ridge_lags_1_5_10_alpha_1,15,2024-07-10,2024-07-11,2024-07-24,10,10,0.09880441022284998
10,2,ridge_lags_1_5_10_alpha_1,16,2024-07-24,2024-07-25,2024-08-07,10,10,0.06608160995495677
10,2,ridge_lags_1_5_10_alpha_1,17,2024-08-07,2024-08-08,2024-08-21,10,10,0.06175060915521824
10,2,ridge_lags_1_5_10_alpha_1,18,2024-08-21,2024-08-22,2024-09-04,10,10,0.091570154182332
10,2,ridge_lags_1_5_10_alpha_1,19,2024-09-04,2024-09-05,2024-09-18,10,10,0.0566897475508971
10,2,ridge_lags_1_5_10_alpha_1,20,2024-09-18,2024-09-19,2024-10-02,10,10,0.07409738223961582
10,2,ridge_lags_1_5_10_alpha_1,21,2024-10-02,2024-10-03,2024-10-16,10,10,0.2039596116411203
10,2,ridge_lags_1_5_10_alpha_1,22,2024-10-16,2024-10-17,2024-10-30,10,10,0.09054957855165241
10,2,ridge_lags_1_5_10_alpha_1,23,2024-10-30,2024-10-31,2024-11-13,10,10,0.14964769927626173
10,2,ridge_lags_1_5_10_alpha_1,24,2024-11-13,2024-11-14,2024-11-27,10,10,0.11284317577968046
10,2,ridge_lags_1_5_10_alpha_1,25,2024-11-27,2024-11-28,2024-12-11,10,10,0.1533966235931308
10,2,ridge_lags_1_5_10_alpha_1,26,2024-12-11,2024-12-12,2024-12-25,10,9,0.16811576210748894
10,2,ridge_lags_1_5_10_alpha_1,27,2024-12-25,2024-12-26,2024-12-31,4,4,0.21246269261113412
10,3,ridge_lags_1_5_10_alpha_1,1,2023-12-27,2023-12-28,2024-01-10,10,9,0.07503447078958492
10,3,ridge_lags_1_5_10_alpha_1,2,2024-01-10,2024-01-11,2024-01-24,10,10,0.13903999570131073
10,3,ridge_lags_1_5_10_alpha_1,3,2024-01-24,2024-01-25,2024-02-07,10,10,0.13490873985777072
10,3,ridge_lags_1_5_10_alpha_1,4,2024-02-07,2024-02-08,2024-02-21,10,6,0.11713485233634087
10,3,ridge_lags_1_5_10_alpha_1,5,2024-02-21,2024-02-22,2024-03-06,10,10,0.07853651326011757
10,3,ridge_lags_1_5_10_alpha_1,6,2024-03-06,2024-03-07,2024-03-20,10,10,0.10747810519625207
10,3,ridge_lags_1_5_10_alpha_1,7,2024-03-20,2024-03-21,2024-04-03,10,10,0.12703795969839435
10,3,ridge_lags_1_5_10_alpha_1,8,2024-04-03,2024-04-04,2024-04-17,10,10,0.12216429866371203
10,3,ridge_lags_1_5_10_alpha_1,9,2024-04-17,2024-04-18,2024-05-01,10,10,0.2641521078720964
10,3,ridge_lags_1_5_10_alpha_1,10,2024-05-01,2024-05-02,2024-05-15,10,10,0.17032536493957792
10,3,ridge_lags_1_5_10_alpha_1,11,2024-05-15,2024-05-16,2024-05-29,10,10,0.32766444411061957
10,3,ridge_lags_1_5_10_alpha_1,12,2024-05-29,2024-05-30,2024-06-12,10,10,0.08873975229399901
10,3,ridge_lags_1_5_10_alpha_1,13,2024-06-12,2024-06-13,2024-06-26,10,10,0.07258868848238308
10,3,ridge_lags_1_5_10_alpha_1,14,2024-06-26,2024-06-27,2024-07-10,10,10,0.13903846536159672
10,3,ridge_lags_1_5_10_alpha_1,15,2024-07-10,2024-07-11,2024-07-24,10,10,0.06087356708422136
10,3,ridge_lags_1_5_10_alpha_1,16,2024-07-24,2024-07-25,2024-08-07,10,10,0.1586441013671072
10,3,ridge_lags_1_5_10_alpha_1,17,2024-08-07,2024-08-08,2024-08-21,10,10,0.32310200090670776
10,3,ridge_lags_1_5_10_alpha_1,18,2024-08-21,2024-08-22,2024-09-04,10,10,0.12023098181800768
10,3,ridge_lags_1_5_10_alpha_1,19,2024-09-04,2024-09-05,2024-09-18,10,10,0.2445430346128281
10,3,ridge_lags_1_5_10_alpha_1,20,2024-09-18,2024-09-19,2024-10-02,10,10,0.12240272901080258
10,3,ridge_lags_1_5_10_alpha_1,21,2024-10-02,2024-10-03,2024-10-16,10,10,0.14993006310566953
10,3,ridge_lags_1_5_10_alpha_1,22,2024-10-16,2024-10-17,2024-10-30,10,10,0.10493301699211065
10,3,ridge_lags_1_5_10_alpha_1,23,2024-10-30,2024-10-31,2024-11-13,10,10,0.0519000451109398
10,3,ridge_lags_1_5_10_alpha_1,24,2024-11-13,2024-11-14,2024-11-27,10,10,0.11370717341122193
10,3,ridge_lags_1_5_10_alpha_1,25,2024-11-27,2024-11-28,2024-12-11,10,10,0.2346496744404353
10,3,ridge_lags_1_5_10_alpha_1,26,2024-12-11,2024-12-12,2024-12-25,10,9,0.10937816514776347
10,3,ridge_lags_1_5_10_alpha_1,27,2024-12-25,2024-12-26,2024-12-31,4,4,0.5789929294318491
10,4,ridge_lags_1_5_10_alpha_1,1,2023-12-27,2023-12-28,2024-01-10,10,9,0.1699025556307515
10,4,ridge_lags_1_5_10_alpha_1,2,2024-01-10,2024-01-11,2024-01-24,10,10,0.18744928937756505
10,4,ridge_lags_1_5_10_alpha_1,3,2024-01-24,2024-01-25,2024-02-07,10,10,0.0782224362446356
10,4,ridge_lags_1_5_10_alpha_1,4,2024-02-07,2024-02-08,2024-02-21,10,6,0.13617085491473294
10,4,ridge_lags_1_5_10_alpha_1,5,2024-02-21,2024-02-22,2024-03-06,10,10,0.10142802813874592
10,4,ridge_lags_1_5_10_alpha_1,6,2024-03-06,2024-03-07,2024-03-20,10,10,0.05754694956835463
10,4,ridge_lags_1_5_10_alpha_1,7,2024-03-20,2024-03-21,2024-04-03,10,10,0.17448096101747262
10,4,ridge_lags_1_5_10_alpha_1,8,2024-04-03,2024-04-04,2024-04-17,10,10,0.10847525734388959
10,4,ridge_lags_1_5_10_alpha_1,9,2024-04-17,2024-04-18,2024-05-01,10,10,0.3150672538517927
10,4,ridge_lags_1_5_10_alpha_1,10,2024-05-01,2024-05-02,2024-05-15,10,10,0.277701304939368
10,4,ridge_lags_1_5_10_alpha_1,11,2024-05-15,2024-05-16,2024-05-29,10,10,0.28789969927841785
10,4,ridge_lags_1_5_10_alpha_1,12,2024-05-29,2024-05-30,2024-06-12,10,10,0.1458168466353758
10,4,ridge_lags_1_5_10_alpha_1,13,2024-06-12,2024-06-13,2024-06-26,10,10,0.12146401632477595
10,4,ridge_lags_1_5_10_alpha_1,14,2024-06-26,2024-06-27,2024-07-10,10,10,0.15919262835847375
10,4,ridge_lags_1_5_10_alpha_1,15,2024-07-10,2024-07-11,2024-07-24,10,10,0.14651390824844587
10,4,ridge_lags_1_5_10_alpha_1,16,2024-07-24,2024-07-25,2024-08-07,10,10,0.09907960735265575
10,4,ridge_lags_1_5_10_alpha_1,17,2024-08-07,2024-08-08,2024-08-21,10,10,0.23922436368884653
10,4,ridge_lags_1_5_10_alpha_1,18,2024-08-21,2024-08-22,2024-09-04,10,10,0.11496045891430753
10,4,ridge_lags_1_5_10_alpha_1,19,2024-09-04,2024-09-05,2024-09-18,10,10,0.1500479390593405
10,4,ridge_lags_1_5_10_alpha_1,20,2024-09-18,2024-09-19,2024-10-02,10,10,0.2214589218404131
10,4,ridge_lags_1_5_10_alpha_1,21,2024-10-02,2024-10-03,2024-10-16,10,10,0.3424234534040036
10,4,ridge_lags_1_5_10_alpha_1,22,2024-10-16,2024-10-17,2024-10-30,10,10,0.14831570609850417
10,4,ridge_lags_1_5_10_alpha_1,23,2024-10-30,2024-10-31,2024-11-13,10,10,0.08625902924617558
10,4,ridge_lags_1_5_10_alpha_1,24,2024-11-13,2024-11-14,2024-11-27,10,10,0.10012323718015548
10,4,ridge_lags_1_5_10_alpha_1,25,2024-11-27,2024-11-28,2024-12-11,10,10,0.09692068808050275
10,4,ridge_lags_1_5_10_alpha_1,26,2024-12-11,2024-12-12,2024-12-25,10,9,0.12056766843930779
10,4,ridge_lags_1_5_10_alpha_1,27,2024-12-25,2024-12-26,2024-12-31,4,4,0.5845682153568725
10,5,ridge_lags_1_5_10_alpha_1,1,2023-12-27,2023-12-28,2024-01-10,10,9,0.2818873979959773
10,5,ridge_lags_1_5_10_alpha_1,2,2024-01-10,2024-01-11,2024-01-24,10,10,0.25293910808483544
10,5,ridge_lags_1_5_10_alpha_1,3,2024-01-24,2024-01-25,2024-02-07,10,10,0.12036186930830058
10,5,ridge_lags_1_5_10_alpha_1,4,2024-02-07,2024-02-08,2024-02-21,10,6,0.15204596944818202
10,5,ridge_lags_1_5_10_alpha_1,5,2024-02-21,2024-02-22,2024-03-06,10,10,0.07061382467765769
10,5,ridge_lags_1_5_10_alpha_1,6,2024-03-06,2024-03-07,2024-03-20,10,10,0.10620621670309571
10,5,ridge_lags_1_5_10_alpha_1,7,2024-03-20,2024-03-21,2024-04-03,10,10,0.12140311751785621
10,5,ridge_lags_1_5_10_alpha_1,8,2024-04-03,2024-04-04,2024-04-17,10,10,0.09847396101383152
10,5,ridge_lags_1_5_10_alpha_1,9,2024-04-17,2024-04-18,2024-05-01,10,10,0.3030257805841601
10,5,ridge_lags_1_5_10_alpha_1,10,2024-05-01,2024-05-02,2024-05-15,10,10,0.1486718741760247
10,5,ridge_lags_1_5_10_alpha_1,11,2024-05-15,2024-05-16,2024-05-29,10,10,0.2491574862210758
10,5,ridge_lags_1_5_10_alpha_1,12,2024-05-29,2024-05-30,2024-06-12,10,10,0.06494753267472544
10,5,ridge_lags_1_5_10_alpha_1,13,2024-06-12,2024-06-13,2024-06-26,10,10,0.05196122118035765
10,5,ridge_lags_1_5_10_alpha_1,14,2024-06-26,2024-06-27,2024-07-10,10,10,0.08635370421270101
10,5,ridge_lags_1_5_10_alpha_1,15,2024-07-10,2024-07-11,2024-07-24,10,10,0.0733830180502177
10,5,ridge_lags_1_5_10_alpha_1,16,2024-07-24,2024-07-25,2024-08-07,10,10,0.11014621327916002
10,5,ridge_lags_1_5_10_alpha_1,17,2024-08-07,2024-08-08,2024-08-21,10,10,0.11326699865505774
10,5,ridge_lags_1_5_10_alpha_1,18,2024-08-21,2024-08-22,2024-09-04,10,10,0.07050348606402035
10,5,ridge_lags_1_5_10_alpha_1,19,2024-09-04,2024-09-05,2024-09-18,10,10,0.0688167834182296
10,5,ridge_lags_1_5_10_alpha_1,20,2024-09-18,2024-09-19,2024-10-02,10,10,0.09988184189853337
10,5,ridge_lags_1_5_10_alpha_1,21,2024-10-02,2024-10-03,2024-10-16,10,10,0.06034239683417647
10,5,ridge_lags_1_5_10_alpha_1,22,2024-10-16,2024-10-17,2024-10-30,10,10,0.04500770740271753
10,5,ridge_lags_1_5_10_alpha_1,23,2024-10-30,2024-10-31,2024-11-13,10,10,0.126527470972275
10,5,ridge_lags_1_5_10_alpha_1,24,2024-11-13,2024-11-14,2024-11-27,10,10,0.09847441153770073
10,5,ridge_lags_1_5_10_alpha_1,25,2024-11-27,2024-11-28,2024-12-11,10,10,0.048661328717977605
10,5,ridge_lags_1_5_10_alpha_1,26,2024-12-11,2024-12-12,2024-12-25,10,9,0.0360391661520125
10,5,ridge_lags_1_5_10_alpha_1,27,2024-12-25,2024-12-26,2024-12-31,4,4,0.14580291595036876
10,6,ridge_lags_1_5_10_alpha_1,1,2023-12-27,2023-12-28,2024-01-10,10,9,0.15460487417211757
10,6,ridge_lags_1_5_10_alpha_1,2,2024-01-10,2024-01-11,2024-01-24,10,10,0.09932533867639531
10,6,ridge_lags_1_5_10_alpha_1,3,2024-01-24,2024-01-25,2024-02-07,10,10,0.11417090009825591
10,6,ridge_lags_1_5_10_alpha_1,4,2024-02-07,2024-02-08,2024-02-21,10,6,0.11259700244869648
10,6,ridge_lags_1_5_10_alpha_1,5,2024-02-21,2024-02-22,2024-03-06,10,10,0.16810551819972347
10,6,ridge_lags_1_5_10_alpha_1,6,2024-03-06,2024-03-07,2024-03-20,10,10,0.1556376692298587
10,6,ridge_lags_1_5_10_alpha_1,7,2024-03-20,2024-03-21,2024-04-03,10,10,0.17636400520847426
10,6,ridge_lags_1_5_10_alpha_1,8,2024-04-03,2024-04-04,2024-04-17,10,10,0.16533303090193613
10,6,ridge_lags_1_5_10_alpha_1,9,2024-04-17,2024-04-18,2024-05-01,10,10,0.16537190453683842
10,6,ridge_lags_1_5_10_alpha_1,10,2024-05-01,2024-05-02,2024-05-15,10,10,0.11435891137214459
10,6,ridge_lags_1_5_10_alpha_1,11,2024-05-15,2024-05-16,2024-05-29,10,10,0.3282750992204178
10,6,ridge_lags_1_5_10_alpha_1,12,2024-05-29,2024-05-30,2024-06-12,10,10,0.14454686098845
10,6,ridge_lags_1_5_10_alpha_1,13,2024-06-12,2024-06-13,2024-06-26,10,10,0.1552338624579872
10,6,ridge_lags_1_5_10_alpha_1,14,2024-06-26,2024-06-27,2024-07-10,10,10,0.10753437408803145
10,6,ridge_lags_1_5_10_alpha_1,15,2024-07-10,2024-07-11,2024-07-24,10,10,0.12153627386060756
10,6,ridge_lags_1_5_10_alpha_1,16,2024-07-24,2024-07-25,2024-08-07,10,10,0.14832654123587072
10,6,ridge_lags_1_5_10_alpha_1,17,2024-08-07,2024-08-08,2024-08-21,10,10,0.19908120517351427
10,6,ridge_lags_1_5_10_alpha_1,18,2024-08-21,2024-08-22,2024-09-04,10,10,0.1359904876531793
10,6,ridge_lags_1_5_10_alpha_1,19,2024-09-04,2024-09-05,2024-09-18,10,10,0.06337676053252911
10,6,ridge_lags_1_5_10_alpha_1,20,2024-09-18,2024-09-19,2024-10-02,10,10,0.11767697077076927
10,6,ridge_lags_1_5_10_alpha_1,21,2024-10-02,2024-10-03,2024-10-16,10,10,0.07191082110519474
10,6,ridge_lags_1_5_10_alpha_1,22,2024-10-16,2024-10-17,2024-10-30,10,10,0.08670186747417113
10,6,ridge_lags_1_5_10_alpha_1,23,2024-10-30,2024-10-31,2024-11-13,10,10,0.12516557747752394
10,6,ridge_lags_1_5_10_alpha_1,24,2024-11-13,2024-11-14,2024-11-27,10,10,0.06985980708238353
10,6,ridge_lags_1_5_10_alpha_1,25,2024-11-27,2024-11-28,2024-12-11,10,10,0.14842587596455217
10,6,ridge_lags_1_5_10_alpha_1,26,2024-12-11,2024-12-12,2024-12-25,10,9,0.1652263349412395
10,6,ridge_lags_1_5_10_alpha_1,27,2024-12-25,2024-12-26,2024-12-31,4,4,0.2996268519403748
10,7,ridge_lags_1_5_10_alpha_1,1,2023-12-27,2023-12-28,2024-01-10,10,9,0.21226348204225998
10,7,ridge_lags_1_5_10_alpha_1,2,2024-01-10,2024-01-11,2024-01-24,10,10,0.32671052636054054
10,7,ridge_lags_1_5_10_alpha_1,3,2024-01-24,2024-01-25,2024-02-07,10,10,0.1991098686940146
10,7,ridge_lags_1_5_10_alpha_1,4,2024-02-07,2024-02-08,2024-02-21,10,6,0.18940482389576485
10,7,ridge_lags_1_5_10_alpha_1,5,2024-02-21,2024-02-22,2024-03-06,10,10,0.18634131511069973
10,7,ridge_lags_1_5_10_alpha_1,6,2024-03-06,2024-03-07,2024-03-20,10,10,0.15481385059791572
10,7,ridge_lags_1_5_10_alpha_1,7,2024-03-20,2024-03-21,2024-04-03,10,10,0.221524158968671
10,7,ridge_lags_1_5_10_alpha_1,8,2024-04-03,2024-04-04,2024-04-17,10,10,0.157390013740102
10,7,ridge_lags_1_5_10_alpha_1,9,2024-04-17,2024-04-18,2024-05-01,10,10,0.3235702774061139
10,7,ridge_lags_1_5_10_alpha_1,10,2024-05-01,2024-05-02,2024-05-15,10,10,0.17841848710441968
10,7,ridge_lags_1_5_10_alpha_1,11,2024-05-15,2024-05-16,2024-05-29,10,10,0.3819457582896766
10,7,ridge_lags_1_5_10_alpha_1,12,2024-05-29,2024-05-30,2024-06-12,10,10,0.15196621290660747
10,7,ridge_lags_1_5_10_alpha_1,13,2024-06-12,2024-06-13,2024-06-26,10,10,0.16202759253075222
10,7,ridge_lags_1_5_10_alpha_1,14,2024-06-26,2024-06-27,2024-07-10,10,10,0.11681485481380792
10,7,ridge_lags_1_5_10_alpha_1,15,2024-07-10,2024-07-11,2024-07-24,10,10,0.16369122157427163
10,7,ridge_lags_1_5_10_alpha_1,16,2024-07-24,2024-07-25,2024-08-07,10,10,0.20055915024230764
10,7,ridge_lags_1_5_10_alpha_1,17,2024-08-07,2024-08-08,2024-08-21,10,10,0.38357297064543827
10,7,ridge_lags_1_5_10_alpha_1,18,2024-08-21,2024-08-22,2024-09-04,10,10,0.37556775966821204
10,7,ridge_lags_1_5_10_alpha_1,19,2024-09-04,2024-09-05,2024-09-18,10,10,0.23541904629130475
10,7,ridge_lags_1_5_10_alpha_1,20,2024-09-18,2024-09-19,2024-10-02,10,10,0.3678581668879773
10,7,ridge_lags_1_5_10_alpha_1,21,2024-10-02,2024-10-03,2024-10-16,10,10,0.5289673838092507
10,7,ridge_lags_1_5_10_alpha_1,22,2024-10-16,2024-10-17,2024-10-30,10,10,0.38437189890615275
10,7,ridge_lags_1_5_10_alpha_1,23,2024-10-30,2024-10-31,2024-11-13,10,10,0.4173958353528572
10,7,ridge_lags_1_5_10_alpha_1,24,2024-11-13,2024-11-14,2024-11-27,10,10,0.41706880585582207
10,7,ridge_lags_1_5_10_alpha_1,25,2024-11-27,2024-11-28,2024-12-11,10,10,0.25614746081588136
10,7,ridge_lags_1_5_10_alpha_1,26,2024-12-11,2024-12-12,2024-12-25,10,9,0.20115005084764392
10,7,ridge_lags_1_5_10_alpha_1,27,2024-12-25,2024-12-26,2024-12-31,4,4,0.774135128104284
10,8,ridge_lags_1_5_10_alpha_1,1,2023-12-27,2023-12-28,2024-01-10,10,9,0.3467651480209609
10,8,ridge_lags_1_5_10_alpha_1,2,2024-01-10,2024-01-11,2024-01-24,10,10,0.20502047158538295
10,8,ridge_lags_1_5_10_alpha_1,3,2024-01-24,2024-01-25,2024-02-07,10,10,0.1893395131402827
10,8,ridge_lags_1_5_10_alpha_1,4,2024-02-07,2024-02-08,2024-02-21,10,6,0.34887425133213745
10,8,ridge_lags_1_5_10_alpha_1,5,2024-02-21,2024-02-22,2024-03-06,10,10,0.4376296967343577
10,8,ridge_lags_1_5_10_alpha_1,6,2024-03-06,2024-03-07,2024-03-20,10,10,0.40643726942019365
10,8,ridge_lags_1_5_10_alpha_1,7,2024-03-20,2024-03-21,2024-04-03,10,10,0.5806958792019824
10,8,ridge_lags_1_5_10_alpha_1,8,2024-04-03,2024-04-04,2024-04-17,10,10,0.7747037504003482
10,8,ridge_lags_1_5_10_alpha_1,9,2024-04-17,2024-04-18,2024-05-01,10,10,0.3959136669591201
10,8,ridge_lags_1_5_10_alpha_1,10,2024-05-01,2024-05-02,2024-05-15,10,10,0.28628524769903646
10,8,ridge_lags_1_5_10_alpha_1,11,2024-05-15,2024-05-16,2024-05-29,10,10,0.4413190864268516
10,8,ridge_lags_1_5_10_alpha_1,12,2024-05-29,2024-05-30,2024-06-12,10,10,0.2199473695220386
10,8,ridge_lags_1_5_10_alpha_1,13,2024-06-12,2024-06-13,2024-06-26,10,10,0.20073955150126715
10,8,ridge_lags_1_5_10_alpha_1,14,2024-06-26,2024-06-27,2024-07-10,10,10,0.09152959480469675
10,8,ridge_lags_1_5_10_alpha_1,15,2024-07-10,2024-07-11,2024-07-24,10,10,0.09701207340071842
10,8,ridge_lags_1_5_10_alpha_1,16,2024-07-24,2024-07-25,2024-08-07,10,10,0.18996480149575634
10,8,ridge_lags_1_5_10_alpha_1,17,2024-08-07,2024-08-08,2024-08-21,10,10,0.13420350545655618
10,8,ridge_lags_1_5_10_alpha_1,18,2024-08-21,2024-08-22,2024-09-04,10,10,0.0732268182249152
10,8,ridge_lags_1_5_10_alpha_1,19,2024-09-04,2024-09-05,2024-09-18,10,10,0.08548398575154749
10,8,ridge_lags_1_5_10_alpha_1,20,2024-09-18,2024-09-19,2024-10-02,10,10,0.17687583527424355
10,8,ridge_lags_1_5_10_alpha_1,21,2024-10-02,2024-10-03,2024-10-16,10,10,0.10556996139277089
10,8,ridge_lags_1_5_10_alpha_1,22,2024-10-16,2024-10-17,2024-10-30,10,10,0.039110921988439004
10,8,ridge_lags_1_5_10_alpha_1,23,2024-10-30,2024-10-31,2024-11-13,10,10,0.10259173144283346
10,8,ridge_lags_1_5_10_alpha_1,24,2024-11-13,2024-11-14,2024-11-27,10,10,0.15385147540953492
10,8,ridge_lags_1_5_10_alpha_1,25,2024-11-27,2024-11-28,2024-12-11,10,10,0.10293743765584894
10,8,ridge_lags_1_5_10_alpha_1,26,2024-12-11,2024-12-12,2024-12-25,10,9,0.08289844006667156
10,8,ridge_lags_1_5_10_alpha_1,27,2024-12-25,2024-12-26,2024-12-31,4,4,0.1312402652009612
10,9,ridge_lags_1_5_10_alpha_1,1,2023-12-27,2023-12-28,2024-01-10,10,9,0.47727034266706403
10,9,ridge_lags_1_5_10_alpha_1,2,2024-01-10,2024-01-11,2024-01-24,10,10,0.5075437273591547
10,9,ridge_lags_1_5_10_alpha_1,3,2024-01-24,2024-01-25,2024-02-07,10,10,0.4042244377581219
10,9,ridge_lags_1_5_10_alpha_1,4,2024-02-07,2024-02-08,2024-02-21,10,6,0.4656537969864134
10,9,ridge_lags_1_5_10_alpha_1,5,2024-02-21,2024-02-22,2024-03-06,10,10,0.06795338613023165
10,9,ridge_lags_1_5_10_alpha_1,6,2024-03-06,2024-03-07,2024-03-20,10,10,0.07116531310561718
10,9,ridge_lags_1_5_10_alpha_1,7,2024-03-20,2024-03-21,2024-04-03,10,10,0.2611090412647776
10,9,ridge_lags_1_5_10_alpha_1,8,2024-04-03,2024-04-04,2024-04-17,10,10,0.3543212794516596
10,9,ridge_lags_1_5_10_alpha_1,9,2024-04-17,2024-04-18,2024-05-01,10,10,0.21666597760590844
10,9,ridge_lags_1_5_10_alpha_1,10,2024-05-01,2024-05-02,2024-05-15,10,10,0.5105090360179123
10,9,ridge_lags_1_5_10_alpha_1,11,2024-05-15,2024-05-16,2024-05-29,10,10,0.4812716312937988
10,9,ridge_lags_1_5_10_alpha_1,12,2024-05-29,2024-05-30,2024-06-12,10,10,0.265784656538351
10,9,ridge_lags_1_5_10_alpha_1,13,2024-06-12,2024-06-13,2024-06-26,10,10,0.2435823607074708
10,9,ridge_lags_1_5_10_alpha_1,14,2024-06-26,2024-06-27,2024-07-10,10,10,0.24980034630610648
10,9,ridge_lags_1_5_10_alpha_1,15,2024-07-10,2024-07-11,2024-07-24,10,10,0.06873595843821322
10,9,ridge_lags_1_5_10_alpha_1,16,2024-07-24,2024-07-25,2024-08-07,10,10,0.1433779257570331
10,9,ridge_lags_1_5_10_alpha_1,17,2024-08-07,2024-08-08,2024-08-21,10,10,0.14734541367822504
10,9,ridge_lags_1_5_10_alpha_1,18,2024-08-21,2024-08-22,2024-09-04,10,10,0.11063486653309383
10,9,ridge_lags_1_5_10_alpha_1,19,2024-09-04,2024-09-05,2024-09-18,10,10,0.17373205033905811
10,9,ridge_lags_1_5_10_alpha_1,20,2024-09-18,2024-09-19,2024-10-02,10,10,0.03947456862359897
10,9,ridge_lags_1_5_10_alpha_1,21,2024-10-02,2024-10-03,2024-10-16,10,10,0.15737781604948323
10,9,ridge_lags_1_5_10_alpha_1,22,2024-10-16,2024-10-17,2024-10-30,10,10,0.11087246318412325
10,9,ridge_lags_1_5_10_alpha_1,23,2024-10-30,2024-10-31,2024-11-13,10,10,0.16716874985963073
10,9,ridge_lags_1_5_10_alpha_1,24,2024-11-13,2024-11-14,2024-11-27,10,10,0.13208463458412245
10,9,ridge_lags_1_5_10_alpha_1,25,2024-11-27,2024-11-28,2024-12-11,10,10,0.08213982085566426
10,9,ridge_lags_1_5_10_alpha_1,26,2024-12-11,2024-12-12,2024-12-25,10,9,0.0683726086131662
10,9,ridge_lags_1_5_10_alpha_1,27,2024-12-25,2024-12-26,2024-12-31,4,4,0.257797213774812
10,10,ridge_lags_1_5_10_alpha_1,1,2023-12-27,2023-12-28,2024-01-10,10,9,0.11276375725033208
10,10,ridge_lags_1_5_10_alpha_1,2,2024-01-10,2024-01-11,2024-01-24,10,10,0.10519532511337802
10,10,ridge_lags_1_5_10_alpha_1,3,2024-01-24,2024-01-25,2024-02-07,10,10,0.11883645509968699
10,10,ridge_lags_1_5_10_alpha_1,4,2024-02-07,2024-02-08,2024-02-21,10,6,0.17240447966587602
10,10,ridge_lags_1_5_10_alpha_1,5,2024-02-21,2024-02-22,2024-03-06,10,10,0.14257120270372273
10,10,ridge_lags_1_5_10_alpha_1,6,2024-03-06,2024-03-07,2024-03-20,10,10,0.124762889340714
10,10,ridge_lags_1_5_10_alpha_1,7,2024-03-20,2024-03-21,2024-04-03,10,10,0.17818686421345842
10,10,ridge_lags_1_5_10_alpha_1,8,2024-04-03,2024-04-04,2024-04-17,10,10,0.11437088325385183
10,10,ridge_lags_1_5_10_alpha_1,9,2024-04-17,2024-04-18,2024-05-01,10,10,0.21033013308269977
10,10,ridge_lags_1_5_10_alpha_1,10,2024-05-01,2024-05-02,2024-05-15,10,10,0.23513527097305156
10,10,ridge_lags_1_5_10_alpha_1,11,2024-05-15,2024-05-16,2024-05-29,10,10,0.16631844028021578
10,10,ridge_lags_1_5_10_alpha_1,12,2024-05-29,2024-05-30,2024-06-12,10,10,0.10576311134008867
10,10,ridge_lags_1_5_10_alpha_1,13,2024-06-12,2024-06-13,2024-06-26,10,10,0.06823677021553373
10,10,ridge_lags_1_5_10_alpha_1,14,2024-06-26,2024-06-27,2024-07-10,10,10,0.11460758687279991
10,10,ridge_lags_1_5_10_alpha_1,15,2024-07-10,2024-07-11,2024-07-24,10,10,0.07198554630865756
10,10,ridge_lags_1_5_10_alpha_1,16,2024-07-24,2024-07-25,2024-08-07,10,10,0.08363912733421829
10,10,ridge_lags_1_5_10_alpha_1,17,2024-08-07,2024-08-08,2024-08-21,10,10,0.143540556393487
10,10,ridge_lags_1_5_10_alpha_1,18,2024-08-21,2024-08-22,2024-09-04,10,10,0.0653977179697847
10,10,ridge_lags_1_5_10_alpha_1,19,2024-09-04,2024-09-05,2024-09-18,10,10,0.06351504015666663
10,10,ridge_lags_1_5_10_alpha_1,20,2024-09-18,2024-09-19,2024-10-02,10,10,0.06209972147731061
10,10,ridge_lags_1_5_10_alpha_1,21,2024-10-02,2024-10-03,2024-10-16,10,10,0.15405418151030792
10,10,ridge_lags_1_5_10_alpha_1,22,2024-10-16,2024-10-17,2024-10-30,10,10,0.09833262755995789
10,10,ridge_lags_1_5_10_alpha_1,23,2024-10-30,2024-10-31,2024-11-13,10,10,0.09638288459245381
10,10,ridge_lags_1_5_10_alpha_1,24,2024-11-13,2024-11-14,2024-11-27,10,10,0.0772103912092427
10,10,ridge_lags_1_5_10_alpha_1,25,2024-11-27,2024-11-28,2024-12-11,10,10,0.07582820536888328
10,10,ridge_lags_1_5_10_alpha_1,26,2024-12-11,2024-12-12,2024-12-25,10,9,0.07618498120345513
10,10,ridge_lags_1_5_10_alpha_1,27,2024-12-25,2024-12-26,2024-12-31,4,4,0.17892667449791574
10,11,ridge_lags_1_5_10_alpha_1,1,2023-12-27,2023-12-28,2024-01-10,10,9,0.3799094714320061
10,11,ridge_lags_1_5_10_alpha_1,2,2024-01-10,2024-01-11,2024-01-24,10,10,1.5763389558226792
10,11,ridge_lags_1_5_10_alpha_1,3,2024-01-24,2024-01-25,2024-02-07,10,10,0.9070789539416296
10,11,ridge_lags_1_5_10_alpha_1,4,2024-02-07,2024-02-08,2024-02-21,10,6,0.26473106373671174
10,11,ridge_lags_1_5_10_alpha_1,5,2024-02-21,2024-02-22,2024-03-06,10,10,0.2366502338289084
10,11,ridge_lags_1_5_10_alpha_1,6,2024-03-06,2024-03-07,2024-03-20,10,10,0.27527170769695086
10,11,ridge_lags_1_5_10_alpha_1,7,2024-03-20,2024-03-21,2024-04-03,10,10,0.23718854756090227
10,11,ridge_lags_1_5_10_alpha_1,8,2024-04-03,2024-04-04,2024-04-17,10,10,0.4619994077135296
10,11,ridge_lags_1_5_10_alpha_1,9,2024-04-17,2024-04-18,2024-05-01,10,10,0.08707722614293395
10,11,ridge_lags_1_5_10_alpha_1,10,2024-05-01,2024-05-02,2024-05-15,10,10,0.40397214779847207
10,11,ridge_lags_1_5_10_alpha_1,11,2024-05-15,2024-05-16,2024-05-29,10,10,0.4250769523085122
10,11,ridge_lags_1_5_10_alpha_1,12,2024-05-29,2024-05-30,2024-06-12,10,10,0.3464804135397386
10,11,ridge_lags_1_5_10_alpha_1,13,2024-06-12,2024-06-13,2024-06-26,10,10,0.3186844780999122
10,11,ridge_lags_1_5_10_alpha_1,14,2024-06-26,2024-06-27,2024-07-10,10,10,0.1153061577885433
10,11,ridge_lags_1_5_10_alpha_1,15,2024-07-10,2024-07-11,2024-07-24,10,10,0.23531092799997722
10,11,ridge_lags_1_5_10_alpha_1,16,2024-07-24,2024-07-25,2024-08-07,10,10,0.1914530112726374
10,11,ridge_lags_1_5_10_alpha_1,17,2024-08-07,2024-08-08,2024-08-21,10,10,0.28539227505284803
10,11,ridge_lags_1_5_10_alpha_1,18,2024-08-21,2024-08-22,2024-09-04,10,10,0.2255827854244813
10,11,ridge_lags_1_5_10_alpha_1,19,2024-09-04,2024-09-05,2024-09-18,10,10,0.3234390697508764
10,11,ridge_lags_1_5_10_alpha_1,20,2024-09-18,2024-09-19,2024-10-02,10,10,0.21116307787521735
10,11,ridge_lags_1_5_10_alpha_1,21,2024-10-02,2024-10-03,2024-10-16,10,10,0.3083177341065455
10,11,ridge_lags_1_5_10_alpha_1,22,2024-10-16,2024-10-17,2024-10-30,10,10,0.13032091623507433
10,11,ridge_lags_1_5_10_alpha_1,23,2024-10-30,2024-10-31,2024-11-13,10,10,0.12013772780084181
10,11,ridge_lags_1_5_10_alpha_1,24,2024-11-13,2024-11-14,2024-11-27,10,10,0.5717297316139961
10,11,ridge_lags_1_5_10_alpha_1,25,2024-11-27,2024-11-28,2024-12-11,10,10,1.6950958510510192
10,11,ridge_lags_1_5_10_alpha_1,26,2024-12-11,2024-12-12,2024-12-25,10,9,1.7384796941321423
10,11,ridge_lags_1_5_10_alpha_1,27,2024-12-25,2024-12-26,2024-12-31,4,4,1.8942312190868158
10,12,ridge_lags_1_5_10_alpha_1,1,2023-12-27,2023-12-28,2024-01-10,10,9,0.7618593132515599
10,12,ridge_lags_1_5_10_alpha_1,2,2024-01-10,2024-01-11,2024-01-24,10,10,1.1541638111258867
10,12,ridge_lags_1_5_10_alpha_1,3,2024-01-24,2024-01-25,2024-02-07,10,10,0.8602484958940826
10,12,ridge_lags_1_5_10_alpha_1,4,2024-02-07,2024-02-08,2024-02-21,10,6,1.8830712467528778
10,12,ridge_lags_1_5_10_alpha_1,5,2024-02-21,2024-02-22,2024-03-06,10,10,1.6673222597685915
10,12,ridge_lags_1_5_10_alpha_1,6,2024-03-06,2024-03-07,2024-03-20,10,10,1.8961794611010057
10,12,ridge_lags_1_5_10_alpha_1,7,2024-03-20,2024-03-21,2024-04-03,10,10,2.0
10,12,ridge_lags_1_5_10_alpha_1,8,2024-04-03,2024-04-04,2024-04-17,10,10,1.8105457391813908
10,12,ridge_lags_1_5_10_alpha_1,9,2024-04-17,2024-04-18,2024-05-01,10,10,1.6759794789067648
10,12,ridge_lags_1_5_10_alpha_1,10,2024-05-01,2024-05-02,2024-05-15,10,10,0.780488250830612
10,12,ridge_lags_1_5_10_alpha_1,11,2024-05-15,2024-05-16,2024-05-29,10,10,1.3048250823156389
10,12,ridge_lags_1_5_10_alpha_1,12,2024-05-29,2024-05-30,2024-06-12,10,10,1.254386586158021
10,12,ridge_lags_1_5_10_alpha_1,13,2024-06-12,2024-06-13,2024-06-26,10,10,0.6989734999334993
10,12,ridge_lags_1_5_10_alpha_1,14,2024-06-26,2024-06-27,2024-07-10,10,10,1.091534046412808
10,12,ridge_lags_1_5_10_alpha_1,15,2024-07-10,2024-07-11,2024-07-24,10,10,1.401270549368105
10,12,ridge_lags_1_5_10_alpha_1,16,2024-07-24,2024-07-25,2024-08-07,10,10,1.073243369564526
10,12,ridge_lags_1_5_10_alpha_1,17,2024-08-07,2024-08-08,2024-08-21,10,10,1.2538344344281835
10,12,ridge_lags_1_5_10_alpha_1,18,2024-08-21,2024-08-22,2024-09-04,10,10,1.2256110326469345
10,12,ridge_lags_1_5_10_alpha_1,19,2024-09-04,2024-09-05,2024-09-18,10,10,0.90439371109624
10,12,ridge_lags_1_5_10_alpha_1,20,2024-09-18,2024-09-19,2024-10-02,10,10,1.055382504355144
10,12,ridge_lags_1_5_10_alpha_1,21,2024-10-02,2024-10-03,2024-10-16,10,10,0.9895051322177599
10,12,ridge_lags_1_5_10_alpha_1,22,2024-10-16,2024-10-17,2024-10-30,10,10,0.8695413252216397
10,12,ridge_lags_1_5_10_alpha_1,23,2024-10-30,2024-10-31,2024-11-13,10,10,1.052946858226871
10,12,ridge_lags_1_5_10_alpha_1,24,2024-11-13,2024-11-14,2024-11-27,10,10,0.3704529015224208
10,12,ridge_lags_1_5_10_alpha_1,25,2024-11-27,2024-11-28,2024-12-11,10,10,1.166944128869689
10,12,ridge_lags_1_5_10_alpha_1,26,2024-12-11,2024-12-12,2024-12-25,10,9,1.2739800389966425
10,12,ridge_lags_1_5_10_alpha_1,27,2024-12-25,2024-12-26,2024-12-31,4,4,2.0
10,13,ridge_lags_1_5_10_alpha_1,1,2023-12-27,2023-12-28,2024-01-10,10,9,2.0
10,13,ridge_lags_1_5_10_alpha_1,2,2024-01-10,2024-01-11,2024-01-24,10,10,2.0
10,13,ridge_lags_1_5_10_alpha_1,3,2024-01-24,2024-01-25,2024-02-07,10,10,1.974882122802061
10,13,ridge_lags_1_5_10_alpha_1,4,2024-02-07,2024-02-08,2024-02-21,10,6,2.0
10,13,ridge_lags_1_5_10_alpha_1,5,2024-02-21,2024-02-22,2024-03-06,10,10,2.0
10,13,ridge_lags_1_5_10_alpha_1,6,2024-03-06,2024-03-07,2024-03-20,10,10,1.562022752003509
10,13,ridge_lags_1_5_10_alpha_1,7,2024-03-20,2024-03-21,2024-04-03,10,10,1.5627421513433628
10,13,ridge_lags_1_5_10_alpha_1,8,2024-04-03,2024-04-04,2024-04-17,10,10,2.0
10,13,ridge_lags_1_5_10_alpha_1,9,2024-04-17,2024-04-18,2024-05-01,10,10,1.420138728856342
10,13,ridge_lags_1_5_10_alpha_1,10,2024-05-01,2024-05-02,2024-05-15,10,10,0.8873287520435618
10,13,ridge_lags_1_5_10_alpha_1,11,2024-05-15,2024-05-16,2024-05-29,10,10,2.0
10,13,ridge_lags_1_5_10_alpha_1,12,2024-05-29,2024-05-30,2024-06-12,10,10,1.8663401664009305
10,13,ridge_lags_1_5_10_alpha_1,13,2024-06-12,2024-06-13,2024-06-26,10,10,1.9446344861885756
10,13,ridge_lags_1_5_10_alpha_1,14,2024-06-26,2024-06-27,2024-07-10,10,10,1.9115688087188762
10,13,ridge_lags_1_5_10_alpha_1,15,2024-07-10,2024-07-11,2024-07-24,10,10,1.7178224202046195
10,13,ridge_lags_1_5_10_alpha_1,16,2024-07-24,2024-07-25,2024-08-07,10,10,1.5626151015175909
10,13,ridge_lags_1_5_10_alpha_1,17,2024-08-07,2024-08-08,2024-08-21,10,10,1.6658906919345668
10,13,ridge_lags_1_5_10_alpha_1,18,2024-08-21,2024-08-22,2024-09-04,10,10,1.5639970478731289
10,13,ridge_lags_1_5_10_alpha_1,19,2024-09-04,2024-09-05,2024-09-18,10,10,1.89098017984014
10,13,ridge_lags_1_5_10_alpha_1,20,2024-09-18,2024-09-19,2024-10-02,10,10,1.9835241336797254
10,13,ridge_lags_1_5_10_alpha_1,21,2024-10-02,2024-10-03,2024-10-16,10,10,1.6092189809203086
10,13,ridge_lags_1_5_10_alpha_1,22,2024-10-16,2024-10-17,2024-10-30,10,10,2.0
10,13,ridge_lags_1_5_10_alpha_1,23,2024-10-30,2024-10-31,2024-11-13,10,10,2.0
10,13,ridge_lags_1_5_10_alpha_1,24,2024-11-13,2024-11-14,2024-11-27,10,10,2.0
10,13,ridge_lags_1_5_10_alpha_1,25,2024-11-27,2024-11-28,2024-12-11,10,10,1.9782120054093526
10,13,ridge_lags_1_5_10_alpha_1,26,2024-12-11,2024-12-12,2024-12-25,10,9,1.9393664740296404
10,13,ridge_lags_1_5_10_alpha_1,27,2024-12-25,2024-12-26,2024-12-31,4,4,1.7127384124548288
10,1,ridge_lags_1_2_5_alpha_1,1,2023-12-27,2023-12-28,2024-01-10,10,9,0.19614479866673687
10,1,ridge_lags_1_2_5_alpha_1,2,2024-01-10,2024-01-11,2024-01-24,10,10,0.316912176267313
10,1,ridge_lags_1_2_5_alpha_1,3,2024-01-24,2024-01-25,2024-02-07,10,10,0.12983694641867227
10,1,ridge_lags_1_2_5_alpha_1,4,2024-02-07,2024-02-08,2024-02-21,10,6,0.16651249193245177
10,1,ridge_lags_1_2_5_alpha_1,5,2024-02-21,2024-02-22,2024-03-06,10,10,0.09197113114688837
10,1,ridge_lags_1_2_5_alpha_1,6,2024-03-06,2024-03-07,2024-03-20,10,10,0.08195743916699426
10,1,ridge_lags_1_2_5_alpha_1,7,2024-03-20,2024-03-21,2024-04-03,10,10,0.12482755102113885
10,1,ridge_lags_1_2_5_alpha_1,8,2024-04-03,2024-04-04,2024-04-17,10,10,0.09222775518649433
10,1,ridge_lags_1_2_5_alpha_1,9,2024-04-17,2024-04-18,2024-05-01,10,10,0.19292469930766482
10,1,ridge_lags_1_2_5_alpha_1,10,2024-05-01,2024-05-02,2024-05-15,10,10,0.14912023985252118
10,1,ridge_lags_1_2_5_alpha_1,11,2024-05-15,2024-05-16,2024-05-29,10,10,0.08644317661713241
10,1,ridge_lags_1_2_5_alpha_1,12,2024-05-29,2024-05-30,2024-06-12,10,10,0.11727444704724338
10,1,ridge_lags_1_2_5_alpha_1,13,2024-06-12,2024-06-13,2024-06-26,10,10,0.08465074052142729
10,1,ridge_lags_1_2_5_alpha_1,14,2024-06-26,2024-06-27,2024-07-10,10,10,0.06533045261226815
10,1,ridge_lags_1_2_5_alpha_1,15,2024-07-10,2024-07-11,2024-07-24,10,10,0.059282318798918425
10,1,ridge_lags_1_2_5_alpha_1,16,2024-07-24,2024-07-25,2024-08-07,10,10,0.08692457878258407
10,1,ridge_lags_1_2_5_alpha_1,17,2024-08-07,2024-08-08,2024-08-21,10,10,0.10955589948578606
10,1,ridge_lags_1_2_5_alpha_1,18,2024-08-21,2024-08-22,2024-09-04,10,10,0.10354706320839571
10,1,ridge_lags_1_2_5_alpha_1,19,2024-09-04,2024-09-05,2024-09-18,10,10,0.1955483434028707
10,1,ridge_lags_1_2_5_alpha_1,20,2024-09-18,2024-09-19,2024-10-02,10,10,0.182128147588143
10,1,ridge_lags_1_2_5_alpha_1,21,2024-10-02,2024-10-03,2024-10-16,10,10,0.19215378003797245
10,1,ridge_lags_1_2_5_alpha_1,22,2024-10-16,2024-10-17,2024-10-30,10,10,0.24923004837223114
10,1,ridge_lags_1_2_5_alpha_1,23,2024-10-30,2024-10-31,2024-11-13,10,10,0.2631155500228773
10,1,ridge_lags_1_2_5_alpha_1,24,2024-11-13,2024-11-14,2024-11-27,10,10,0.29895205709302897
10,1,ridge_lags_1_2_5_alpha_1,25,2024-11-27,2024-11-28,2024-12-11,10,10,0.1791065613657509
10,1,ridge_lags_1_2_5_alpha_1,26,2024-12-11,2024-12-12,2024-12-25,10,9,0.2099191922389696
10,1,ridge_lags_1_2_5_alpha_1,27,2024-12-25,2024-12-26,2024-12-31,4,4,0.16662099189180318
10,2,ridge_lags_1_2_5_alpha_1,1,2023-12-27,2023-12-28,2024-01-10,10,9,0.2192280195404119
10,2,ridge_lags_1_2_5_alpha_1,2,2024-01-10,2024-01-11,2024-01-24,10,10,0.36776992668494785
10,2,ridge_lags_1_2_5_alpha_1,3,2024-01-24,2024-01-25,2024-02-07,10,10,0.4014850923003446
10,2,ridge_lags_1_2_5_alpha_1,4,2024-02-07,2024-02-08,2024-02-21,10,6,0.33319409187160004
10,2,ridge_lags_1_2_5_alpha_1,5,2024-02-21,2024-02-22,2024-03-06,10,10,0.22557119355303257
10,2,ridge_lags_1_2_5_alpha_1,6,2024-03-06,2024-03-07,2024-03-20,10,10,0.24779630888980983
10,2,ridge_lags_1_2_5_alpha_1,7,2024-03-20,2024-03-21,2024-04-03,10,10,0.15562268579313843
10,2,ridge_lags_1_2_5_alpha_1,8,2024-04-03,2024-04-04,2024-04-17,10,10,0.22011407316752765
10,2,ridge_lags_1_2_5_alpha_1,9,2024-04-17,2024-04-18,2024-05-01,10,10,0.18643336332395796
10,2,ridge_lags_1_2_5_alpha_1,10,2024-05-01,2024-05-02,2024-05-15,10,10,0.11575037416788536
10,2,ridge_lags_1_2_5_alpha_1,11,2024-05-15,2024-05-16,2024-05-29,10,10,0.21939048861856253
10,2,ridge_lags_1_2_5_alpha_1,12,2024-05-29,2024-05-30,2024-06-12,10,10,0.08887100020413466
10,2,ridge_lags_1_2_5_alpha_1,13,2024-06-12,2024-06-13,2024-06-26,10,10,0.1220058961373681
10,2,ridge_lags_1_2_5_alpha_1,14,2024-06-26,2024-06-27,2024-07-10,10,10,0.1438285797840236
10,2,ridge_lags_1_2_5_alpha_1,15,2024-07-10,2024-07-11,2024-07-24,10,10,0.08499769153388498
10,2,ridge_lags_1_2_5_alpha_1,16,2024-07-24,2024-07-25,2024-08-07,10,10,0.06676108275584117
10,2,ridge_lags_1_2_5_alpha_1,17,2024-08-07,2024-08-08,2024-08-21,10,10,0.06465713885271661
10,2,ridge_lags_1_2_5_alpha_1,18,2024-08-21,2024-08-22,2024-09-04,10,10,0.09206915971748914
10,2,ridge_lags_1_2_5_alpha_1,19,2024-09-04,2024-09-05,2024-09-18,10,10,0.05553653875265441
10,2,ridge_lags_1_2_5_alpha_1,20,2024-09-18,2024-09-19,2024-10-02,10,10,0.07372248709377822
10,2,ridge_lags_1_2_5_alpha_1,21,2024-10-02,2024-10-03,2024-10-16,10,10,0.20061162974381896
10,2,ridge_lags_1_2_5_alpha_1,22,2024-10-16,2024-10-17,2024-10-30,10,10,0.08776368149764807
10,2,ridge_lags_1_2_5_alpha_1,23,2024-10-30,2024-10-31,2024-11-13,10,10,0.14554889438427368
10,2,ridge_lags_1_2_5_alpha_1,24,2024-11-13,2024-11-14,2024-11-27,10,10,0.11182142514863361
10,2,ridge_lags_1_2_5_alpha_1,25,2024-11-27,2024-11-28,2024-12-11,10,10,0.14457968117336437
10,2,ridge_lags_1_2_5_alpha_1,26,2024-12-11,2024-12-12,2024-12-25,10,9,0.17593747599022846
10,2,ridge_lags_1_2_5_alpha_1,27,2024-12-25,2024-12-26,2024-12-31,4,4,0.19394937786189528
10,3,ridge_lags_1_2_5_alpha_1,1,2023-12-27,2023-12-28,2024-01-10,10,9,0.07661629343273302
10,3,ridge_lags_1_2_5_alpha_1,2,2024-01-10,2024-01-11,2024-01-24,10,10,0.13622184318397224
10,3,ridge_lags_1_2_5_alpha_1,3,2024-01-24,2024-01-25,2024-02-07,10,10,0.13293214918203963
10,3,ridge_lags_1_2_5_alpha_1,4,2024-02-07,2024-02-08,2024-02-21,10,6,0.1171318929390955
10,3,ridge_lags_1_2_5_alpha_1,5,2024-02-21,2024-02-22,2024-03-06,10,10,0.07523139689383215
10,3,ridge_lags_1_2_5_alpha_1,6,2024-03-06,2024-03-07,2024-03-20,10,10,0.10722852050689927
10,3,ridge_lags_1_2_5_alpha_1,7,2024-03-20,2024-03-21,2024-04-03,10,10,0.12678283332279694
10,3,ridge_lags_1_2_5_alpha_1,8,2024-04-03,2024-04-04,2024-04-17,10,10,0.12052589463229452
10,3,ridge_lags_1_2_5_alpha_1,9,2024-04-17,2024-04-18,2024-05-01,10,10,0.270914839226944
10,3,ridge_lags_1_2_5_alpha_1,10,2024-05-01,2024-05-02,2024-05-15,10,10,0.17447919135584908
10,3,ridge_lags_1_2_5_alpha_1,11,2024-05-15,2024-05-16,2024-05-29,10,10,0.3250748282658426
10,3,ridge_lags_1_2_5_alpha_1,12,2024-05-29,2024-05-30,2024-06-12,10,10,0.09060359228589221
10,3,ridge_lags_1_2_5_alpha_1,13,2024-06-12,2024-06-13,2024-06-26,10,10,0.07268176250395464
10,3,ridge_lags_1_2_5_alpha_1,14,2024-06-26,2024-06-27,2024-07-10,10,10,0.1408828825564795
10,3,ridge_lags_1_2_5_alpha_1,15,2024-07-10,2024-07-11,2024-07-24,10,10,0.060473368042508795
10,3,ridge_lags_1_2_5_alpha_1,16,2024-07-24,2024-07-25,2024-08-07,10,10,0.1631604868713895
10,3,ridge_lags_1_2_5_alpha_1,17,2024-08-07,2024-08-08,2024-08-21,10,10,0.32321437036362954
10,3,ridge_lags_1_2_5_alpha_1,18,2024-08-21,2024-08-22,2024-09-04,10,10,0.11493377916592565
10,3,ridge_lags_1_2_5_alpha_1,19,2024-09-04,2024-09-05,2024-09-18,10,10,0.24728657635698054
10,3,ridge_lags_1_2_5_alpha_1,20,2024-09-18,2024-09-19,2024-10-02,10,10,0.12564778042399674
10,3,ridge_lags_1_2_5_alpha_1,21,2024-10-02,2024-10-03,2024-10-16,10,10,0.15493681266338355
10,3,ridge_lags_1_2_5_alpha_1,22,2024-10-16,2024-10-17,2024-10-30,10,10,0.10716478232404832
10,3,ridge_lags_1_2_5_alpha_1,23,2024-10-30,2024-10-31,2024-11-13,10,10,0.050580274351166236
10,3,ridge_lags_1_2_5_alpha_1,24,2024-11-13,2024-11-14,2024-11-27,10,10,0.11570139009444645
10,3,ridge_lags_1_2_5_alpha_1,25,2024-11-27,2024-11-28,2024-12-11,10,10,0.23004052505826583
10,3,ridge_lags_1_2_5_alpha_1,26,2024-12-11,2024-12-12,2024-12-25,10,9,0.11109812441194794
10,3,ridge_lags_1_2_5_alpha_1,27,2024-12-25,2024-12-26,2024-12-31,4,4,0.5733488844014154
10,4,ridge_lags_1_2_5_alpha_1,1,2023-12-27,2023-12-28,2024-01-10,10,9,0.1710612190915786
10,4,ridge_lags_1_2_5_alpha_1,2,2024-01-10,2024-01-11,2024-01-24,10,10,0.18810833041732922
10,4,ridge_lags_1_2_5_alpha_1,3,2024-01-24,2024-01-25,2024-02-07,10,10,0.07892398840754467
10,4,ridge_lags_1_2_5_alpha_1,4,2024-02-07,2024-02-08,2024-02-21,10,6,0.13496327343995862
10,4,ridge_lags_1_2_5_alpha_1,5,2024-02-21,2024-02-22,2024-03-06,10,10,0.10298406714100812
10,4,ridge_lags_1_2_5_alpha_1,6,2024-03-06,2024-03-07,2024-03-20,10,10,0.0570289520202136
10,4,ridge_lags_1_2_5_alpha_1,7,2024-03-20,2024-03-21,2024-04-03,10,10,0.17429686792719104
10,4,ridge_lags_1_2_5_alpha_1,8,2024-04-03,2024-04-04,2024-04-17,10,10,0.1087570984098678
10,4,ridge_lags_1_2_5_alpha_1,9,2024-04-17,2024-04-18,2024-05-01,10,10,0.31627944948140646
10,4,ridge_lags_1_2_5_alpha_1,10,2024-05-01,2024-05-02,2024-05-15,10,10,0.2787716074578574
10,4,ridge_lags_1_2_5_alpha_1,11,2024-05-15,2024-05-16,2024-05-29,10,10,0.2887799723676849
10,4,ridge_lags_1_2_5_alpha_1,12,2024-05-29,2024-05-30,2024-06-12,10,10,0.1461237705858099
10,4,ridge_lags_1_2_5_alpha_1,13,2024-06-12,2024-06-13,2024-06-26,10,10,0.12359410797008946
10,4,ridge_lags_1_2_5_alpha_1,14,2024-06-26,2024-06-27,2024-07-10,10,10,0.15935110629006394
10,4,ridge_lags_1_2_5_alpha_1,15,2024-07-10,2024-07-11,2024-07-24,10,10,0.14624844838625853
10,4,ridge_lags_1_2_5_alpha_1,16,2024-07-24,2024-07-25,2024-08-07,10,10,0.0982457227281269
10,4,ridge_lags_1_2_5_alpha_1,17,2024-08-07,2024-08-08,2024-08-21,10,10,0.239519681749968
10,4,ridge_lags_1_2_5_alpha_1,18,2024-08-21,2024-08-22,2024-09-04,10,10,0.11684120391748756
10,4,ridge_lags_1_2_5_alpha_1,19,2024-09-04,2024-09-05,2024-09-18,10,10,0.1504279697093608
10,4,ridge_lags_1_2_5_alpha_1,20,2024-09-18,2024-09-19,2024-10-02,10,10,0.2218100740210046
10,4,ridge_lags_1_2_5_alpha_1,21,2024-10-02,2024-10-03,2024-10-16,10,10,0.34411193119090444
10,4,ridge_lags_1_2_5_alpha_1,22,2024-10-16,2024-10-17,2024-10-30,10,10,0.14834346912379304
10,4,ridge_lags_1_2_5_alpha_1,23,2024-10-30,2024-10-31,2024-11-13,10,10,0.08545986806681921
10,4,ridge_lags_1_2_5_alpha_1,24,2024-11-13,2024-11-14,2024-11-27,10,10,0.09872442652935251
10,4,ridge_lags_1_2_5_alpha_1,25,2024-11-27,2024-11-28,2024-12-11,10,10,0.09702470465200945
10,4,ridge_lags_1_2_5_alpha_1,26,2024-12-11,2024-12-12,2024-12-25,10,9,0.12025996387321058
10,4,ridge_lags_1_2_5_alpha_1,27,2024-12-25,2024-12-26,2024-12-31,4,4,0.5827723661134189
10,5,ridge_lags_1_2_5_alpha_1,1,2023-12-27,2023-12-28,2024-01-10,10,9,0.2935429651398699
10,5,ridge_lags_1_2_5_alpha_1,2,2024-01-10,2024-01-11,2024-01-24,10,10,0.26669148413897276
10,5,ridge_lags_1_2_5_alpha_1,3,2024-01-24,2024-01-25,2024-02-07,10,10,0.13049520865566483
10,5,ridge_lags_1_2_5_alpha_1,4,2024-02-07,2024-02-08,2024-02-21,10,6,0.15785463668890748
10,5,ridge_lags_1_2_5_alpha_1,5,2024-02-21,2024-02-22,2024-03-06,10,10,0.08062040478620221
10,5,ridge_lags_1_2_5_alpha_1,6,2024-03-06,2024-03-07,2024-03-20,10,10,0.1085193540009265
10,5,ridge_lags_1_2_5_alpha_1,7,2024-03-20,2024-03-21,2024-04-03,10,10,0.12594557675681248
10,5,ridge_lags_1_2_5_alpha_1,8,2024-04-03,2024-04-04,2024-04-17,10,10,0.102913209375642
10,5,ridge_lags_1_2_5_alpha_1,9,2024-04-17,2024-04-18,2024-05-01,10,10,0.3075665342667726
10,5,ridge_lags_1_2_5_alpha_1,10,2024-05-01,2024-05-02,2024-05-15,10,10,0.1561737805185548
10,5,ridge_lags_1_2_5_alpha_1,11,2024-05-15,2024-05-16,2024-05-29,10,10,0.24520645846465017
10,5,ridge_lags_1_2_5_alpha_1,12,2024-05-29,2024-05-30,2024-06-12,10,10,0.06863646567412528
10,5,ridge_lags_1_2_5_alpha_1,13,2024-06-12,2024-06-13,2024-06-26,10,10,0.05256556847785763
10,5,ridge_lags_1_2_5_alpha_1,14,2024-06-26,2024-06-27,2024-07-10,10,10,0.08553324248644993
10,5,ridge_lags_1_2_5_alpha_1,15,2024-07-10,2024-07-11,2024-07-24,10,10,0.07471498300101805
10,5,ridge_lags_1_2_5_alpha_1,16,2024-07-24,2024-07-25,2024-08-07,10,10,0.11097937337481004
10,5,ridge_lags_1_2_5_alpha_1,17,2024-08-07,2024-08-08,2024-08-21,10,10,0.10949086964878883
10,5,ridge_lags_1_2_5_alpha_1,18,2024-08-21,2024-08-22,2024-09-04,10,10,0.0677931783316537
10,5,ridge_lags_1_2_5_alpha_1,19,2024-09-04,2024-09-05,2024-09-18,10,10,0.06853307234884486
10,5,ridge_lags_1_2_5_alpha_1,20,2024-09-18,2024-09-19,2024-10-02,10,10,0.10131486847748317
10,5,ridge_lags_1_2_5_alpha_1,21,2024-10-02,2024-10-03,2024-10-16,10,10,0.06435216407072346
10,5,ridge_lags_1_2_5_alpha_1,22,2024-10-16,2024-10-17,2024-10-30,10,10,0.045278614802187464
10,5,ridge_lags_1_2_5_alpha_1,23,2024-10-30,2024-10-31,2024-11-13,10,10,0.12857141825057936
10,5,ridge_lags_1_2_5_alpha_1,24,2024-11-13,2024-11-14,2024-11-27,10,10,0.09639097641800404
10,5,ridge_lags_1_2_5_alpha_1,25,2024-11-27,2024-11-28,2024-12-11,10,10,0.053521455798069044
10,5,ridge_lags_1_2_5_alpha_1,26,2024-12-11,2024-12-12,2024-12-25,10,9,0.03816818607058044
10,5,ridge_lags_1_2_5_alpha_1,27,2024-12-25,2024-12-26,2024-12-31,4,4,0.14343122620672127
10,6,ridge_lags_1_2_5_alpha_1,1,2023-12-27,2023-12-28,2024-01-10,10,9,0.15630758509731754
10,6,ridge_lags_1_2_5_alpha_1,2,2024-01-10,2024-01-11,2024-01-24,10,10,0.09835402578811002
10,6,ridge_lags_1_2_5_alpha_1,3,2024-01-24,2024-01-25,2024-02-07,10,10,0.11384179904210497
10,6,ridge_lags_1_2_5_alpha_1,4,2024-02-07,2024-02-08,2024-02-21,10,6,0.1138568542945806
10,6,ridge_lags_1_2_5_alpha_1,5,2024-02-21,2024-02-22,2024-03-06,10,10,0.16794132723558697
10,6,ridge_lags_1_2_5_alpha_1,6,2024-03-06,2024-03-07,2024-03-20,10,10,0.1572413335208128
10,6,ridge_lags_1_2_5_alpha_1,7,2024-03-20,2024-03-21,2024-04-03,10,10,0.17649068225780923
10,6,ridge_lags_1_2_5_alpha_1,8,2024-04-03,2024-04-04,2024-04-17,10,10,0.16631022431154185
10,6,ridge_lags_1_2_5_alpha_1,9,2024-04-17,2024-04-18,2024-05-01,10,10,0.16417701112707708
10,6,ridge_lags_1_2_5_alpha_1,10,2024-05-01,2024-05-02,2024-05-15,10,10,0.11447796616807947
10,6,ridge_lags_1_2_5_alpha_1,11,2024-05-15,2024-05-16,2024-05-29,10,10,0.3284068877990618
10,6,ridge_lags_1_2_5_alpha_1,12,2024-05-29,2024-05-30,2024-06-12,10,10,0.1437470243424959
10,6,ridge_lags_1_2_5_alpha_1,13,2024-06-12,2024-06-13,2024-06-26,10,10,0.15666153709436592
10,6,ridge_lags_1_2_5_alpha_1,14,2024-06-26,2024-06-27,2024-07-10,10,10,0.10872201213979149
10,6,ridge_lags_1_2_5_alpha_1,15,2024-07-10,2024-07-11,2024-07-24,10,10,0.1216731283373279
10,6,ridge_lags_1_2_5_alpha_1,16,2024-07-24,2024-07-25,2024-08-07,10,10,0.14753027614882297
10,6,ridge_lags_1_2_5_alpha_1,17,2024-08-07,2024-08-08,2024-08-21,10,10,0.19962546757450736
10,6,ridge_lags_1_2_5_alpha_1,18,2024-08-21,2024-08-22,2024-09-04,10,10,0.1388118850597917
10,6,ridge_lags_1_2_5_alpha_1,19,2024-09-04,2024-09-05,2024-09-18,10,10,0.06582349176022619
10,6,ridge_lags_1_2_5_alpha_1,20,2024-09-18,2024-09-19,2024-10-02,10,10,0.11826855556244309
10,6,ridge_lags_1_2_5_alpha_1,21,2024-10-02,2024-10-03,2024-10-16,10,10,0.07180193007564514
10,6,ridge_lags_1_2_5_alpha_1,22,2024-10-16,2024-10-17,2024-10-30,10,10,0.08672555253233308
10,6,ridge_lags_1_2_5_alpha_1,23,2024-10-30,2024-10-31,2024-11-13,10,10,0.12444954105349544
10,6,ridge_lags_1_2_5_alpha_1,24,2024-11-13,2024-11-14,2024-11-27,10,10,0.0685103812167787
10,6,ridge_lags_1_2_5_alpha_1,25,2024-11-27,2024-11-28,2024-12-11,10,10,0.14905628662850934
10,6,ridge_lags_1_2_5_alpha_1,26,2024-12-11,2024-12-12,2024-12-25,10,9,0.16608185920846588
10,6,ridge_lags_1_2_5_alpha_1,27,2024-12-25,2024-12-26,2024-12-31,4,4,0.30101388062201156
10,7,ridge_lags_1_2_5_alpha_1,1,2023-12-27,2023-12-28,2024-01-10,10,9,0.21115724598515273
10,7,ridge_lags_1_2_5_alpha_1,2,2024-01-10,2024-01-11,2024-01-24,10,10,0.3269235301229073
10,7,ridge_lags_1_2_5_alpha_1,3,2024-01-24,2024-01-25,2024-02-07,10,10,0.19978625419377513
10,7,ridge_lags_1_2_5_alpha_1,4,2024-02-07,2024-02-08,2024-02-21,10,6,0.18951281591436148
10,7,ridge_lags_1_2_5_alpha_1,5,2024-02-21,2024-02-22,2024-03-06,10,10,0.18723482119917945
10,7,ridge_lags_1_2_5_alpha_1,6,2024-03-06,2024-03-07,2024-03-20,10,10,0.15481780269927242
10,7,ridge_lags_1_2_5_alpha_1,7,2024-03-20,2024-03-21,2024-04-03,10,10,0.22127878259291942
10,7,ridge_lags_1_2_5_alpha_1,8,2024-04-03,2024-04-04,2024-04-17,10,10,0.15688207460847808
10,7,ridge_lags_1_2_5_alpha_1,9,2024-04-17,2024-04-18,2024-05-01,10,10,0.323253847408665
10,7,ridge_lags_1_2_5_alpha_1,10,2024-05-01,2024-05-02,2024-05-15,10,10,0.17824122245622223
10,7,ridge_lags_1_2_5_alpha_1,11,2024-05-15,2024-05-16,2024-05-29,10,10,0.38186701038541515
10,7,ridge_lags_1_2_5_alpha_1,12,2024-05-29,2024-05-30,2024-06-12,10,10,0.15159016796175784
10,7,ridge_lags_1_2_5_alpha_1,13,2024-06-12,2024-06-13,2024-06-26,10,10,0.1623713724202605
10,7,ridge_lags_1_2_5_alpha_1,14,2024-06-26,2024-06-27,2024-07-10,10,10,0.11781159132049718
10,7,ridge_lags_1_2_5_alpha_1,15,2024-07-10,2024-07-11,2024-07-24,10,10,0.16418248894200935
10,7,ridge_lags_1_2_5_alpha_1,16,2024-07-24,2024-07-25,2024-08-07,10,10,0.2007393288332484
10,7,ridge_lags_1_2_5_alpha_1,17,2024-08-07,2024-08-08,2024-08-21,10,10,0.3836341911031068
10,7,ridge_lags_1_2_5_alpha_1,18,2024-08-21,2024-08-22,2024-09-04,10,10,0.37590259582368546
10,7,ridge_lags_1_2_5_alpha_1,19,2024-09-04,2024-09-05,2024-09-18,10,10,0.23576600474723325
10,7,ridge_lags_1_2_5_alpha_1,20,2024-09-18,2024-09-19,2024-10-02,10,10,0.36667753111225454
10,7,ridge_lags_1_2_5_alpha_1,21,2024-10-02,2024-10-03,2024-10-16,10,10,0.5293158463783401
10,7,ridge_lags_1_2_5_alpha_1,22,2024-10-16,2024-10-17,2024-10-30,10,10,0.38545540431834024
10,7,ridge_lags_1_2_5_alpha_1,23,2024-10-30,2024-10-31,2024-11-13,10,10,0.41771811202976733
10,7,ridge_lags_1_2_5_alpha_1,24,2024-11-13,2024-11-14,2024-11-27,10,10,0.4178582072685318
10,7,ridge_lags_1_2_5_alpha_1,25,2024-11-27,2024-11-28,2024-12-11,10,10,0.25660242550225115
10,7,ridge_lags_1_2_5_alpha_1,26,2024-12-11,2024-12-12,2024-12-25,10,9,0.20064539850103663
10,7,ridge_lags_1_2_5_alpha_1,27,2024-12-25,2024-12-26,2024-12-31,4,4,0.7745801223954561
10,8,ridge_lags_1_2_5_alpha_1,1,2023-12-27,2023-12-28,2024-01-10,10,9,0.3634193363480595
10,8,ridge_lags_1_2_5_alpha_1,2,2024-01-10,2024-01-11,2024-01-24,10,10,0.1959136833838966
10,8,ridge_lags_1_2_5_alpha_1,3,2024-01-24,2024-01-25,2024-02-07,10,10,0.18091323633361717
10,8,ridge_lags_1_2_5_alpha_1,4,2024-02-07,2024-02-08,2024-02-21,10,6,0.348677935589044
10,8,ridge_lags_1_2_5_alpha_1,5,2024-02-21,2024-02-22,2024-03-06,10,10,0.4446383309589539
10,8,ridge_lags_1_2_5_alpha_1,6,2024-03-06,2024-03-07,2024-03-20,10,10,0.41942897285541386
10,8,ridge_lags_1_2_5_alpha_1,7,2024-03-20,2024-03-21,2024-04-03,10,10,0.591902369528426
10,8,ridge_lags_1_2_5_alpha_1,8,2024-04-03,2024-04-04,2024-04-17,10,10,0.7860168516837253
10,8,ridge_lags_1_2_5_alpha_1,9,2024-04-17,2024-04-18,2024-05-01,10,10,0.4195362128940575
10,8,ridge_lags_1_2_5_alpha_1,10,2024-05-01,2024-05-02,2024-05-15,10,10,0.2983810088950846
10,8,ridge_lags_1_2_5_alpha_1,11,2024-05-15,2024-05-16,2024-05-29,10,10,0.4523361781510972
10,8,ridge_lags_1_2_5_alpha_1,12,2024-05-29,2024-05-30,2024-06-12,10,10,0.2399684797017274
10,8,ridge_lags_1_2_5_alpha_1,13,2024-06-12,2024-06-13,2024-06-26,10,10,0.2119224525208383
10,8,ridge_lags_1_2_5_alpha_1,14,2024-06-26,2024-06-27,2024-07-10,10,10,0.08549697772222795
10,8,ridge_lags_1_2_5_alpha_1,15,2024-07-10,2024-07-11,2024-07-24,10,10,0.09365777930771463
10,8,ridge_lags_1_2_5_alpha_1,16,2024-07-24,2024-07-25,2024-08-07,10,10,0.1855755056379469
10,8,ridge_lags_1_2_5_alpha_1,17,2024-08-07,2024-08-08,2024-08-21,10,10,0.13526289140116238
10,8,ridge_lags_1_2_5_alpha_1,18,2024-08-21,2024-08-22,2024-09-04,10,10,0.07239011139861555
10,8,ridge_lags_1_2_5_alpha_1,19,2024-09-04,2024-09-05,2024-09-18,10,10,0.09041992637237534
10,8,ridge_lags_1_2_5_alpha_1,20,2024-09-18,2024-09-19,2024-10-02,10,10,0.18168891953367405
10,8,ridge_lags_1_2_5_alpha_1,21,2024-10-02,2024-10-03,2024-10-16,10,10,0.10689818368203839
10,8,ridge_lags_1_2_5_alpha_1,22,2024-10-16,2024-10-17,2024-10-30,10,10,0.03978852236218142
10,8,ridge_lags_1_2_5_alpha_1,23,2024-10-30,2024-10-31,2024-11-13,10,10,0.10428271143165198
10,8,ridge_lags_1_2_5_alpha_1,24,2024-11-13,2024-11-14,2024-11-27,10,10,0.15604480301420545
10,8,ridge_lags_1_2_5_alpha_1,25,2024-11-27,2024-11-28,2024-12-11,10,10,0.10383920609004559
10,8,ridge_lags_1_2_5_alpha_1,26,2024-12-11,2024-12-12,2024-12-25,10,9,0.08150207731686533
10,8,ridge_lags_1_2_5_alpha_1,27,2024-12-25,2024-12-26,2024-12-31,4,4,0.13686179390701556
10,9,ridge_lags_1_2_5_alpha_1,1,2023-12-27,2023-12-28,2024-01-10,10,9,0.48692846688943187
10,9,ridge_lags_1_2_5_alpha_1,2,2024-01-10,2024-01-11,2024-01-24,10,10,0.5216310373752254
10,9,ridge_lags_1_2_5_alpha_1,3,2024-01-24,2024-01-25,2024-02-07,10,10,0.42012742332855385
10,9,ridge_lags_1_2_5_alpha_1,4,2024-02-07,2024-02-08,2024-02-21,10,6,0.46350306971191807
10,9,ridge_lags_1_2_5_alpha_1,5,2024-02-21,2024-02-22,2024-03-06,10,10,0.05399421383415363
10,9,ridge_lags_1_2_5_alpha_1,6,2024-03-06,2024-03-07,2024-03-20,10,10,0.0710655400187861
10,9,ridge_lags_1_2_5_alpha_1,7,2024-03-20,2024-03-21,2024-04-03,10,10,0.2592311341469862
10,9,ridge_lags_1_2_5_alpha_1,8,2024-04-03,2024-04-04,2024-04-17,10,10,0.3352645357426747
10,9,ridge_lags_1_2_5_alpha_1,9,2024-04-17,2024-04-18,2024-05-01,10,10,0.21689300668122727
10,9,ridge_lags_1_2_5_alpha_1,10,2024-05-01,2024-05-02,2024-05-15,10,10,0.5158536277558409
10,9,ridge_lags_1_2_5_alpha_1,11,2024-05-15,2024-05-16,2024-05-29,10,10,0.49537283754896166
10,9,ridge_lags_1_2_5_alpha_1,12,2024-05-29,2024-05-30,2024-06-12,10,10,0.2853543976954769
10,9,ridge_lags_1_2_5_alpha_1,13,2024-06-12,2024-06-13,2024-06-26,10,10,0.256899267602203
10,9,ridge_lags_1_2_5_alpha_1,14,2024-06-26,2024-06-27,2024-07-10,10,10,0.24116356471028144
10,9,ridge_lags_1_2_5_alpha_1,15,2024-07-10,2024-07-11,2024-07-24,10,10,0.05746909013457503
10,9,ridge_lags_1_2_5_alpha_1,16,2024-07-24,2024-07-25,2024-08-07,10,10,0.14398256399248477
10,9,ridge_lags_1_2_5_alpha_1,17,2024-08-07,2024-08-08,2024-08-21,10,10,0.1410546168811219
10,9,ridge_lags_1_2_5_alpha_1,18,2024-08-21,2024-08-22,2024-09-04,10,10,0.11498503723098784
10,9,ridge_lags_1_2_5_alpha_1,19,2024-09-04,2024-09-05,2024-09-18,10,10,0.17429379492510513
10,9,ridge_lags_1_2_5_alpha_1,20,2024-09-18,2024-09-19,2024-10-02,10,10,0.041576487828005215
10,9,ridge_lags_1_2_5_alpha_1,21,2024-10-02,2024-10-03,2024-10-16,10,10,0.16102893749382502
10,9,ridge_lags_1_2_5_alpha_1,22,2024-10-16,2024-10-17,2024-10-30,10,10,0.11793633108141327
10,9,ridge_lags_1_2_5_alpha_1,23,2024-10-30,2024-10-31,2024-11-13,10,10,0.17010291477189704
10,9,ridge_lags_1_2_5_alpha_1,24,2024-11-13,2024-11-14,2024-11-27,10,10,0.14139205421062986
10,9,ridge_lags_1_2_5_alpha_1,25,2024-11-27,2024-11-28,2024-12-11,10,10,0.08343913677061356
10,9,ridge_lags_1_2_5_alpha_1,26,2024-12-11,2024-12-12,2024-12-25,10,9,0.06734241157365832
10,9,ridge_lags_1_2_5_alpha_1,27,2024-12-25,2024-12-26,2024-12-31,4,4,0.25846809479725896
10,10,ridge_lags_1_2_5_alpha_1,1,2023-12-27,2023-12-28,2024-01-10,10,9,0.10910981461378277
10,10,ridge_lags_1_2_5_alpha_1,2,2024-01-10,2024-01-11,2024-01-24,10,10,0.1021420037840542
10,10,ridge_lags_1_2_5_alpha_1,3,2024-01-24,2024-01-25,2024-02-07,10,10,0.11285072710750217
10,10,ridge_lags_1_2_5_alpha_1,4,2024-02-07,2024-02-08,2024-02-21,10,6,0.1696307450094517
10,10,ridge_lags_1_2_5_alpha_1,5,2024-02-21,2024-02-22,2024-03-06,10,10,0.15021774385166395
10,10,ridge_lags_1_2_5_alpha_1,6,2024-03-06,2024-03-07,2024-03-20,10,10,0.14184857128105435
10,10,ridge_lags_1_2_5_alpha_1,7,2024-03-20,2024-03-21,2024-04-03,10,10,0.18841280010830003
10,10,ridge_lags_1_2_5_alpha_1,8,2024-04-03,2024-04-04,2024-04-17,10,10,0.11393834740479183
10,10,ridge_lags_1_2_5_alpha_1,9,2024-04-17,2024-04-18,2024-05-01,10,10,0.21373662796954065
10,10,ridge_lags_1_2_5_alpha_1,10,2024-05-01,2024-05-02,2024-05-15,10,10,0.24230916599979657
10,10,ridge_lags_1_2_5_alpha_1,11,2024-05-15,2024-05-16,2024-05-29,10,10,0.16989843694165552
10,10,ridge_lags_1_2_5_alpha_1,12,2024-05-29,2024-05-30,2024-06-12,10,10,0.09406544929166748
10,10,ridge_lags_1_2_5_alpha_1,13,2024-06-12,2024-06-13,2024-06-26,10,10,0.06137388340241582
10,10,ridge_lags_1_2_5_alpha_1,14,2024-06-26,2024-06-27,2024-07-10,10,10,0.11764552573458945
10,10,ridge_lags_1_2_5_alpha_1,15,2024-07-10,2024-07-11,2024-07-24,10,10,0.06751854557857573
10,10,ridge_lags_1_2_5_alpha_1,16,2024-07-24,2024-07-25,2024-08-07,10,10,0.08090437733965579
10,10,ridge_lags_1_2_5_alpha_1,17,2024-08-07,2024-08-08,2024-08-21,10,10,0.14260818429605432
10,10,ridge_lags_1_2_5_alpha_1,18,2024-08-21,2024-08-22,2024-09-04,10,10,0.062347642462989544
10,10,ridge_lags_1_2_5_alpha_1,19,2024-09-04,2024-09-05,2024-09-18,10,10,0.06155129370620324
10,10,ridge_lags_1_2_5_alpha_1,20,2024-09-18,2024-09-19,2024-10-02,10,10,0.06236948312699597
10,10,ridge_lags_1_2_5_alpha_1,21,2024-10-02,2024-10-03,2024-10-16,10,10,0.15323735126598037
10,10,ridge_lags_1_2_5_alpha_1,22,2024-10-16,2024-10-17,2024-10-30,10,10,0.10469190647562066
10,10,ridge_lags_1_2_5_alpha_1,23,2024-10-30,2024-10-31,2024-11-13,10,10,0.1044315771432451
10,10,ridge_lags_1_2_5_alpha_1,24,2024-11-13,2024-11-14,2024-11-27,10,10,0.07609367853377709
10,10,ridge_lags_1_2_5_alpha_1,25,2024-11-27,2024-11-28,2024-12-11,10,10,0.07090336415650138
10,10,ridge_lags_1_2_5_alpha_1,26,2024-12-11,2024-12-12,2024-12-25,10,9,0.07480890969185224
10,10,ridge_lags_1_2_5_alpha_1,27,2024-12-25,2024-12-26,2024-12-31,4,4,0.1798760993979966
10,11,ridge_lags_1_2_5_alpha_1,1,2023-12-27,2023-12-28,2024-01-10,10,9,0.3908995898216088
10,11,ridge_lags_1_2_5_alpha_1,2,2024-01-10,2024-01-11,2024-01-24,10,10,1.5744217655216333
10,11,ridge_lags_1_2_5_alpha_1,3,2024-01-24,2024-01-25,2024-02-07,10,10,0.8552441833255662
10,11,ridge_lags_1_2_5_alpha_1,4,2024-02-07,2024-02-08,2024-02-21,10,6,0.2288372349631045
10,11,ridge_lags_1_2_5_alpha_1,5,2024-02-21,2024-02-22,2024-03-06,10,10,0.2464845596701525
10,11,ridge_lags_1_2_5_alpha_1,6,2024-03-06,2024-03-07,2024-03-20,10,10,0.2789575087375604
10,11,ridge_lags_1_2_5_alpha_1,7,2024-03-20,2024-03-21,2024-04-03,10,10,0.24768831755723833
10,11,ridge_lags_1_2_5_alpha_1,8,2024-04-03,2024-04-04,2024-04-17,10,10,0.4555622899682004
10,11,ridge_lags_1_2_5_alpha_1,9,2024-04-17,2024-04-18,2024-05-01,10,10,0.10061011672800509
10,11,ridge_lags_1_2_5_alpha_1,10,2024-05-01,2024-05-02,2024-05-15,10,10,0.41086849443783885
10,11,ridge_lags_1_2_5_alpha_1,11,2024-05-15,2024-05-16,2024-05-29,10,10,0.4288404688801965
10,11,ridge_lags_1_2_5_alpha_1,12,2024-05-29,2024-05-30,2024-06-12,10,10,0.37502489502643566
10,11,ridge_lags_1_2_5_alpha_1,13,2024-06-12,2024-06-13,2024-06-26,10,10,0.3417597765367788
10,11,ridge_lags_1_2_5_alpha_1,14,2024-06-26,2024-06-27,2024-07-10,10,10,0.114652318264397
10,11,ridge_lags_1_2_5_alpha_1,15,2024-07-10,2024-07-11,2024-07-24,10,10,0.2518429160381343
10,11,ridge_lags_1_2_5_alpha_1,16,2024-07-24,2024-07-25,2024-08-07,10,10,0.19559634064393194
10,11,ridge_lags_1_2_5_alpha_1,17,2024-08-07,2024-08-08,2024-08-21,10,10,0.2937609394725064
10,11,ridge_lags_1_2_5_alpha_1,18,2024-08-21,2024-08-22,2024-09-04,10,10,0.25487087994222896
10,11,ridge_lags_1_2_5_alpha_1,19,2024-09-04,2024-09-05,2024-09-18,10,10,0.33928234327780254
10,11,ridge_lags_1_2_5_alpha_1,20,2024-09-18,2024-09-19,2024-10-02,10,10,0.2245347295313377
10,11,ridge_lags_1_2_5_alpha_1,21,2024-10-02,2024-10-03,2024-10-16,10,10,0.3365083439357465
10,11,ridge_lags_1_2_5_alpha_1,22,2024-10-16,2024-10-17,2024-10-30,10,10,0.12677761659834813
10,11,ridge_lags_1_2_5_alpha_1,23,2024-10-30,2024-10-31,2024-11-13,10,10,0.12051842272324556
10,11,ridge_lags_1_2_5_alpha_1,24,2024-11-13,2024-11-14,2024-11-27,10,10,0.5592532972595731
10,11,ridge_lags_1_2_5_alpha_1,25,2024-11-27,2024-11-28,2024-12-11,10,10,1.6515812899968685
10,11,ridge_lags_1_2_5_alpha_1,26,2024-12-11,2024-12-12,2024-12-25,10,9,1.7242513510592041
10,11,ridge_lags_1_2_5_alpha_1,27,2024-12-25,2024-12-26,2024-12-31,4,4,1.8989475097218373
10,12,ridge_lags_1_2_5_alpha_1,1,2023-12-27,2023-12-28,2024-01-10,10,9,0.7620587080817076
10,12,ridge_lags_1_2_5_alpha_1,2,2024-01-10,2024-01-11,2024-01-24,10,10,1.1533854365561202
10,12,ridge_lags_1_2_5_alpha_1,3,2024-01-24,2024-01-25,2024-02-07,10,10,0.8592067620065578
10,12,ridge_lags_1_2_5_alpha_1,4,2024-02-07,2024-02-08,2024-02-21,10,6,1.8823357883404728
10,12,ridge_lags_1_2_5_alpha_1,5,2024-02-21,2024-02-22,2024-03-06,10,10,1.6666889010016694
10,12,ridge_lags_1_2_5_alpha_1,6,2024-03-06,2024-03-07,2024-03-20,10,10,1.8963272900555976
10,12,ridge_lags_1_2_5_alpha_1,7,2024-03-20,2024-03-21,2024-04-03,10,10,2.0
10,12,ridge_lags_1_2_5_alpha_1,8,2024-04-03,2024-04-04,2024-04-17,10,10,1.8105748722229096
10,12,ridge_lags_1_2_5_alpha_1,9,2024-04-17,2024-04-18,2024-05-01,10,10,1.6759481720135871
10,12,ridge_lags_1_2_5_alpha_1,10,2024-05-01,2024-05-02,2024-05-15,10,10,0.7810435402470621
10,12,ridge_lags_1_2_5_alpha_1,11,2024-05-15,2024-05-16,2024-05-29,10,10,1.3046520875861833
10,12,ridge_lags_1_2_5_alpha_1,12,2024-05-29,2024-05-30,2024-06-12,10,10,1.2559024529610132
10,12,ridge_lags_1_2_5_alpha_1,13,2024-06-12,2024-06-13,2024-06-26,10,10,0.6979273441422778
10,12,ridge_lags_1_2_5_alpha_1,14,2024-06-26,2024-06-27,2024-07-10,10,10,1.0915599605734023
10,12,ridge_lags_1_2_5_alpha_1,15,2024-07-10,2024-07-11,2024-07-24,10,10,1.4025876071964345
10,12,ridge_lags_1_2_5_alpha_1,16,2024-07-24,2024-07-25,2024-08-07,10,10,1.0727688970943536
10,12,ridge_lags_1_2_5_alpha_1,17,2024-08-07,2024-08-08,2024-08-21,10,10,1.2542603010439175
10,12,ridge_lags_1_2_5_alpha_1,18,2024-08-21,2024-08-22,2024-09-04,10,10,1.2266978459021143
10,12,ridge_lags_1_2_5_alpha_1,19,2024-09-04,2024-09-05,2024-09-18,10,10,0.9028019471218927
10,12,ridge_lags_1_2_5_alpha_1,20,2024-09-18,2024-09-19,2024-10-02,10,10,1.0544118401359033
10,12,ridge_lags_1_2_5_alpha_1,21,2024-10-02,2024-10-03,2024-10-16,10,10,0.9907749766874432
10,12,ridge_lags_1_2_5_alpha_1,22,2024-10-16,2024-10-17,2024-10-30,10,10,0.87114194968721
10,12,ridge_lags_1_2_5_alpha_1,23,2024-10-30,2024-10-31,2024-11-13,10,10,1.0529540311430778
10,12,ridge_lags_1_2_5_alpha_1,24,2024-11-13,2024-11-14,2024-11-27,10,10,0.37030037775352515
10,12,ridge_lags_1_2_5_alpha_1,25,2024-11-27,2024-11-28,2024-12-11,10,10,1.1670010699663602
10,12,ridge_lags_1_2_5_alpha_1,26,2024-12-11,2024-12-12,2024-12-25,10,9,1.2732742443012266
10,12,ridge_lags_1_2_5_alpha_1,27,2024-12-25,2024-12-26,2024-12-31,4,4,2.0
10,13,ridge_lags_1_2_5_alpha_1,1,2023-12-27,2023-12-28,2024-01-10,10,9,2.0
10,13,ridge_lags_1_2_5_alpha_1,2,2024-01-10,2024-01-11,2024-01-24,10,10,2.0
10,13,ridge_lags_1_2_5_alpha_1,3,2024-01-24,2024-01-25,2024-02-07,10,10,1.9756511974137902
10,13,ridge_lags_1_2_5_alpha_1,4,2024-02-07,2024-02-08,2024-02-21,10,6,2.0
10,13,ridge_lags_1_2_5_alpha_1,5,2024-02-21,2024-02-22,2024-03-06,10,10,2.0
10,13,ridge_lags_1_2_5_alpha_1,6,2024-03-06,2024-03-07,2024-03-20,10,10,1.550747156717164
10,13,ridge_lags_1_2_5_alpha_1,7,2024-03-20,2024-03-21,2024-04-03,10,10,1.5591411067728354
10,13,ridge_lags_1_2_5_alpha_1,8,2024-04-03,2024-04-04,2024-04-17,10,10,2.0
10,13,ridge_lags_1_2_5_alpha_1,9,2024-04-17,2024-04-18,2024-05-01,10,10,1.4026510371106284
10,13,ridge_lags_1_2_5_alpha_1,10,2024-05-01,2024-05-02,2024-05-15,10,10,0.884596385564041
10,13,ridge_lags_1_2_5_alpha_1,11,2024-05-15,2024-05-16,2024-05-29,10,10,2.0
10,13,ridge_lags_1_2_5_alpha_1,12,2024-05-29,2024-05-30,2024-06-12,10,10,1.8671448760789144
10,13,ridge_lags_1_2_5_alpha_1,13,2024-06-12,2024-06-13,2024-06-26,10,10,1.9450320440646334
10,13,ridge_lags_1_2_5_alpha_1,14,2024-06-26,2024-06-27,2024-07-10,10,10,1.9101061912830422
10,13,ridge_lags_1_2_5_alpha_1,15,2024-07-10,2024-07-11,2024-07-24,10,10,1.7069015269616932
10,13,ridge_lags_1_2_5_alpha_1,16,2024-07-24,2024-07-25,2024-08-07,10,10,1.5656760878813631
10,13,ridge_lags_1_2_5_alpha_1,17,2024-08-07,2024-08-08,2024-08-21,10,10,1.6598195401654507
10,13,ridge_lags_1_2_5_alpha_1,18,2024-08-21,2024-08-22,2024-09-04,10,10,1.564121670603818
10,13,ridge_lags_1_2_5_alpha_1,19,2024-09-04,2024-09-05,2024-09-18,10,10,1.8929075437289393
10,13,ridge_lags_1_2_5_alpha_1,20,2024-09-18,2024-09-19,2024-10-02,10,10,1.983805760909656
10,13,ridge_lags_1_2_5_alpha_1,21,2024-10-02,2024-10-03,2024-10-16,10,10,1.608280471397982
10,13,ridge_lags_1_2_5_alpha_1,22,2024-10-16,2024-10-17,2024-10-30,10,10,2.0
10,13,ridge_lags_1_2_5_alpha_1,23,2024-10-30,2024-10-31,2024-11-13,10,10,2.0
10,13,ridge_lags_1_2_5_alpha_1,24,2024-11-13,2024-11-14,2024-11-27,10,10,2.0
10,13,ridge_lags_1_2_5_alpha_1,25,2024-11-27,2024-11-28,2024-12-11,10,10,1.978926033500509
10,13,ridge_lags_1_2_5_alpha_1,26,2024-12-11,2024-12-12,2024-12-25,10,9,1.9384584462012828
10,13,ridge_lags_1_2_5_alpha_1,27,2024-12-25,2024-12-26,2024-12-31,4,4,1.7154982513942474
10,1,ridge_lags_1_2_3_4_5_10_alpha_1,1,2023-12-27,2023-12-28,2024-01-10,10,9,0.17216922866467424
10,1,ridge_lags_1_2_3_4_5_10_alpha_1,2,2024-01-10,2024-01-11,2024-01-24,10,10,0.28740333664387263
10,1,ridge_lags_1_2_3_4_5_10_alpha_1,3,2024-01-24,2024-01-25,2024-02-07,10,10,0.08476482712493447
10,1,ridge_lags_1_2_3_4_5_10_alpha_1,4,2024-02-07,2024-02-08,2024-02-21,10,6,0.13662869439149758
10,1,ridge_lags_1_2_3_4_5_10_alpha_1,5,2024-02-21,2024-02-22,2024-03-06,10,10,0.07347909006072109
10,1,ridge_lags_1_2_3_4_5_10_alpha_1,6,2024-03-06,2024-03-07,2024-03-20,10,10,0.08384834943015422
10,1,ridge_lags_1_2_3_4_5_10_alpha_1,7,2024-03-20,2024-03-21,2024-04-03,10,10,0.12477388320005477
10,1,ridge_lags_1_2_3_4_5_10_alpha_1,8,2024-04-03,2024-04-04,2024-04-17,10,10,0.08067004600163834
10,1,ridge_lags_1_2_3_4_5_10_alpha_1,9,2024-04-17,2024-04-18,2024-05-01,10,10,0.19876560034599142
10,1,ridge_lags_1_2_3_4_5_10_alpha_1,10,2024-05-01,2024-05-02,2024-05-15,10,10,0.16632330293914072
10,1,ridge_lags_1_2_3_4_5_10_alpha_1,11,2024-05-15,2024-05-16,2024-05-29,10,10,0.09662784155920492
10,1,ridge_lags_1_2_3_4_5_10_alpha_1,12,2024-05-29,2024-05-30,2024-06-12,10,10,0.11924642028838509
10,1,ridge_lags_1_2_3_4_5_10_alpha_1,13,2024-06-12,2024-06-13,2024-06-26,10,10,0.08977274643193923
10,1,ridge_lags_1_2_3_4_5_10_alpha_1,14,2024-06-26,2024-06-27,2024-07-10,10,10,0.06123099907981462
10,1,ridge_lags_1_2_3_4_5_10_alpha_1,15,2024-07-10,2024-07-11,2024-07-24,10,10,0.05870521656163154
10,1,ridge_lags_1_2_3_4_5_10_alpha_1,16,2024-07-24,2024-07-25,2024-08-07,10,10,0.08855990963267091
10,1,ridge_lags_1_2_3_4_5_10_alpha_1,17,2024-08-07,2024-08-08,2024-08-21,10,10,0.10572797082415955
10,1,ridge_lags_1_2_3_4_5_10_alpha_1,18,2024-08-21,2024-08-22,2024-09-04,10,10,0.09467371873534834
10,1,ridge_lags_1_2_3_4_5_10_alpha_1,19,2024-09-04,2024-09-05,2024-09-18,10,10,0.17590045726139067
10,1,ridge_lags_1_2_3_4_5_10_alpha_1,20,2024-09-18,2024-09-19,2024-10-02,10,10,0.14612219413703673
10,1,ridge_lags_1_2_3_4_5_10_alpha_1,21,2024-10-02,2024-10-03,2024-10-16,10,10,0.15233779885950416
10,1,ridge_lags_1_2_3_4_5_10_alpha_1,22,2024-10-16,2024-10-17,2024-10-30,10,10,0.20726560043604636
10,1,ridge_lags_1_2_3_4_5_10_alpha_1,23,2024-10-30,2024-10-31,2024-11-13,10,10,0.20157930311049707
10,1,ridge_lags_1_2_3_4_5_10_alpha_1,24,2024-11-13,2024-11-14,2024-11-27,10,10,0.23082156318860583
10,1,ridge_lags_1_2_3_4_5_10_alpha_1,25,2024-11-27,2024-11-28,2024-12-11,10,10,0.1069667399688288
10,1,ridge_lags_1_2_3_4_5_10_alpha_1,26,2024-12-11,2024-12-12,2024-12-25,10,9,0.1460125302064832
10,1,ridge_lags_1_2_3_4_5_10_alpha_1,27,2024-12-25,2024-12-26,2024-12-31,4,4,0.1108530204373046
10,2,ridge_lags_1_2_3_4_5_10_alpha_1,1,2023-12-27,2023-12-28,2024-01-10,10,9,0.2048176228159865
10,2,ridge_lags_1_2_3_4_5_10_alpha_1,2,2024-01-10,2024-01-11,2024-01-24,10,10,0.34647863921121913
10,2,ridge_lags_1_2_3_4_5_10_alpha_1,3,2024-01-24,2024-01-25,2024-02-07,10,10,0.324298461372693
10,2,ridge_lags_1_2_3_4_5_10_alpha_1,4,2024-02-07,2024-02-08,2024-02-21,10,6,0.26105673337613583
10,2,ridge_lags_1_2_3_4_5_10_alpha_1,5,2024-02-21,2024-02-22,2024-03-06,10,10,0.15834941314474812
10,2,ridge_lags_1_2_3_4_5_10_alpha_1,6,2024-03-06,2024-03-07,2024-03-20,10,10,0.19890953104518283
10,2,ridge_lags_1_2_3_4_5_10_alpha_1,7,2024-03-20,2024-03-21,2024-04-03,10,10,0.14563636652662504
10,2,ridge_lags_1_2_3_4_5_10_alpha_1,8,2024-04-03,2024-04-04,2024-04-17,10,10,0.2077576661823229
10,2,ridge_lags_1_2_3_4_5_10_alpha_1,9,2024-04-17,2024-04-18,2024-05-01,10,10,0.19087805589814855
10,2,ridge_lags_1_2_3_4_5_10_alpha_1,10,2024-05-01,2024-05-02,2024-05-15,10,10,0.12128677656892686
10,2,ridge_lags_1_2_3_4_5_10_alpha_1,11,2024-05-15,2024-05-16,2024-05-29,10,10,0.2104831461304263
10,2,ridge_lags_1_2_3_4_5_10_alpha_1,12,2024-05-29,2024-05-30,2024-06-12,10,10,0.0804440000710485
10,2,ridge_lags_1_2_3_4_5_10_alpha_1,13,2024-06-12,2024-06-13,2024-06-26,10,10,0.12228970147178
10,2,ridge_lags_1_2_3_4_5_10_alpha_1,14,2024-06-26,2024-06-27,2024-07-10,10,10,0.13265461034448403
10,2,ridge_lags_1_2_3_4_5_10_alpha_1,15,2024-07-10,2024-07-11,2024-07-24,10,10,0.09767350159203074
10,2,ridge_lags_1_2_3_4_5_10_alpha_1,16,2024-07-24,2024-07-25,2024-08-07,10,10,0.06804888585583231
10,2,ridge_lags_1_2_3_4_5_10_alpha_1,17,2024-08-07,2024-08-08,2024-08-21,10,10,0.06458208062947704
10,2,ridge_lags_1_2_3_4_5_10_alpha_1,18,2024-08-21,2024-08-22,2024-09-04,10,10,0.09139349679839119
10,2,ridge_lags_1_2_3_4_5_10_alpha_1,19,2024-09-04,2024-09-05,2024-09-18,10,10,0.057680955638860866
10,2,ridge_lags_1_2_3_4_5_10_alpha_1,20,2024-09-18,2024-09-19,2024-10-02,10,10,0.07508556731667254
10,2,ridge_lags_1_2_3_4_5_10_alpha_1,21,2024-10-02,2024-10-03,2024-10-16,10,10,0.19770990765292912
10,2,ridge_lags_1_2_3_4_5_10_alpha_1,22,2024-10-16,2024-10-17,2024-10-30,10,10,0.09536717059515792
10,2,ridge_lags_1_2_3_4_5_10_alpha_1,23,2024-10-30,2024-10-31,2024-11-13,10,10,0.14138082359277088
10,2,ridge_lags_1_2_3_4_5_10_alpha_1,24,2024-11-13,2024-11-14,2024-11-27,10,10,0.10366653107321891
10,2,ridge_lags_1_2_3_4_5_10_alpha_1,25,2024-11-27,2024-11-28,2024-12-11,10,10,0.14954165980917372
10,2,ridge_lags_1_2_3_4_5_10_alpha_1,26,2024-12-11,2024-12-12,2024-12-25,10,9,0.15438205032442048
10,2,ridge_lags_1_2_3_4_5_10_alpha_1,27,2024-12-25,2024-12-26,2024-12-31,4,4,0.16821380463957716
10,3,ridge_lags_1_2_3_4_5_10_alpha_1,1,2023-12-27,2023-12-28,2024-01-10,10,9,0.07497018841664908
10,3,ridge_lags_1_2_3_4_5_10_alpha_1,2,2024-01-10,2024-01-11,2024-01-24,10,10,0.14264320416914295
10,3,ridge_lags_1_2_3_4_5_10_alpha_1,3,2024-01-24,2024-01-25,2024-02-07,10,10,0.12871777694525935
10,3,ridge_lags_1_2_3_4_5_10_alpha_1,4,2024-02-07,2024-02-08,2024-02-21,10,6,0.11443229542395428
10,3,ridge_lags_1_2_3_4_5_10_alpha_1,5,2024-02-21,2024-02-22,2024-03-06,10,10,0.07976309577929219
10,3,ridge_lags_1_2_3_4_5_10_alpha_1,6,2024-03-06,2024-03-07,2024-03-20,10,10,0.10582572236261636
10,3,ridge_lags_1_2_3_4_5_10_alpha_1,7,2024-03-20,2024-03-21,2024-04-03,10,10,0.12698136028247023
10,3,ridge_lags_1_2_3_4_5_10_alpha_1,8,2024-04-03,2024-04-04,2024-04-17,10,10,0.11410835778632643
10,3,ridge_lags_1_2_3_4_5_10_alpha_1,9,2024-04-17,2024-04-18,2024-05-01,10,10,0.26695080244071584
10,3,ridge_lags_1_2_3_4_5_10_alpha_1,10,2024-05-01,2024-05-02,2024-05-15,10,10,0.15875394892513417
10,3,ridge_lags_1_2_3_4_5_10_alpha_1,11,2024-05-15,2024-05-16,2024-05-29,10,10,0.3266934349066029
10,3,ridge_lags_1_2_3_4_5_10_alpha_1,12,2024-05-29,2024-05-30,2024-06-12,10,10,0.08998839420299187
10,3,ridge_lags_1_2_3_4_5_10_alpha_1,13,2024-06-12,2024-06-13,2024-06-26,10,10,0.0700469162354767
10,3,ridge_lags_1_2_3_4_5_10_alpha_1,14,2024-06-26,2024-06-27,2024-07-10,10,10,0.13891026401673398
10,3,ridge_lags_1_2_3_4_5_10_alpha_1,15,2024-07-10,2024-07-11,2024-07-24,10,10,0.05939220509533454
10,3,ridge_lags_1_2_3_4_5_10_alpha_1,16,2024-07-24,2024-07-25,2024-08-07,10,10,0.1603679657927064
10,3,ridge_lags_1_2_3_4_5_10_alpha_1,17,2024-08-07,2024-08-08,2024-08-21,10,10,0.3222545718276568
10,3,ridge_lags_1_2_3_4_5_10_alpha_1,18,2024-08-21,2024-08-22,2024-09-04,10,10,0.12089093170909071
10,3,ridge_lags_1_2_3_4_5_10_alpha_1,19,2024-09-04,2024-09-05,2024-09-18,10,10,0.2413125737455383
10,3,ridge_lags_1_2_3_4_5_10_alpha_1,20,2024-09-18,2024-09-19,2024-10-02,10,10,0.11081488422551433
10,3,ridge_lags_1_2_3_4_5_10_alpha_1,21,2024-10-02,2024-10-03,2024-10-16,10,10,0.14803976135165445
10,3,ridge_lags_1_2_3_4_5_10_alpha_1,22,2024-10-16,2024-10-17,2024-10-30,10,10,0.10559321246120534
10,3,ridge_lags_1_2_3_4_5_10_alpha_1,23,2024-10-30,2024-10-31,2024-11-13,10,10,0.05330270722015025
10,3,ridge_lags_1_2_3_4_5_10_alpha_1,24,2024-11-13,2024-11-14,2024-11-27,10,10,0.11476274385411088
10,3,ridge_lags_1_2_3_4_5_10_alpha_1,25,2024-11-27,2024-11-28,2024-12-11,10,10,0.24125181154758263
10,3,ridge_lags_1_2_3_4_5_10_alpha_1,26,2024-12-11,2024-12-12,2024-12-25,10,9,0.0970032239180381
10,3,ridge_lags_1_2_3_4_5_10_alpha_1,27,2024-12-25,2024-12-26,2024-12-31,4,4,0.5612469586318366
10,4,ridge_lags_1_2_3_4_5_10_alpha_1,1,2023-12-27,2023-12-28,2024-01-10,10,9,0.16609574541807123
10,4,ridge_lags_1_2_3_4_5_10_alpha_1,2,2024-01-10,2024-01-11,2024-01-24,10,10,0.18534196869240604
10,4,ridge_lags_1_2_3_4_5_10_alpha_1,3,2024-01-24,2024-01-25,2024-02-07,10,10,0.07853336501557473
10,4,ridge_lags_1_2_3_4_5_10_alpha_1,4,2024-02-07,2024-02-08,2024-02-21,10,6,0.13562235519167345
10,4,ridge_lags_1_2_3_4_5_10_alpha_1,5,2024-02-21,2024-02-22,2024-03-06,10,10,0.10083805619621727
10,4,ridge_lags_1_2_3_4_5_10_alpha_1,6,2024-03-06,2024-03-07,2024-03-20,10,10,0.05770593406570356
10,4,ridge_lags_1_2_3_4_5_10_alpha_1,7,2024-03-20,2024-03-21,2024-04-03,10,10,0.1743621639458845
10,4,ridge_lags_1_2_3_4_5_10_alpha_1,8,2024-04-03,2024-04-04,2024-04-17,10,10,0.10722415913428661
10,4,ridge_lags_1_2_3_4_5_10_alpha_1,9,2024-04-17,2024-04-18,2024-05-01,10,10,0.3136911200999138
10,4,ridge_lags_1_2_3_4_5_10_alpha_1,10,2024-05-01,2024-05-02,2024-05-15,10,10,0.2724867437826844
10,4,ridge_lags_1_2_3_4_5_10_alpha_1,11,2024-05-15,2024-05-16,2024-05-29,10,10,0.28596578879403983
10,4,ridge_lags_1_2_3_4_5_10_alpha_1,12,2024-05-29,2024-05-30,2024-06-12,10,10,0.14375028611448734
10,4,ridge_lags_1_2_3_4_5_10_alpha_1,13,2024-06-12,2024-06-13,2024-06-26,10,10,0.12021778506589953
10,4,ridge_lags_1_2_3_4_5_10_alpha_1,14,2024-06-26,2024-06-27,2024-07-10,10,10,0.1574414430991613
10,4,ridge_lags_1_2_3_4_5_10_alpha_1,15,2024-07-10,2024-07-11,2024-07-24,10,10,0.1441848267094171
10,4,ridge_lags_1_2_3_4_5_10_alpha_1,16,2024-07-24,2024-07-25,2024-08-07,10,10,0.0988213522106353
10,4,ridge_lags_1_2_3_4_5_10_alpha_1,17,2024-08-07,2024-08-08,2024-08-21,10,10,0.23811977087003747
10,4,ridge_lags_1_2_3_4_5_10_alpha_1,18,2024-08-21,2024-08-22,2024-09-04,10,10,0.11422653081896501
10,4,ridge_lags_1_2_3_4_5_10_alpha_1,19,2024-09-04,2024-09-05,2024-09-18,10,10,0.1475343680882733
10,4,ridge_lags_1_2_3_4_5_10_alpha_1,20,2024-09-18,2024-09-19,2024-10-02,10,10,0.21908753780986367
10,4,ridge_lags_1_2_3_4_5_10_alpha_1,21,2024-10-02,2024-10-03,2024-10-16,10,10,0.33966412348942465
10,4,ridge_lags_1_2_3_4_5_10_alpha_1,22,2024-10-16,2024-10-17,2024-10-30,10,10,0.14559995698123882
10,4,ridge_lags_1_2_3_4_5_10_alpha_1,23,2024-10-30,2024-10-31,2024-11-13,10,10,0.08503351867931808
10,4,ridge_lags_1_2_3_4_5_10_alpha_1,24,2024-11-13,2024-11-14,2024-11-27,10,10,0.09898141898991714
10,4,ridge_lags_1_2_3_4_5_10_alpha_1,25,2024-11-27,2024-11-28,2024-12-11,10,10,0.09713864629044931
10,4,ridge_lags_1_2_3_4_5_10_alpha_1,26,2024-12-11,2024-12-12,2024-12-25,10,9,0.12050400282955055
10,4,ridge_lags_1_2_3_4_5_10_alpha_1,27,2024-12-25,2024-12-26,2024-12-31,4,4,0.5812356691247463
10,5,ridge_lags_1_2_3_4_5_10_alpha_1,1,2023-12-27,2023-12-28,2024-01-10,10,9,0.26587679983821155
10,5,ridge_lags_1_2_3_4_5_10_alpha_1,2,2024-01-10,2024-01-11,2024-01-24,10,10,0.23198309811506204
10,5,ridge_lags_1_2_3_4_5_10_alpha_1,3,2024-01-24,2024-01-25,2024-02-07,10,10,0.12449571362987417
10,5,ridge_lags_1_2_3_4_5_10_alpha_1,4,2024-02-07,2024-02-08,2024-02-21,10,6,0.1390807894078053
10,5,ridge_lags_1_2_3_4_5_10_alpha_1,5,2024-02-21,2024-02-22,2024-03-06,10,10,0.06447827167999155
10,5,ridge_lags_1_2_3_4_5_10_alpha_1,6,2024-03-06,2024-03-07,2024-03-20,10,10,0.1033683428408862
10,5,ridge_lags_1_2_3_4_5_10_alpha_1,7,2024-03-20,2024-03-21,2024-04-03,10,10,0.12013259997510131
10,5,ridge_lags_1_2_3_4_5_10_alpha_1,8,2024-04-03,2024-04-04,2024-04-17,10,10,0.08849963109505538
10,5,ridge_lags_1_2_3_4_5_10_alpha_1,9,2024-04-17,2024-04-18,2024-05-01,10,10,0.2985500661485383
10,5,ridge_lags_1_2_3_4_5_10_alpha_1,10,2024-05-01,2024-05-02,2024-05-15,10,10,0.1269351840720446
10,5,ridge_lags_1_2_3_4_5_10_alpha_1,11,2024-05-15,2024-05-16,2024-05-29,10,10,0.24798384869088022
10,5,ridge_lags_1_2_3_4_5_10_alpha_1,12,2024-05-29,2024-05-30,2024-06-12,10,10,0.06433705854446257
10,5,ridge_lags_1_2_3_4_5_10_alpha_1,13,2024-06-12,2024-06-13,2024-06-26,10,10,0.051964160147520935
10,5,ridge_lags_1_2_3_4_5_10_alpha_1,14,2024-06-26,2024-06-27,2024-07-10,10,10,0.08542629515521227
10,5,ridge_lags_1_2_3_4_5_10_alpha_1,15,2024-07-10,2024-07-11,2024-07-24,10,10,0.07184171766859229
10,5,ridge_lags_1_2_3_4_5_10_alpha_1,16,2024-07-24,2024-07-25,2024-08-07,10,10,0.11065774673087624
10,5,ridge_lags_1_2_3_4_5_10_alpha_1,17,2024-08-07,2024-08-08,2024-08-21,10,10,0.11418128660271787
10,5,ridge_lags_1_2_3_4_5_10_alpha_1,18,2024-08-21,2024-08-22,2024-09-04,10,10,0.07208463172148653
10,5,ridge_lags_1_2_3_4_5_10_alpha_1,19,2024-09-04,2024-09-05,2024-09-18,10,10,0.06873418024953477
10,5,ridge_lags_1_2_3_4_5_10_alpha_1,20,2024-09-18,2024-09-19,2024-10-02,10,10,0.09311057503140689
10,5,ridge_lags_1_2_3_4_5_10_alpha_1,21,2024-10-02,2024-10-03,2024-10-16,10,10,0.059123050263336564
10,5,ridge_lags_1_2_3_4_5_10_alpha_1,22,2024-10-16,2024-10-17,2024-10-30,10,10,0.04425081142668915
10,5,ridge_lags_1_2_3_4_5_10_alpha_1,23,2024-10-30,2024-10-31,2024-11-13,10,10,0.12594710258560504
10,5,ridge_lags_1_2_3_4_5_10_alpha_1,24,2024-11-13,2024-11-14,2024-11-27,10,10,0.09130354509094218
10,5,ridge_lags_1_2_3_4_5_10_alpha_1,25,2024-11-27,2024-11-28,2024-12-11,10,10,0.048755998123201194
10,5,ridge_lags_1_2_3_4_5_10_alpha_1,26,2024-12-11,2024-12-12,2024-12-25,10,9,0.035055103619139084
10,5,ridge_lags_1_2_3_4_5_10_alpha_1,27,2024-12-25,2024-12-26,2024-12-31,4,4,0.1409863075755238
10,6,ridge_lags_1_2_3_4_5_10_alpha_1,1,2023-12-27,2023-12-28,2024-01-10,10,9,0.15372182108832294
10,6,ridge_lags_1_2_3_4_5_10_alpha_1,2,2024-01-10,2024-01-11,2024-01-24,10,10,0.09933811189604871
10,6,ridge_lags_1_2_3_4_5_10_alpha_1,3,2024-01-24,2024-01-25,2024-02-07,10,10,0.1148366914271195
10,6,ridge_lags_1_2_3_4_5_10_alpha_1,4,2024-02-07,2024-02-08,2024-02-21,10,6,0.11216286243731423
10,6,ridge_lags_1_2_3_4_5_10_alpha_1,5,2024-02-21,2024-02-22,2024-03-06,10,10,0.1689968957085243
10,6,ridge_lags_1_2_3_4_5_10_alpha_1,6,2024-03-06,2024-03-07,2024-03-20,10,10,0.15508259103389033
10,6,ridge_lags_1_2_3_4_5_10_alpha_1,7,2024-03-20,2024-03-21,2024-04-03,10,10,0.17654005875501458
10,6,ridge_lags_1_2_3_4_5_10_alpha_1,8,2024-04-03,2024-04-04,2024-04-17,10,10,0.16522080316875695
10,6,ridge_lags_1_2_3_4_5_10_alpha_1,9,2024-04-17,2024-04-18,2024-05-01,10,10,0.16446427061412766
10,6,ridge_lags_1_2_3_4_5_10_alpha_1,10,2024-05-01,2024-05-02,2024-05-15,10,10,0.11310328880550635
10,6,ridge_lags_1_2_3_4_5_10_alpha_1,11,2024-05-15,2024-05-16,2024-05-29,10,10,0.32782771830749335
10,6,ridge_lags_1_2_3_4_5_10_alpha_1,12,2024-05-29,2024-05-30,2024-06-12,10,10,0.14347759366500654
10,6,ridge_lags_1_2_3_4_5_10_alpha_1,13,2024-06-12,2024-06-13,2024-06-26,10,10,0.15298100109044865
10,6,ridge_lags_1_2_3_4_5_10_alpha_1,14,2024-06-26,2024-06-27,2024-07-10,10,10,0.10832085878132658
10,6,ridge_lags_1_2_3_4_5_10_alpha_1,15,2024-07-10,2024-07-11,2024-07-24,10,10,0.12278042895999566
10,6,ridge_lags_1_2_3_4_5_10_alpha_1,16,2024-07-24,2024-07-25,2024-08-07,10,10,0.14805364105564336
10,6,ridge_lags_1_2_3_4_5_10_alpha_1,17,2024-08-07,2024-08-08,2024-08-21,10,10,0.19700482965005794
10,6,ridge_lags_1_2_3_4_5_10_alpha_1,18,2024-08-21,2024-08-22,2024-09-04,10,10,0.1330772173226978
10,6,ridge_lags_1_2_3_4_5_10_alpha_1,19,2024-09-04,2024-09-05,2024-09-18,10,10,0.06256135208704432
10,6,ridge_lags_1_2_3_4_5_10_alpha_1,20,2024-09-18,2024-09-19,2024-10-02,10,10,0.11847666364325604
10,6,ridge_lags_1_2_3_4_5_10_alpha_1,21,2024-10-02,2024-10-03,2024-10-16,10,10,0.07187946383244914
10,6,ridge_lags_1_2_3_4_5_10_alpha_1,22,2024-10-16,2024-10-17,2024-10-30,10,10,0.08628200143391311
10,6,ridge_lags_1_2_3_4_5_10_alpha_1,23,2024-10-30,2024-10-31,2024-11-13,10,10,0.12530254794083287
10,6,ridge_lags_1_2_3_4_5_10_alpha_1,24,2024-11-13,2024-11-14,2024-11-27,10,10,0.06896280872460367
10,6,ridge_lags_1_2_3_4_5_10_alpha_1,25,2024-11-27,2024-11-28,2024-12-11,10,10,0.1483413944626292
10,6,ridge_lags_1_2_3_4_5_10_alpha_1,26,2024-12-11,2024-12-12,2024-12-25,10,9,0.16252629711803981
10,6,ridge_lags_1_2_3_4_5_10_alpha_1,27,2024-12-25,2024-12-26,2024-12-31,4,4,0.2937394488746681
10,7,ridge_lags_1_2_3_4_5_10_alpha_1,1,2023-12-27,2023-12-28,2024-01-10,10,9,0.20929869857505112
10,7,ridge_lags_1_2_3_4_5_10_alpha_1,2,2024-01-10,2024-01-11,2024-01-24,10,10,0.3259219808720988
10,7,ridge_lags_1_2_3_4_5_10_alpha_1,3,2024-01-24,2024-01-25,2024-02-07,10,10,0.19874809792791234
10,7,ridge_lags_1_2_3_4_5_10_alpha_1,4,2024-02-07,2024-02-08,2024-02-21,10,6,0.1902470181985433
10,7,ridge_lags_1_2_3_4_5_10_alpha_1,5,2024-02-21,2024-02-22,2024-03-06,10,10,0.18742179430893355
10,7,ridge_lags_1_2_3_4_5_10_alpha_1,6,2024-03-06,2024-03-07,2024-03-20,10,10,0.15499910554729074
10,7,ridge_lags_1_2_3_4_5_10_alpha_1,7,2024-03-20,2024-03-21,2024-04-03,10,10,0.2209921183088226
10,7,ridge_lags_1_2_3_4_5_10_alpha_1,8,2024-04-03,2024-04-04,2024-04-17,10,10,0.1576168048377498
10,7,ridge_lags_1_2_3_4_5_10_alpha_1,9,2024-04-17,2024-04-18,2024-05-01,10,10,0.32297515648810543
10,7,ridge_lags_1_2_3_4_5_10_alpha_1,10,2024-05-01,2024-05-02,2024-05-15,10,10,0.1769903832468123
10,7,ridge_lags_1_2_3_4_5_10_alpha_1,11,2024-05-15,2024-05-16,2024-05-29,10,10,0.3814080296205745
10,7,ridge_lags_1_2_3_4_5_10_alpha_1,12,2024-05-29,2024-05-30,2024-06-12,10,10,0.1526895294279376
10,7,ridge_lags_1_2_3_4_5_10_alpha_1,13,2024-06-12,2024-06-13,2024-06-26,10,10,0.16215010257739654
10,7,ridge_lags_1_2_3_4_5_10_alpha_1,14,2024-06-26,2024-06-27,2024-07-10,10,10,0.11733294910621664
10,7,ridge_lags_1_2_3_4_5_10_alpha_1,15,2024-07-10,2024-07-11,2024-07-24,10,10,0.16483004990249184
10,7,ridge_lags_1_2_3_4_5_10_alpha_1,16,2024-07-24,2024-07-25,2024-08-07,10,10,0.2003185927700873
10,7,ridge_lags_1_2_3_4_5_10_alpha_1,17,2024-08-07,2024-08-08,2024-08-21,10,10,0.38259464872792043
10,7,ridge_lags_1_2_3_4_5_10_alpha_1,18,2024-08-21,2024-08-22,2024-09-04,10,10,0.37415313308428955
10,7,ridge_lags_1_2_3_4_5_10_alpha_1,19,2024-09-04,2024-09-05,2024-09-18,10,10,0.2371547359485211
10,7,ridge_lags_1_2_3_4_5_10_alpha_1,20,2024-09-18,2024-09-19,2024-10-02,10,10,0.36600875382618936
10,7,ridge_lags_1_2_3_4_5_10_alpha_1,21,2024-10-02,2024-10-03,2024-10-16,10,10,0.525514316273892
10,7,ridge_lags_1_2_3_4_5_10_alpha_1,22,2024-10-16,2024-10-17,2024-10-30,10,10,0.3805069400256661
10,7,ridge_lags_1_2_3_4_5_10_alpha_1,23,2024-10-30,2024-10-31,2024-11-13,10,10,0.4144649624042243
10,7,ridge_lags_1_2_3_4_5_10_alpha_1,24,2024-11-13,2024-11-14,2024-11-27,10,10,0.4145422747048296
10,7,ridge_lags_1_2_3_4_5_10_alpha_1,25,2024-11-27,2024-11-28,2024-12-11,10,10,0.25416949141159023
10,7,ridge_lags_1_2_3_4_5_10_alpha_1,26,2024-12-11,2024-12-12,2024-12-25,10,9,0.1988886506180877
10,7,ridge_lags_1_2_3_4_5_10_alpha_1,27,2024-12-25,2024-12-26,2024-12-31,4,4,0.773218827059219
10,8,ridge_lags_1_2_3_4_5_10_alpha_1,1,2023-12-27,2023-12-28,2024-01-10,10,9,0.3485704231342461
10,8,ridge_lags_1_2_3_4_5_10_alpha_1,2,2024-01-10,2024-01-11,2024-01-24,10,10,0.2029429318550851
10,8,ridge_lags_1_2_3_4_5_10_alpha_1,3,2024-01-24,2024-01-25,2024-02-07,10,10,0.18177695506597313
10,8,ridge_lags_1_2_3_4_5_10_alpha_1,4,2024-02-07,2024-02-08,2024-02-21,10,6,0.3379685103277528
10,8,ridge_lags_1_2_3_4_5_10_alpha_1,5,2024-02-21,2024-02-22,2024-03-06,10,10,0.41567484414177447
10,8,ridge_lags_1_2_3_4_5_10_alpha_1,6,2024-03-06,2024-03-07,2024-03-20,10,10,0.3827168768435282
10,8,ridge_lags_1_2_3_4_5_10_alpha_1,7,2024-03-20,2024-03-21,2024-04-03,10,10,0.556849929149681
10,8,ridge_lags_1_2_3_4_5_10_alpha_1,8,2024-04-03,2024-04-04,2024-04-17,10,10,0.7352070918657057
10,8,ridge_lags_1_2_3_4_5_10_alpha_1,9,2024-04-17,2024-04-18,2024-05-01,10,10,0.3871244222390403
10,8,ridge_lags_1_2_3_4_5_10_alpha_1,10,2024-05-01,2024-05-02,2024-05-15,10,10,0.26404343052943596
10,8,ridge_lags_1_2_3_4_5_10_alpha_1,11,2024-05-15,2024-05-16,2024-05-29,10,10,0.4245433479107824
10,8,ridge_lags_1_2_3_4_5_10_alpha_1,12,2024-05-29,2024-05-30,2024-06-12,10,10,0.20754373081834432
10,8,ridge_lags_1_2_3_4_5_10_alpha_1,13,2024-06-12,2024-06-13,2024-06-26,10,10,0.18378184366842187
10,8,ridge_lags_1_2_3_4_5_10_alpha_1,14,2024-06-26,2024-06-27,2024-07-10,10,10,0.0847502904784329
10,8,ridge_lags_1_2_3_4_5_10_alpha_1,15,2024-07-10,2024-07-11,2024-07-24,10,10,0.09551016548391614
10,8,ridge_lags_1_2_3_4_5_10_alpha_1,16,2024-07-24,2024-07-25,2024-08-07,10,10,0.18772488020097108
10,8,ridge_lags_1_2_3_4_5_10_alpha_1,17,2024-08-07,2024-08-08,2024-08-21,10,10,0.14129822027393465
10,8,ridge_lags_1_2_3_4_5_10_alpha_1,18,2024-08-21,2024-08-22,2024-09-04,10,10,0.07393664039350845
10,8,ridge_lags_1_2_3_4_5_10_alpha_1,19,2024-09-04,2024-09-05,2024-09-18,10,10,0.08611628061495463
10,8,ridge_lags_1_2_3_4_5_10_alpha_1,20,2024-09-18,2024-09-19,2024-10-02,10,10,0.172107591706667
10,8,ridge_lags_1_2_3_4_5_10_alpha_1,21,2024-10-02,2024-10-03,2024-10-16,10,10,0.0949707171906533
10,8,ridge_lags_1_2_3_4_5_10_alpha_1,22,2024-10-16,2024-10-17,2024-10-30,10,10,0.037327056050620054
10,8,ridge_lags_1_2_3_4_5_10_alpha_1,23,2024-10-30,2024-10-31,2024-11-13,10,10,0.10061825420683404
10,8,ridge_lags_1_2_3_4_5_10_alpha_1,24,2024-11-13,2024-11-14,2024-11-27,10,10,0.1464474971609086
10,8,ridge_lags_1_2_3_4_5_10_alpha_1,25,2024-11-27,2024-11-28,2024-12-11,10,10,0.1085085794167128
10,8,ridge_lags_1_2_3_4_5_10_alpha_1,26,2024-12-11,2024-12-12,2024-12-25,10,9,0.0843419437609292
10,8,ridge_lags_1_2_3_4_5_10_alpha_1,27,2024-12-25,2024-12-26,2024-12-31,4,4,0.14824536889355802
10,9,ridge_lags_1_2_3_4_5_10_alpha_1,1,2023-12-27,2023-12-28,2024-01-10,10,9,0.448407181803379
10,9,ridge_lags_1_2_3_4_5_10_alpha_1,2,2024-01-10,2024-01-11,2024-01-24,10,10,0.4865171714013592
10,9,ridge_lags_1_2_3_4_5_10_alpha_1,3,2024-01-24,2024-01-25,2024-02-07,10,10,0.37862220943644725
10,9,ridge_lags_1_2_3_4_5_10_alpha_1,4,2024-02-07,2024-02-08,2024-02-21,10,6,0.44907141176536236
10,9,ridge_lags_1_2_3_4_5_10_alpha_1,5,2024-02-21,2024-02-22,2024-03-06,10,10,0.061891163221831795
10,9,ridge_lags_1_2_3_4_5_10_alpha_1,6,2024-03-06,2024-03-07,2024-03-20,10,10,0.06755208076289453
10,9,ridge_lags_1_2_3_4_5_10_alpha_1,7,2024-03-20,2024-03-21,2024-04-03,10,10,0.2600398787318212
10,9,ridge_lags_1_2_3_4_5_10_alpha_1,8,2024-04-03,2024-04-04,2024-04-17,10,10,0.3311900328080821
10,9,ridge_lags_1_2_3_4_5_10_alpha_1,9,2024-04-17,2024-04-18,2024-05-01,10,10,0.2215755146004121
10,9,ridge_lags_1_2_3_4_5_10_alpha_1,10,2024-05-01,2024-05-02,2024-05-15,10,10,0.49897515505334766
10,9,ridge_lags_1_2_3_4_5_10_alpha_1,11,2024-05-15,2024-05-16,2024-05-29,10,10,0.46692196828606636
10,9,ridge_lags_1_2_3_4_5_10_alpha_1,12,2024-05-29,2024-05-30,2024-06-12,10,10,0.2529516193061234
10,9,ridge_lags_1_2_3_4_5_10_alpha_1,13,2024-06-12,2024-06-13,2024-06-26,10,10,0.22956111434343052
10,9,ridge_lags_1_2_3_4_5_10_alpha_1,14,2024-06-26,2024-06-27,2024-07-10,10,10,0.25077197020729963
10,9,ridge_lags_1_2_3_4_5_10_alpha_1,15,2024-07-10,2024-07-11,2024-07-24,10,10,0.06289019927178044
10,9,ridge_lags_1_2_3_4_5_10_alpha_1,16,2024-07-24,2024-07-25,2024-08-07,10,10,0.14362015139243228
10,9,ridge_lags_1_2_3_4_5_10_alpha_1,17,2024-08-07,2024-08-08,2024-08-21,10,10,0.1536603703386601
10,9,ridge_lags_1_2_3_4_5_10_alpha_1,18,2024-08-21,2024-08-22,2024-09-04,10,10,0.11206595219109541
10,9,ridge_lags_1_2_3_4_5_10_alpha_1,19,2024-09-04,2024-09-05,2024-09-18,10,10,0.16761081522139795
10,9,ridge_lags_1_2_3_4_5_10_alpha_1,20,2024-09-18,2024-09-19,2024-10-02,10,10,0.04307105407753308
10,9,ridge_lags_1_2_3_4_5_10_alpha_1,21,2024-10-02,2024-10-03,2024-10-16,10,10,0.16045962794144386
10,9,ridge_lags_1_2_3_4_5_10_alpha_1,22,2024-10-16,2024-10-17,2024-10-30,10,10,0.10595477027445238
10,9,ridge_lags_1_2_3_4_5_10_alpha_1,23,2024-10-30,2024-10-31,2024-11-13,10,10,0.16056182637068087
10,9,ridge_lags_1_2_3_4_5_10_alpha_1,24,2024-11-13,2024-11-14,2024-11-27,10,10,0.12714881661580613
10,9,ridge_lags_1_2_3_4_5_10_alpha_1,25,2024-11-27,2024-11-28,2024-12-11,10,10,0.08533306792029095
10,9,ridge_lags_1_2_3_4_5_10_alpha_1,26,2024-12-11,2024-12-12,2024-12-25,10,9,0.06918725660227963
10,9,ridge_lags_1_2_3_4_5_10_alpha_1,27,2024-12-25,2024-12-26,2024-12-31,4,4,0.25787480334589136
10,10,ridge_lags_1_2_3_4_5_10_alpha_1,1,2023-12-27,2023-12-28,2024-01-10,10,9,0.11033818404708705
10,10,ridge_lags_1_2_3_4_5_10_alpha_1,2,2024-01-10,2024-01-11,2024-01-24,10,10,0.10386060469011192
10,10,ridge_lags_1_2_3_4_5_10_alpha_1,3,2024-01-24,2024-01-25,2024-02-07,10,10,0.12137712270558565
10,10,ridge_lags_1_2_3_4_5_10_alpha_1,4,2024-02-07,2024-02-08,2024-02-21,10,6,0.1565497547534307
10,10,ridge_lags_1_2_3_4_5_10_alpha_1,5,2024-02-21,2024-02-22,2024-03-06,10,10,0.12866448856400994
10,10,ridge_lags_1_2_3_4_5_10_alpha_1,6,2024-03-06,2024-03-07,2024-03-20,10,10,0.1263974270243485
10,10,ridge_lags_1_2_3_4_5_10_alpha_1,7,2024-03-20,2024-03-21,2024-04-03,10,10,0.16265908915114294
10,10,ridge_lags_1_2_3_4_5_10_alpha_1,8,2024-04-03,2024-04-04,2024-04-17,10,10,0.10202089173297985
10,10,ridge_lags_1_2_3_4_5_10_alpha_1,9,2024-04-17,2024-04-18,2024-05-01,10,10,0.20740606410623597
10,10,ridge_lags_1_2_3_4_5_10_alpha_1,10,2024-05-01,2024-05-02,2024-05-15,10,10,0.21063637914712527
10,10,ridge_lags_1_2_3_4_5_10_alpha_1,11,2024-05-15,2024-05-16,2024-05-29,10,10,0.16160077895283928
10,10,ridge_lags_1_2_3_4_5_10_alpha_1,12,2024-05-29,2024-05-30,2024-06-12,10,10,0.09981902350686385
10,10,ridge_lags_1_2_3_4_5_10_alpha_1,13,2024-06-12,2024-06-13,2024-06-26,10,10,0.05320831279029745
10,10,ridge_lags_1_2_3_4_5_10_alpha_1,14,2024-06-26,2024-06-27,2024-07-10,10,10,0.10785811575589382
10,10,ridge_lags_1_2_3_4_5_10_alpha_1,15,2024-07-10,2024-07-11,2024-07-24,10,10,0.06625954775083652
10,10,ridge_lags_1_2_3_4_5_10_alpha_1,16,2024-07-24,2024-07-25,2024-08-07,10,10,0.08244956737846948
10,10,ridge_lags_1_2_3_4_5_10_alpha_1,17,2024-08-07,2024-08-08,2024-08-21,10,10,0.1461171703214857
10,10,ridge_lags_1_2_3_4_5_10_alpha_1,18,2024-08-21,2024-08-22,2024-09-04,10,10,0.06140861876040807
10,10,ridge_lags_1_2_3_4_5_10_alpha_1,19,2024-09-04,2024-09-05,2024-09-18,10,10,0.06174262207892717
10,10,ridge_lags_1_2_3_4_5_10_alpha_1,20,2024-09-18,2024-09-19,2024-10-02,10,10,0.06489994579759144
10,10,ridge_lags_1_2_3_4_5_10_alpha_1,21,2024-10-02,2024-10-03,2024-10-16,10,10,0.15482521220872972
10,10,ridge_lags_1_2_3_4_5_10_alpha_1,22,2024-10-16,2024-10-17,2024-10-30,10,10,0.09037466680793065
10,10,ridge_lags_1_2_3_4_5_10_alpha_1,23,2024-10-30,2024-10-31,2024-11-13,10,10,0.08955481699739525
10,10,ridge_lags_1_2_3_4_5_10_alpha_1,24,2024-11-13,2024-11-14,2024-11-27,10,10,0.07787920615941146
10,10,ridge_lags_1_2_3_4_5_10_alpha_1,25,2024-11-27,2024-11-28,2024-12-11,10,10,0.07448192497387832
10,10,ridge_lags_1_2_3_4_5_10_alpha_1,26,2024-12-11,2024-12-12,2024-12-25,10,9,0.07553594694481823
10,10,ridge_lags_1_2_3_4_5_10_alpha_1,27,2024-12-25,2024-12-26,2024-12-31,4,4,0.17357310956435712
10,11,ridge_lags_1_2_3_4_5_10_alpha_1,1,2023-12-27,2023-12-28,2024-01-10,10,9,0.31476808560027963
10,11,ridge_lags_1_2_3_4_5_10_alpha_1,2,2024-01-10,2024-01-11,2024-01-24,10,10,1.585151314849397
10,11,ridge_lags_1_2_3_4_5_10_alpha_1,3,2024-01-24,2024-01-25,2024-02-07,10,10,0.8532238205160289
10,11,ridge_lags_1_2_3_4_5_10_alpha_1,4,2024-02-07,2024-02-08,2024-02-21,10,6,0.21827832218087806
10,11,ridge_lags_1_2_3_4_5_10_alpha_1,5,2024-02-21,2024-02-22,2024-03-06,10,10,0.2054545074684537
10,11,ridge_lags_1_2_3_4_5_10_alpha_1,6,2024-03-06,2024-03-07,2024-03-20,10,10,0.22834372437039785
10,11,ridge_lags_1_2_3_4_5_10_alpha_1,7,2024-03-20,2024-03-21,2024-04-03,10,10,0.19923520827485855
10,11,ridge_lags_1_2_3_4_5_10_alpha_1,8,2024-04-03,2024-04-04,2024-04-17,10,10,0.38587122107259714
10,11,ridge_lags_1_2_3_4_5_10_alpha_1,9,2024-04-17,2024-04-18,2024-05-01,10,10,0.08408572846366924
10,11,ridge_lags_1_2_3_4_5_10_alpha_1,10,2024-05-01,2024-05-02,2024-05-15,10,10,0.3813228890424631
10,11,ridge_lags_1_2_3_4_5_10_alpha_1,11,2024-05-15,2024-05-16,2024-05-29,10,10,0.3569380344289543
10,11,ridge_lags_1_2_3_4_5_10_alpha_1,12,2024-05-29,2024-05-30,2024-06-12,10,10,0.2788526523396569
10,11,ridge_lags_1_2_3_4_5_10_alpha_1,13,2024-06-12,2024-06-13,2024-06-26,10,10,0.2394743321879354
10,11,ridge_lags_1_2_3_4_5_10_alpha_1,14,2024-06-26,2024-06-27,2024-07-10,10,10,0.08610280780482825
10,11,ridge_lags_1_2_3_4_5_10_alpha_1,15,2024-07-10,2024-07-11,2024-07-24,10,10,0.21864265612874212
10,11,ridge_lags_1_2_3_4_5_10_alpha_1,16,2024-07-24,2024-07-25,2024-08-07,10,10,0.14797226273211228
10,11,ridge_lags_1_2_3_4_5_10_alpha_1,17,2024-08-07,2024-08-08,2024-08-21,10,10,0.27763948886759476
10,11,ridge_lags_1_2_3_4_5_10_alpha_1,18,2024-08-21,2024-08-22,2024-09-04,10,10,0.22047756516977432
10,11,ridge_lags_1_2_3_4_5_10_alpha_1,19,2024-09-04,2024-09-05,2024-09-18,10,10,0.2792755919210328
10,11,ridge_lags_1_2_3_4_5_10_alpha_1,20,2024-09-18,2024-09-19,2024-10-02,10,10,0.14626341180410835
10,11,ridge_lags_1_2_3_4_5_10_alpha_1,21,2024-10-02,2024-10-03,2024-10-16,10,10,0.2593250433108833
10,11,ridge_lags_1_2_3_4_5_10_alpha_1,22,2024-10-16,2024-10-17,2024-10-30,10,10,0.12743772195748423
10,11,ridge_lags_1_2_3_4_5_10_alpha_1,23,2024-10-30,2024-10-31,2024-11-13,10,10,0.11631066320359099
10,11,ridge_lags_1_2_3_4_5_10_alpha_1,24,2024-11-13,2024-11-14,2024-11-27,10,10,0.5533087742220604
10,11,ridge_lags_1_2_3_4_5_10_alpha_1,25,2024-11-27,2024-11-28,2024-12-11,10,10,1.635742198365453
10,11,ridge_lags_1_2_3_4_5_10_alpha_1,26,2024-12-11,2024-12-12,2024-12-25,10,9,1.6452733466154934
10,11,ridge_lags_1_2_3_4_5_10_alpha_1,27,2024-12-25,2024-12-26,2024-12-31,4,4,1.8598481068333437
10,12,ridge_lags_1_2_3_4_5_10_alpha_1,1,2023-12-27,2023-12-28,2024-01-10,10,9,0.76586680842195
10,12,ridge_lags_1_2_3_4_5_10_alpha_1,2,2024-01-10,2024-01-11,2024-01-24,10,10,1.1608780951866755
10,12,ridge_lags_1_2_3_4_5_10_alpha_1,3,2024-01-24,2024-01-25,2024-02-07,10,10,0.8524715663502942
10,12,ridge_lags_1_2_3_4_5_10_alpha_1,4,2024-02-07,2024-02-08,2024-02-21,10,6,1.8842379785767505
10,12,ridge_lags_1_2_3_4_5_10_alpha_1,5,2024-02-21,2024-02-22,2024-03-06,10,10,1.6685534614825834
10,12,ridge_lags_1_2_3_4_5_10_alpha_1,6,2024-03-06,2024-03-07,2024-03-20,10,10,1.8951522738936575
10,12,ridge_lags_1_2_3_4_5_10_alpha_1,7,2024-03-20,2024-03-21,2024-04-03,10,10,2.0
10,12,ridge_lags_1_2_3_4_5_10_alpha_1,8,2024-04-03,2024-04-04,2024-04-17,10,10,1.8133834371953066
10,12,ridge_lags_1_2_3_4_5_10_alpha_1,9,2024-04-17,2024-04-18,2024-05-01,10,10,1.6759194501758594
10,12,ridge_lags_1_2_3_4_5_10_alpha_1,10,2024-05-01,2024-05-02,2024-05-15,10,10,0.780296525037853
10,12,ridge_lags_1_2_3_4_5_10_alpha_1,11,2024-05-15,2024-05-16,2024-05-29,10,10,1.3073277111156345
10,12,ridge_lags_1_2_3_4_5_10_alpha_1,12,2024-05-29,2024-05-30,2024-06-12,10,10,1.2537517410177377
10,12,ridge_lags_1_2_3_4_5_10_alpha_1,13,2024-06-12,2024-06-13,2024-06-26,10,10,0.7027499589188877
10,12,ridge_lags_1_2_3_4_5_10_alpha_1,14,2024-06-26,2024-06-27,2024-07-10,10,10,1.0954927586700307
10,12,ridge_lags_1_2_3_4_5_10_alpha_1,15,2024-07-10,2024-07-11,2024-07-24,10,10,1.401704267491931
10,12,ridge_lags_1_2_3_4_5_10_alpha_1,16,2024-07-24,2024-07-25,2024-08-07,10,10,1.0800748145283756
10,12,ridge_lags_1_2_3_4_5_10_alpha_1,17,2024-08-07,2024-08-08,2024-08-21,10,10,1.257017298505768
10,12,ridge_lags_1_2_3_4_5_10_alpha_1,18,2024-08-21,2024-08-22,2024-09-04,10,10,1.2218756358441403
10,12,ridge_lags_1_2_3_4_5_10_alpha_1,19,2024-09-04,2024-09-05,2024-09-18,10,10,0.9086110049441454
10,12,ridge_lags_1_2_3_4_5_10_alpha_1,20,2024-09-18,2024-09-19,2024-10-02,10,10,1.0572153658350756
10,12,ridge_lags_1_2_3_4_5_10_alpha_1,21,2024-10-02,2024-10-03,2024-10-16,10,10,0.9969727015801944
10,12,ridge_lags_1_2_3_4_5_10_alpha_1,22,2024-10-16,2024-10-17,2024-10-30,10,10,0.8734646198769438
10,12,ridge_lags_1_2_3_4_5_10_alpha_1,23,2024-10-30,2024-10-31,2024-11-13,10,10,1.0547461417510167
10,12,ridge_lags_1_2_3_4_5_10_alpha_1,24,2024-11-13,2024-11-14,2024-11-27,10,10,0.3808668397656449
10,12,ridge_lags_1_2_3_4_5_10_alpha_1,25,2024-11-27,2024-11-28,2024-12-11,10,10,1.169557532824798
10,12,ridge_lags_1_2_3_4_5_10_alpha_1,26,2024-12-11,2024-12-12,2024-12-25,10,9,1.2745099707245389
10,12,ridge_lags_1_2_3_4_5_10_alpha_1,27,2024-12-25,2024-12-26,2024-12-31,4,4,2.0
10,13,ridge_lags_1_2_3_4_5_10_alpha_1,1,2023-12-27,2023-12-28,2024-01-10,10,9,2.0
10,13,ridge_lags_1_2_3_4_5_10_alpha_1,2,2024-01-10,2024-01-11,2024-01-24,10,10,2.0
10,13,ridge_lags_1_2_3_4_5_10_alpha_1,3,2024-01-24,2024-01-25,2024-02-07,10,10,1.9739198143011991
10,13,ridge_lags_1_2_3_4_5_10_alpha_1,4,2024-02-07,2024-02-08,2024-02-21,10,6,2.0
10,13,ridge_lags_1_2_3_4_5_10_alpha_1,5,2024-02-21,2024-02-22,2024-03-06,10,10,2.0
10,13,ridge_lags_1_2_3_4_5_10_alpha_1,6,2024-03-06,2024-03-07,2024-03-20,10,10,1.5732005679285455
10,13,ridge_lags_1_2_3_4_5_10_alpha_1,7,2024-03-20,2024-03-21,2024-04-03,10,10,1.5688490919006792
10,13,ridge_lags_1_2_3_4_5_10_alpha_1,8,2024-04-03,2024-04-04,2024-04-17,10,10,2.0
10,13,ridge_lags_1_2_3_4_5_10_alpha_1,9,2024-04-17,2024-04-18,2024-05-01,10,10,1.4533491303335033
10,13,ridge_lags_1_2_3_4_5_10_alpha_1,10,2024-05-01,2024-05-02,2024-05-15,10,10,0.8973846623729195
10,13,ridge_lags_1_2_3_4_5_10_alpha_1,11,2024-05-15,2024-05-16,2024-05-29,10,10,2.0
10,13,ridge_lags_1_2_3_4_5_10_alpha_1,12,2024-05-29,2024-05-30,2024-06-12,10,10,1.8597563869814966
10,13,ridge_lags_1_2_3_4_5_10_alpha_1,13,2024-06-12,2024-06-13,2024-06-26,10,10,1.9420544487121434
10,13,ridge_lags_1_2_3_4_5_10_alpha_1,14,2024-06-26,2024-06-27,2024-07-10,10,10,1.912463733909453
10,13,ridge_lags_1_2_3_4_5_10_alpha_1,15,2024-07-10,2024-07-11,2024-07-24,10,10,1.6987924068710178
10,13,ridge_lags_1_2_3_4_5_10_alpha_1,16,2024-07-24,2024-07-25,2024-08-07,10,10,1.560864912331804
10,13,ridge_lags_1_2_3_4_5_10_alpha_1,17,2024-08-07,2024-08-08,2024-08-21,10,10,1.6617259222572582
10,13,ridge_lags_1_2_3_4_5_10_alpha_1,18,2024-08-21,2024-08-22,2024-09-04,10,10,1.5583438064232789
10,13,ridge_lags_1_2_3_4_5_10_alpha_1,19,2024-09-04,2024-09-05,2024-09-18,10,10,1.8910796390084021
10,13,ridge_lags_1_2_3_4_5_10_alpha_1,20,2024-09-18,2024-09-19,2024-10-02,10,10,1.9827728245414378
10,13,ridge_lags_1_2_3_4_5_10_alpha_1,21,2024-10-02,2024-10-03,2024-10-16,10,10,1.5963265934377846
10,13,ridge_lags_1_2_3_4_5_10_alpha_1,22,2024-10-16,2024-10-17,2024-10-30,10,10,2.0
10,13,ridge_lags_1_2_3_4_5_10_alpha_1,23,2024-10-30,2024-10-31,2024-11-13,10,10,2.0
10,13,ridge_lags_1_2_3_4_5_10_alpha_1,24,2024-11-13,2024-11-14,2024-11-27,10,10,2.0
10,13,ridge_lags_1_2_3_4_5_10_alpha_1,25,2024-11-27,2024-11-28,2024-12-11,10,10,1.9778310964537635
10,13,ridge_lags_1_2_3_4_5_10_alpha_1,26,2024-12-11,2024-12-12,2024-12-25,10,9,1.9300788249263543
10,13,ridge_lags_1_2_3_4_5_10_alpha_1,27,2024-12-25,2024-12-26,2024-12-31,4,4,1.6784113354298371
