material,horizon,candidate,fold,order,seasonal_order,sMAPE
1,10,arima_112,1,"(1, 1, 2)","(0, 0, 0, 0)",0.0857459713062564
1,10,arima_112,2,"(1, 1, 2)","(0, 0, 0, 0)",0.19069320726945094
1,10,arima_112,3,"(1, 1, 2)","(0, 0, 0, 0)",0.11933087488128023
1,10,arima_112,4,"(1, 1, 2)","(0, 0, 0, 0)",0.04413127195523976
1,10,arima_112,5,"(1, 1, 2)","(0, 0, 0, 0)",0.08202583725834629
1,10,arima_112,6,"(1, 1, 2)","(0, 0, 0, 0)",0.13910968634337248
1,10,arima_112,7,"(1, 1, 2)","(0, 0, 0, 0)",0.09103047721227814
1,10,arima_112,8,"(1, 1, 2)","(0, 0, 0, 0)",0.09433860861813775
1,10,arima_112,9,"(1, 1, 2)","(0, 0, 0, 0)",0.27096222343351456
1,10,arima_112,10,"(1, 1, 2)","(0, 0, 0, 0)",0.18708343858633927
1,10,arima_112,11,"(1, 1, 2)","(0, 0, 0, 0)",0.11944692255479106
1,10,arima_112,12,"(1, 1, 2)","(0, 0, 0, 0)",0.14499478064535998
1,10,arima_112,13,"(1, 1, 2)","(0, 0, 0, 0)",0.07073273843753253
1,10,arima_112,14,"(1, 1, 2)","(0, 0, 0, 0)",0.060299789293759544
1,10,arima_112,15,"(1, 1, 2)","(0, 0, 0, 0)",0.06909380935266668
1,10,arima_112,16,"(1, 1, 2)","(0, 0, 0, 0)",0.09256109455347841
1,10,arima_112,17,"(1, 1, 2)","(0, 0, 0, 0)",0.09374089057774651
1,10,arima_112,18,"(1, 1, 2)","(0, 0, 0, 0)",0.07351416127397088
1,10,arima_112,19,"(1, 1, 2)","(0, 0, 0, 0)",0.1376514357273226
1,10,arima_112,20,"(1, 1, 2)","(0, 0, 0, 0)",0.09430208201892984
1,10,arima_112,21,"(1, 1, 2)","(0, 0, 0, 0)",0.06565091445987019
1,10,arima_112,22,"(1, 1, 2)","(0, 0, 0, 0)",0.13082068442900788
1,10,arima_112,23,"(1, 1, 2)","(0, 0, 0, 0)",0.07225964554084968
1,10,arima_112,24,"(1, 1, 2)","(0, 0, 0, 0)",0.12394053371377263
1,10,arima_112,25,"(1, 1, 2)","(0, 0, 0, 0)",0.07845979902273782
1,10,arima_112,26,"(1, 1, 2)","(0, 0, 0, 0)",0.06269970608203507
1,10,arima_112,27,"(1, 1, 2)","(0, 0, 0, 0)",0.04608956361022611
1,10,sarima_112_100_5,1,"(1, 1, 2)","(1, 0, 0, 5)",0.0885551139688377
1,10,sarima_112_100_5,2,"(1, 1, 2)","(1, 0, 0, 5)",0.19313537639538764
1,10,sarima_112_100_5,3,"(1, 1, 2)","(1, 0, 0, 5)",0.12147538879768827
1,10,sarima_112_100_5,4,"(1, 1, 2)","(1, 0, 0, 5)",0.03447117502525138
1,10,sarima_112_100_5,5,"(1, 1, 2)","(1, 0, 0, 5)",0.09434297487350886
1,10,sarima_112_100_5,6,"(1, 1, 2)","(1, 0, 0, 5)",0.13945287276488824
1,10,sarima_112_100_5,7,"(1, 1, 2)","(1, 0, 0, 5)",0.09777169350155177
1,10,sarima_112_100_5,8,"(1, 1, 2)","(1, 0, 0, 5)",0.07691923319753619
1,10,sarima_112_100_5,9,"(1, 1, 2)","(1, 0, 0, 5)",0.24597771515352776
1,10,sarima_112_100_5,10,"(1, 1, 2)","(1, 0, 0, 5)",0.19505052276634557
1,10,sarima_112_100_5,11,"(1, 1, 2)","(1, 0, 0, 5)",0.09593526186004954
1,10,sarima_112_100_5,12,"(1, 1, 2)","(1, 0, 0, 5)",0.14238683887080592
1,10,sarima_112_100_5,13,"(1, 1, 2)","(1, 0, 0, 5)",0.07365081945889185
1,10,sarima_112_100_5,14,"(1, 1, 2)","(1, 0, 0, 5)",0.06256574300476618
1,10,sarima_112_100_5,15,"(1, 1, 2)","(1, 0, 0, 5)",0.06531836396835748
1,10,sarima_112_100_5,16,"(1, 1, 2)","(1, 0, 0, 5)",0.09109733046332469
1,10,sarima_112_100_5,17,"(1, 1, 2)","(1, 0, 0, 5)",0.09838976958169526
1,10,sarima_112_100_5,18,"(1, 1, 2)","(1, 0, 0, 5)",0.07762353194641614
1,10,sarima_112_100_5,19,"(1, 1, 2)","(1, 0, 0, 5)",0.14566792112602753
1,10,sarima_112_100_5,20,"(1, 1, 2)","(1, 0, 0, 5)",0.10347569119510024
1,10,sarima_112_100_5,21,"(1, 1, 2)","(1, 0, 0, 5)",0.07161594532328304
1,10,sarima_112_100_5,22,"(1, 1, 2)","(1, 0, 0, 5)",0.08722221204731737
1,10,sarima_112_100_5,23,"(1, 1, 2)","(1, 0, 0, 5)",0.07155801227950664
1,10,sarima_112_100_5,24,"(1, 1, 2)","(1, 0, 0, 5)",0.08676542851789794
1,10,sarima_112_100_5,25,"(1, 1, 2)","(1, 0, 0, 5)",0.0810298749440676
1,10,sarima_112_100_5,26,"(1, 1, 2)","(1, 0, 0, 5)",0.06383125941765871
1,10,sarima_112_100_5,27,"(1, 1, 2)","(1, 0, 0, 5)",0.049307076210019306
2,10,arima_111,1,"(1, 1, 1)","(0, 0, 0, 0)",0.21715027189728503
2,10,arima_111,2,"(1, 1, 1)","(0, 0, 0, 0)",0.2826739298402345
2,10,arima_111,3,"(1, 1, 1)","(0, 0, 0, 0)",0.1282490503170066
2,10,arima_111,4,"(1, 1, 1)","(0, 0, 0, 0)",0.0768412538844319
2,10,arima_111,5,"(1, 1, 1)","(0, 0, 0, 0)",0.12952436351708776
2,10,arima_111,6,"(1, 1, 1)","(0, 0, 0, 0)",0.045679158335378986
2,10,arima_111,7,"(1, 1, 1)","(0, 0, 0, 0)",0.19231897277467314
2,10,arima_111,8,"(1, 1, 1)","(0, 0, 0, 0)",0.08628909719354155
2,10,arima_111,9,"(1, 1, 1)","(0, 0, 0, 0)",0.28177613963260767
2,10,arima_111,10,"(1, 1, 1)","(0, 0, 0, 0)",0.12179912631549548
2,10,arima_111,11,"(1, 1, 1)","(0, 0, 0, 0)",0.18275088381665802
2,10,arima_111,12,"(1, 1, 1)","(0, 0, 0, 0)",0.1261104459753763
2,10,arima_111,13,"(1, 1, 1)","(0, 0, 0, 0)",0.18068402893395916
2,10,arima_111,14,"(1, 1, 1)","(0, 0, 0, 0)",0.15719660121902462
2,10,arima_111,15,"(1, 1, 1)","(0, 0, 0, 0)",0.14581141786415633
2,10,arima_111,16,"(1, 1, 1)","(0, 0, 0, 0)",0.07096271450696522
2,10,arima_111,17,"(1, 1, 1)","(0, 0, 0, 0)",0.06739855640157592
2,10,arima_111,18,"(1, 1, 1)","(0, 0, 0, 0)",0.08619679772496672
2,10,arima_111,19,"(1, 1, 1)","(0, 0, 0, 0)",0.055740206265655456
2,10,arima_111,20,"(1, 1, 1)","(0, 0, 0, 0)",0.07368911971979984
2,10,arima_111,21,"(1, 1, 1)","(0, 0, 0, 0)",0.1903857794756747
2,10,arima_111,22,"(1, 1, 1)","(0, 0, 0, 0)",0.09339870629297678
2,10,arima_111,23,"(1, 1, 1)","(0, 0, 0, 0)",0.12502377460530786
2,10,arima_111,24,"(1, 1, 1)","(0, 0, 0, 0)",0.0984953481019558
2,10,arima_111,25,"(1, 1, 1)","(0, 0, 0, 0)",0.18718320911515923
2,10,arima_111,26,"(1, 1, 1)","(0, 0, 0, 0)",0.11495232197289962
2,10,arima_111,27,"(1, 1, 1)","(0, 0, 0, 0)",0.15659380612635732
3,10,arima_111,1,"(1, 1, 1)","(0, 0, 0, 0)",0.09477665126290534
3,10,arima_111,2,"(1, 1, 1)","(0, 0, 0, 0)",0.14737388749271982
3,10,arima_111,3,"(1, 1, 1)","(0, 0, 0, 0)",0.10016830185470144
3,10,arima_111,4,"(1, 1, 1)","(0, 0, 0, 0)",0.13407053118965326
3,10,arima_111,5,"(1, 1, 1)","(0, 0, 0, 0)",0.06895844251558579
3,10,arima_111,6,"(1, 1, 1)","(0, 0, 0, 0)",0.113823728081206
3,10,arima_111,7,"(1, 1, 1)","(0, 0, 0, 0)",0.14723255478998487
3,10,arima_111,8,"(1, 1, 1)","(0, 0, 0, 0)",0.1109103655947213
3,10,arima_111,9,"(1, 1, 1)","(0, 0, 0, 0)",0.22644257194994943
3,10,arima_111,10,"(1, 1, 1)","(0, 0, 0, 0)",0.14203201974141186
3,10,arima_111,11,"(1, 1, 1)","(0, 0, 0, 0)",0.3657579141641751
3,10,arima_111,12,"(1, 1, 1)","(0, 0, 0, 0)",0.0887205931046795
3,10,arima_111,13,"(1, 1, 1)","(0, 0, 0, 0)",0.061144134341180024
3,10,arima_111,14,"(1, 1, 1)","(0, 0, 0, 0)",0.1113669746095851
3,10,arima_111,15,"(1, 1, 1)","(0, 0, 0, 0)",0.08925244716980232
3,10,arima_111,16,"(1, 1, 1)","(0, 0, 0, 0)",0.13359797729230746
3,10,arima_111,17,"(1, 1, 1)","(0, 0, 0, 0)",0.3131756658679273
3,10,arima_111,18,"(1, 1, 1)","(0, 0, 0, 0)",0.14723213260472887
3,10,arima_111,19,"(1, 1, 1)","(0, 0, 0, 0)",0.19030486809583796
3,10,arima_111,20,"(1, 1, 1)","(0, 0, 0, 0)",0.08830862969063646
3,10,arima_111,21,"(1, 1, 1)","(0, 0, 0, 0)",0.12075961474778887
3,10,arima_111,22,"(1, 1, 1)","(0, 0, 0, 0)",0.09036022031583452
3,10,arima_111,23,"(1, 1, 1)","(0, 0, 0, 0)",0.10301353071518256
3,10,arima_111,24,"(1, 1, 1)","(0, 0, 0, 0)",0.11043553915958824
3,10,arima_111,25,"(1, 1, 1)","(0, 0, 0, 0)",0.28130697809495875
3,10,arima_111,26,"(1, 1, 1)","(0, 0, 0, 0)",0.07937495068240659
3,10,arima_111,27,"(1, 1, 1)","(0, 0, 0, 0)",0.5457977168711571
3,10,sarima_111_002_5,1,"(1, 1, 1)","(0, 0, 2, 5)",0.09771733362624911
3,10,sarima_111_002_5,2,"(1, 1, 1)","(0, 0, 2, 5)",0.14126684727031022
3,10,sarima_111_002_5,3,"(1, 1, 1)","(0, 0, 2, 5)",0.10986839584211823
3,10,sarima_111_002_5,4,"(1, 1, 1)","(0, 0, 2, 5)",0.13987683250325791
3,10,sarima_111_002_5,5,"(1, 1, 1)","(0, 0, 2, 5)",0.06749732315978622
3,10,sarima_111_002_5,6,"(1, 1, 1)","(0, 0, 2, 5)",0.1148135175697434
3,10,sarima_111_002_5,7,"(1, 1, 1)","(0, 0, 2, 5)",0.14912644920092274
3,10,sarima_111_002_5,8,"(1, 1, 1)","(0, 0, 2, 5)",0.10626633280241
3,10,sarima_111_002_5,9,"(1, 1, 1)","(0, 0, 2, 5)",0.23239344623785485
3,10,sarima_111_002_5,10,"(1, 1, 1)","(0, 0, 2, 5)",0.13238149736076013
3,10,sarima_111_002_5,11,"(1, 1, 1)","(0, 0, 2, 5)",0.36734922531980235
3,10,sarima_111_002_5,12,"(1, 1, 1)","(0, 0, 2, 5)",0.08238294648647376
3,10,sarima_111_002_5,13,"(1, 1, 1)","(0, 0, 2, 5)",0.06204764521205444
3,10,sarima_111_002_5,14,"(1, 1, 1)","(0, 0, 2, 5)",0.1114209519536664
3,10,sarima_111_002_5,15,"(1, 1, 1)","(0, 0, 2, 5)",0.09282617098609802
3,10,sarima_111_002_5,16,"(1, 1, 1)","(0, 0, 2, 5)",0.13108713081509268
3,10,sarima_111_002_5,17,"(1, 1, 1)","(0, 0, 2, 5)",0.31330738499445
3,10,sarima_111_002_5,18,"(1, 1, 1)","(0, 0, 2, 5)",0.14014149606843118
3,10,sarima_111_002_5,19,"(1, 1, 1)","(0, 0, 2, 5)",0.1848601564054106
3,10,sarima_111_002_5,20,"(1, 1, 1)","(0, 0, 2, 5)",0.08275703010155099
3,10,sarima_111_002_5,21,"(1, 1, 1)","(0, 0, 2, 5)",0.12553497921977128
3,10,sarima_111_002_5,22,"(1, 1, 1)","(0, 0, 2, 5)",0.09177071871126145
3,10,sarima_111_002_5,23,"(1, 1, 1)","(0, 0, 2, 5)",0.10423537338249889
3,10,sarima_111_002_5,24,"(1, 1, 1)","(0, 0, 2, 5)",0.10898846060461516
3,10,sarima_111_002_5,25,"(1, 1, 1)","(0, 0, 2, 5)",0.27972581970105176
3,10,sarima_111_002_5,26,"(1, 1, 1)","(0, 0, 2, 5)",0.07896312592390783
3,10,sarima_111_002_5,27,"(1, 1, 1)","(0, 0, 2, 5)",0.5443127495563238
4,10,arima_011,1,"(0, 1, 1)","(0, 0, 0, 0)",0.12108815463132891
4,10,arima_011,2,"(0, 1, 1)","(0, 0, 0, 0)",0.13547492144929643
4,10,arima_011,3,"(0, 1, 1)","(0, 0, 0, 0)",0.11596707207211335
4,10,arima_011,4,"(0, 1, 1)","(0, 0, 0, 0)",0.15195689033294524
4,10,arima_011,5,"(0, 1, 1)","(0, 0, 0, 0)",0.13368252956078183
4,10,arima_011,6,"(0, 1, 1)","(0, 0, 0, 0)",0.08475106704268465
4,10,arima_011,7,"(0, 1, 1)","(0, 0, 0, 0)",0.18425196713254718
4,10,arima_011,8,"(0, 1, 1)","(0, 0, 0, 0)",0.10372194786271893
4,10,arima_011,9,"(0, 1, 1)","(0, 0, 0, 0)",0.2948173087189912
4,10,arima_011,10,"(0, 1, 1)","(0, 0, 0, 0)",0.18381798434230154
4,10,arima_011,11,"(0, 1, 1)","(0, 0, 0, 0)",0.18921646936279565
4,10,arima_011,12,"(0, 1, 1)","(0, 0, 0, 0)",0.08092200852093817
4,10,arima_011,13,"(0, 1, 1)","(0, 0, 0, 0)",0.0765707145142863
4,10,arima_011,14,"(0, 1, 1)","(0, 0, 0, 0)",0.09567074344610474
4,10,arima_011,15,"(0, 1, 1)","(0, 0, 0, 0)",0.10012623406331118
4,10,arima_011,16,"(0, 1, 1)","(0, 0, 0, 0)",0.11687696390829677
4,10,arima_011,17,"(0, 1, 1)","(0, 0, 0, 0)",0.23119184909846122
4,10,arima_011,18,"(0, 1, 1)","(0, 0, 0, 0)",0.12163820776027996
4,10,arima_011,19,"(0, 1, 1)","(0, 0, 0, 0)",0.11301885597511141
4,10,arima_011,20,"(0, 1, 1)","(0, 0, 0, 0)",0.1481279964481606
4,10,arima_011,21,"(0, 1, 1)","(0, 0, 0, 0)",0.21982570155620007
4,10,arima_011,22,"(0, 1, 1)","(0, 0, 0, 0)",0.16604146880423248
4,10,arima_011,23,"(0, 1, 1)","(0, 0, 0, 0)",0.12447385647102707
4,10,arima_011,24,"(0, 1, 1)","(0, 0, 0, 0)",0.1372335468621981
4,10,arima_011,25,"(0, 1, 1)","(0, 0, 0, 0)",0.16389291982621249
4,10,arima_011,26,"(0, 1, 1)","(0, 0, 0, 0)",0.13734051277212705
4,10,arima_011,27,"(0, 1, 1)","(0, 0, 0, 0)",0.5865595148556456
4,10,arima_012,1,"(0, 1, 2)","(0, 0, 0, 0)",0.14071235378052238
4,10,arima_012,2,"(0, 1, 2)","(0, 0, 0, 0)",0.14065035156814792
4,10,arima_012,3,"(0, 1, 2)","(0, 0, 0, 0)",0.10707208537015521
4,10,arima_012,4,"(0, 1, 2)","(0, 0, 0, 0)",0.15225203603868082
4,10,arima_012,5,"(0, 1, 2)","(0, 0, 0, 0)",0.13390682408407056
4,10,arima_012,6,"(0, 1, 2)","(0, 0, 0, 0)",0.08555457789296328
4,10,arima_012,7,"(0, 1, 2)","(0, 0, 0, 0)",0.18674521642410627
4,10,arima_012,8,"(0, 1, 2)","(0, 0, 0, 0)",0.1066738549023109
4,10,arima_012,9,"(0, 1, 2)","(0, 0, 0, 0)",0.2989315649347702
4,10,arima_012,10,"(0, 1, 2)","(0, 0, 0, 0)",0.1949489439681944
4,10,arima_012,11,"(0, 1, 2)","(0, 0, 0, 0)",0.1946772005710599
4,10,arima_012,12,"(0, 1, 2)","(0, 0, 0, 0)",0.08485182255205864
4,10,arima_012,13,"(0, 1, 2)","(0, 0, 0, 0)",0.07797239482057511
4,10,arima_012,14,"(0, 1, 2)","(0, 0, 0, 0)",0.09750281704575925
4,10,arima_012,15,"(0, 1, 2)","(0, 0, 0, 0)",0.10044885370006434
4,10,arima_012,16,"(0, 1, 2)","(0, 0, 0, 0)",0.11594201896797385
4,10,arima_012,17,"(0, 1, 2)","(0, 0, 0, 0)",0.23169006536873626
4,10,arima_012,18,"(0, 1, 2)","(0, 0, 0, 0)",0.12222044124130145
4,10,arima_012,19,"(0, 1, 2)","(0, 0, 0, 0)",0.11294607846160432
4,10,arima_012,20,"(0, 1, 2)","(0, 0, 0, 0)",0.14830351339148393
4,10,arima_012,21,"(0, 1, 2)","(0, 0, 0, 0)",0.22230603564311055
4,10,arima_012,22,"(0, 1, 2)","(0, 0, 0, 0)",0.16043464882588931
4,10,arima_012,23,"(0, 1, 2)","(0, 0, 0, 0)",0.12338027958327685
4,10,arima_012,24,"(0, 1, 2)","(0, 0, 0, 0)",0.1383113713823322
4,10,arima_012,25,"(0, 1, 2)","(0, 0, 0, 0)",0.1646196273019288
4,10,arima_012,26,"(0, 1, 2)","(0, 0, 0, 0)",0.14146146498734444
4,10,arima_012,27,"(0, 1, 2)","(0, 0, 0, 0)",0.5890578269018508
5,10,arima_102,1,"(1, 0, 2)","(0, 0, 0, 0)",0.09398187279976315
5,10,arima_102,2,"(1, 0, 2)","(0, 0, 0, 0)",0.030863246530731928
5,10,arima_102,3,"(1, 0, 2)","(0, 0, 0, 0)",0.16929396731201637
5,10,arima_102,4,"(1, 0, 2)","(0, 0, 0, 0)",0.0626793100857389
5,10,arima_102,5,"(1, 0, 2)","(0, 0, 0, 0)",0.1176334334075096
5,10,arima_102,6,"(1, 0, 2)","(0, 0, 0, 0)",0.08352357688496248
5,10,arima_102,7,"(1, 0, 2)","(0, 0, 0, 0)",0.09410754863035647
5,10,arima_102,8,"(1, 0, 2)","(0, 0, 0, 0)",0.05910066320049689
5,10,arima_102,9,"(1, 0, 2)","(0, 0, 0, 0)",0.22578692574859793
5,10,arima_102,10,"(1, 0, 2)","(0, 0, 0, 0)",0.11544708389004409
5,10,arima_102,11,"(1, 0, 2)","(0, 0, 0, 0)",0.356017855982383
5,10,arima_102,12,"(1, 0, 2)","(0, 0, 0, 0)",0.12451487337734324
5,10,arima_102,13,"(1, 0, 2)","(0, 0, 0, 0)",0.061029947113571105
5,10,arima_102,14,"(1, 0, 2)","(0, 0, 0, 0)",0.08923959563501493
5,10,arima_102,15,"(1, 0, 2)","(0, 0, 0, 0)",0.06967279076611442
5,10,arima_102,16,"(1, 0, 2)","(0, 0, 0, 0)",0.10355742368925268
5,10,arima_102,17,"(1, 0, 2)","(0, 0, 0, 0)",0.11601318514060073
5,10,arima_102,18,"(1, 0, 2)","(0, 0, 0, 0)",0.08218154963164165
5,10,arima_102,19,"(1, 0, 2)","(0, 0, 0, 0)",0.07501305469678013
5,10,arima_102,20,"(1, 0, 2)","(0, 0, 0, 0)",0.07907475382577332
5,10,arima_102,21,"(1, 0, 2)","(0, 0, 0, 0)",0.08586280701230264
5,10,arima_102,22,"(1, 0, 2)","(0, 0, 0, 0)",0.04642825658227581
5,10,arima_102,23,"(1, 0, 2)","(0, 0, 0, 0)",0.10527142586772434
5,10,arima_102,24,"(1, 0, 2)","(0, 0, 0, 0)",0.07494510166416561
5,10,arima_102,25,"(1, 0, 2)","(0, 0, 0, 0)",0.06850894637126004
5,10,arima_102,26,"(1, 0, 2)","(0, 0, 0, 0)",0.04406639090292581
5,10,arima_102,27,"(1, 0, 2)","(0, 0, 0, 0)",0.13671333902918684
5,10,arima_202,1,"(2, 0, 2)","(0, 0, 0, 0)",0.09300572225317119
5,10,arima_202,2,"(2, 0, 2)","(0, 0, 0, 0)",0.03149620533060515
5,10,arima_202,3,"(2, 0, 2)","(0, 0, 0, 0)",0.16972019044412615
5,10,arima_202,4,"(2, 0, 2)","(0, 0, 0, 0)",0.06090653858449975
5,10,arima_202,5,"(2, 0, 2)","(0, 0, 0, 0)",0.11463432037198557
5,10,arima_202,6,"(2, 0, 2)","(0, 0, 0, 0)",0.08183442365118071
5,10,arima_202,7,"(2, 0, 2)","(0, 0, 0, 0)",0.09492768141248761
5,10,arima_202,8,"(2, 0, 2)","(0, 0, 0, 0)",0.059939133636217626
5,10,arima_202,9,"(2, 0, 2)","(0, 0, 0, 0)",0.22717669486873227
5,10,arima_202,10,"(2, 0, 2)","(0, 0, 0, 0)",0.11624519157335933
5,10,arima_202,11,"(2, 0, 2)","(0, 0, 0, 0)",0.35655076642926287
5,10,arima_202,12,"(2, 0, 2)","(0, 0, 0, 0)",0.12186305578648533
5,10,arima_202,13,"(2, 0, 2)","(0, 0, 0, 0)",0.058957734144443365
5,10,arima_202,14,"(2, 0, 2)","(0, 0, 0, 0)",0.08804032454956327
5,10,arima_202,15,"(2, 0, 2)","(0, 0, 0, 0)",0.06785727397251425
5,10,arima_202,16,"(2, 0, 2)","(0, 0, 0, 0)",0.10367627663704629
5,10,arima_202,17,"(2, 0, 2)","(0, 0, 0, 0)",0.11606393174771022
5,10,arima_202,18,"(2, 0, 2)","(0, 0, 0, 0)",0.08177902273338948
5,10,arima_202,19,"(2, 0, 2)","(0, 0, 0, 0)",0.0755720275272589
5,10,arima_202,20,"(2, 0, 2)","(0, 0, 0, 0)",0.07872596492385894
5,10,arima_202,21,"(2, 0, 2)","(0, 0, 0, 0)",0.08646879886627229
5,10,arima_202,22,"(2, 0, 2)","(0, 0, 0, 0)",0.04660715740721844
5,10,arima_202,23,"(2, 0, 2)","(0, 0, 0, 0)",0.1060558242395405
5,10,arima_202,24,"(2, 0, 2)","(0, 0, 0, 0)",0.07476714954368534
5,10,arima_202,25,"(2, 0, 2)","(0, 0, 0, 0)",0.06870796963665345
5,10,arima_202,26,"(2, 0, 2)","(0, 0, 0, 0)",0.043272578961621094
5,10,arima_202,27,"(2, 0, 2)","(0, 0, 0, 0)",0.13673161573806572
5,10,arima_400,1,"(4, 0, 0)","(0, 0, 0, 0)",0.08675599571643149
5,10,arima_400,2,"(4, 0, 0)","(0, 0, 0, 0)",0.0690883701198751
5,10,arima_400,3,"(4, 0, 0)","(0, 0, 0, 0)",0.1626507912049312
5,10,arima_400,4,"(4, 0, 0)","(0, 0, 0, 0)",0.07096398584414532
5,10,arima_400,5,"(4, 0, 0)","(0, 0, 0, 0)",0.1091183704817425
5,10,arima_400,6,"(4, 0, 0)","(0, 0, 0, 0)",0.07358654451938024
5,10,arima_400,7,"(4, 0, 0)","(0, 0, 0, 0)",0.10335556336279011
5,10,arima_400,8,"(4, 0, 0)","(0, 0, 0, 0)",0.06745797053404935
5,10,arima_400,9,"(4, 0, 0)","(0, 0, 0, 0)",0.20158133450257054
5,10,arima_400,10,"(4, 0, 0)","(0, 0, 0, 0)",0.23294759560406153
5,10,arima_400,11,"(4, 0, 0)","(0, 0, 0, 0)",0.27380877145537263
5,10,arima_400,12,"(4, 0, 0)","(0, 0, 0, 0)",0.07828098612206678
5,10,arima_400,13,"(4, 0, 0)","(0, 0, 0, 0)",0.055430688658162544
5,10,arima_400,14,"(4, 0, 0)","(0, 0, 0, 0)",0.0813767370140053
5,10,arima_400,15,"(4, 0, 0)","(0, 0, 0, 0)",0.10059730169569514
5,10,arima_400,16,"(4, 0, 0)","(0, 0, 0, 0)",0.10015405465247836
5,10,arima_400,17,"(4, 0, 0)","(0, 0, 0, 0)",0.12210812516587616
5,10,arima_400,18,"(4, 0, 0)","(0, 0, 0, 0)",0.07740108347713823
5,10,arima_400,19,"(4, 0, 0)","(0, 0, 0, 0)",0.06064441825828951
5,10,arima_400,20,"(4, 0, 0)","(0, 0, 0, 0)",0.0490363483789427
5,10,arima_400,21,"(4, 0, 0)","(0, 0, 0, 0)",0.12675296431046618
5,10,arima_400,22,"(4, 0, 0)","(0, 0, 0, 0)",0.04162819845533605
5,10,arima_400,23,"(4, 0, 0)","(0, 0, 0, 0)",0.08996161983075798
5,10,arima_400,24,"(4, 0, 0)","(0, 0, 0, 0)",0.08067357927894866
5,10,arima_400,25,"(4, 0, 0)","(0, 0, 0, 0)",0.047955171533532924
5,10,arima_400,26,"(4, 0, 0)","(0, 0, 0, 0)",0.04489580425129093
5,10,arima_400,27,"(4, 0, 0)","(0, 0, 0, 0)",0.1367567193246881
5,10,sarima_002_100_5,1,"(0, 0, 2)","(1, 0, 0, 5)",0.09478528322836913
5,10,sarima_002_100_5,2,"(0, 0, 2)","(1, 0, 0, 5)",0.11271090138710066
5,10,sarima_002_100_5,3,"(0, 0, 2)","(1, 0, 0, 5)",0.19224341700431127
5,10,sarima_002_100_5,4,"(0, 0, 2)","(1, 0, 0, 5)",0.09442365952985798
5,10,sarima_002_100_5,5,"(0, 0, 2)","(1, 0, 0, 5)",0.13692966938479129
5,10,sarima_002_100_5,6,"(0, 0, 2)","(1, 0, 0, 5)",0.0916422647388911
5,10,sarima_002_100_5,7,"(0, 0, 2)","(1, 0, 0, 5)",0.09880334184399163
5,10,sarima_002_100_5,8,"(0, 0, 2)","(1, 0, 0, 5)",0.17730162361137297
5,10,sarima_002_100_5,9,"(0, 0, 2)","(1, 0, 0, 5)",0.17471836392890405
5,10,sarima_002_100_5,10,"(0, 0, 2)","(1, 0, 0, 5)",0.29610631331893583
5,10,sarima_002_100_5,11,"(0, 0, 2)","(1, 0, 0, 5)",0.35508062160361376
5,10,sarima_002_100_5,12,"(0, 0, 2)","(1, 0, 0, 5)",0.0760868851533231
5,10,sarima_002_100_5,13,"(0, 0, 2)","(1, 0, 0, 5)",0.06272525302212165
5,10,sarima_002_100_5,14,"(0, 0, 2)","(1, 0, 0, 5)",0.10059789886471855
5,10,sarima_002_100_5,15,"(0, 0, 2)","(1, 0, 0, 5)",0.13221439804669785
5,10,sarima_002_100_5,16,"(0, 0, 2)","(1, 0, 0, 5)",0.12208133552457362
5,10,sarima_002_100_5,17,"(0, 0, 2)","(1, 0, 0, 5)",0.1342656854647739
5,10,sarima_002_100_5,18,"(0, 0, 2)","(1, 0, 0, 5)",0.08832836500123134
5,10,sarima_002_100_5,19,"(0, 0, 2)","(1, 0, 0, 5)",0.056676113528371
5,10,sarima_002_100_5,20,"(0, 0, 2)","(1, 0, 0, 5)",0.07128275847853029
5,10,sarima_002_100_5,21,"(0, 0, 2)","(1, 0, 0, 5)",0.12901949548577982
5,10,sarima_002_100_5,22,"(0, 0, 2)","(1, 0, 0, 5)",0.07359176026711965
5,10,sarima_002_100_5,23,"(0, 0, 2)","(1, 0, 0, 5)",0.07925274403996223
5,10,sarima_002_100_5,24,"(0, 0, 2)","(1, 0, 0, 5)",0.10521672848758619
5,10,sarima_002_100_5,25,"(0, 0, 2)","(1, 0, 0, 5)",0.10641885858095775
5,10,sarima_002_100_5,26,"(0, 0, 2)","(1, 0, 0, 5)",0.0714636139869651
5,10,sarima_002_100_5,27,"(0, 0, 2)","(1, 0, 0, 5)",0.1518305251889488
5,10,sarima_100_100_5,1,"(1, 0, 0)","(1, 0, 0, 5)",0.13786494009692038
5,10,sarima_100_100_5,2,"(1, 0, 0)","(1, 0, 0, 5)",0.26874691101806436
5,10,sarima_100_100_5,3,"(1, 0, 0)","(1, 0, 0, 5)",0.2552958378107907
5,10,sarima_100_100_5,4,"(1, 0, 0)","(1, 0, 0, 5)",0.17333631259412025
5,10,sarima_100_100_5,5,"(1, 0, 0)","(1, 0, 0, 5)",0.2768722520748877
5,10,sarima_100_100_5,6,"(1, 0, 0)","(1, 0, 0, 5)",0.16200813656108712
5,10,sarima_100_100_5,7,"(1, 0, 0)","(1, 0, 0, 5)",0.10364677564307567
5,10,sarima_100_100_5,8,"(1, 0, 0)","(1, 0, 0, 5)",0.06961183449614457
5,10,sarima_100_100_5,9,"(1, 0, 0)","(1, 0, 0, 5)",0.17703647886161966
5,10,sarima_100_100_5,10,"(1, 0, 0)","(1, 0, 0, 5)",0.34722169825085336
5,10,sarima_100_100_5,11,"(1, 0, 0)","(1, 0, 0, 5)",0.3393273704162698
5,10,sarima_100_100_5,12,"(1, 0, 0)","(1, 0, 0, 5)",0.10180107080295327
5,10,sarima_100_100_5,13,"(1, 0, 0)","(1, 0, 0, 5)",0.10046697623497579
5,10,sarima_100_100_5,14,"(1, 0, 0)","(1, 0, 0, 5)",0.10410879235361513
5,10,sarima_100_100_5,15,"(1, 0, 0)","(1, 0, 0, 5)",0.29581199218974635
5,10,sarima_100_100_5,16,"(1, 0, 0)","(1, 0, 0, 5)",0.1325398790455223
5,10,sarima_100_100_5,17,"(1, 0, 0)","(1, 0, 0, 5)",0.15292761557552914
5,10,sarima_100_100_5,18,"(1, 0, 0)","(1, 0, 0, 5)",0.10645402997649978
5,10,sarima_100_100_5,19,"(1, 0, 0)","(1, 0, 0, 5)",0.046112968435946554
5,10,sarima_100_100_5,20,"(1, 0, 0)","(1, 0, 0, 5)",0.14584457943781412
5,10,sarima_100_100_5,21,"(1, 0, 0)","(1, 0, 0, 5)",0.2796711416338465
5,10,sarima_100_100_5,22,"(1, 0, 0)","(1, 0, 0, 5)",0.12953608724362262
5,10,sarima_100_100_5,23,"(1, 0, 0)","(1, 0, 0, 5)",0.1600313937237204
5,10,sarima_100_100_5,24,"(1, 0, 0)","(1, 0, 0, 5)",0.21867661876649797
5,10,sarima_100_100_5,25,"(1, 0, 0)","(1, 0, 0, 5)",0.08332114042116237
5,10,sarima_100_100_5,26,"(1, 0, 0)","(1, 0, 0, 5)",0.10460174757187173
5,10,sarima_100_100_5,27,"(1, 0, 0)","(1, 0, 0, 5)",0.21193216664484688
6,10,arima_011,1,"(0, 1, 1)","(0, 0, 0, 0)",0.08276640229896182
6,10,arima_011,2,"(0, 1, 1)","(0, 0, 0, 0)",0.1515435170354541
6,10,arima_011,3,"(0, 1, 1)","(0, 0, 0, 0)",0.14599952028436908
6,10,arima_011,4,"(0, 1, 1)","(0, 0, 0, 0)",0.11309457104562137
6,10,arima_011,5,"(0, 1, 1)","(0, 0, 0, 0)",0.16332145480910631
6,10,arima_011,6,"(0, 1, 1)","(0, 0, 0, 0)",0.12041390052628319
6,10,arima_011,7,"(0, 1, 1)","(0, 0, 0, 0)",0.14568746946695335
6,10,arima_011,8,"(0, 1, 1)","(0, 0, 0, 0)",0.07495768905768273
6,10,arima_011,9,"(0, 1, 1)","(0, 0, 0, 0)",0.23183360366024652
6,10,arima_011,10,"(0, 1, 1)","(0, 0, 0, 0)",0.11582867089439415
6,10,arima_011,11,"(0, 1, 1)","(0, 0, 0, 0)",0.2987638278548454
6,10,arima_011,12,"(0, 1, 1)","(0, 0, 0, 0)",0.11063263321307917
6,10,arima_011,13,"(0, 1, 1)","(0, 0, 0, 0)",0.06615292415013384
6,10,arima_011,14,"(0, 1, 1)","(0, 0, 0, 0)",0.12270553483141587
6,10,arima_011,15,"(0, 1, 1)","(0, 0, 0, 0)",0.11041708075153729
6,10,arima_011,16,"(0, 1, 1)","(0, 0, 0, 0)",0.12742794938930416
6,10,arima_011,17,"(0, 1, 1)","(0, 0, 0, 0)",0.14685877192127977
6,10,arima_011,18,"(0, 1, 1)","(0, 0, 0, 0)",0.12403184899053182
6,10,arima_011,19,"(0, 1, 1)","(0, 0, 0, 0)",0.10725870608030036
6,10,arima_011,20,"(0, 1, 1)","(0, 0, 0, 0)",0.09860530315868149
6,10,arima_011,21,"(0, 1, 1)","(0, 0, 0, 0)",0.08185324725346034
6,10,arima_011,22,"(0, 1, 1)","(0, 0, 0, 0)",0.09913047498655235
6,10,arima_011,23,"(0, 1, 1)","(0, 0, 0, 0)",0.1099200247537173
6,10,arima_011,24,"(0, 1, 1)","(0, 0, 0, 0)",0.060802790748010996
6,10,arima_011,25,"(0, 1, 1)","(0, 0, 0, 0)",0.13681923611546834
6,10,arima_011,26,"(0, 1, 1)","(0, 0, 0, 0)",0.08755636204804366
6,10,arima_011,27,"(0, 1, 1)","(0, 0, 0, 0)",0.20768972221476972
6,10,arima_211,1,"(2, 1, 1)","(0, 0, 0, 0)",0.08117865374458486
6,10,arima_211,2,"(2, 1, 1)","(0, 0, 0, 0)",0.15421463502659463
6,10,arima_211,3,"(2, 1, 1)","(0, 0, 0, 0)",0.14010366805009183
6,10,arima_211,4,"(2, 1, 1)","(0, 0, 0, 0)",0.11177004490221344
6,10,arima_211,5,"(2, 1, 1)","(0, 0, 0, 0)",0.15891922951127402
6,10,arima_211,6,"(2, 1, 1)","(0, 0, 0, 0)",0.11089943869402522
6,10,arima_211,7,"(2, 1, 1)","(0, 0, 0, 0)",0.14497502946787727
6,10,arima_211,8,"(2, 1, 1)","(0, 0, 0, 0)",0.07161224518098522
6,10,arima_211,9,"(2, 1, 1)","(0, 0, 0, 0)",0.23570354813926647
6,10,arima_211,10,"(2, 1, 1)","(0, 0, 0, 0)",0.11722786312597099
6,10,arima_211,11,"(2, 1, 1)","(0, 0, 0, 0)",0.3049750149819467
6,10,arima_211,12,"(2, 1, 1)","(0, 0, 0, 0)",0.11141250661770746
6,10,arima_211,13,"(2, 1, 1)","(0, 0, 0, 0)",0.059773677946139726
6,10,arima_211,14,"(2, 1, 1)","(0, 0, 0, 0)",0.12709676464493277
6,10,arima_211,15,"(2, 1, 1)","(0, 0, 0, 0)",0.11130736559713886
6,10,arima_211,16,"(2, 1, 1)","(0, 0, 0, 0)",0.12789000839226544
6,10,arima_211,17,"(2, 1, 1)","(0, 0, 0, 0)",0.1473296582358989
6,10,arima_211,18,"(2, 1, 1)","(0, 0, 0, 0)",0.12562825801351135
6,10,arima_211,19,"(2, 1, 1)","(0, 0, 0, 0)",0.11116075217385593
6,10,arima_211,20,"(2, 1, 1)","(0, 0, 0, 0)",0.09943417805080901
6,10,arima_211,21,"(2, 1, 1)","(0, 0, 0, 0)",0.08054697833272495
6,10,arima_211,22,"(2, 1, 1)","(0, 0, 0, 0)",0.0971701060524188
6,10,arima_211,23,"(2, 1, 1)","(0, 0, 0, 0)",0.11562308603129223
6,10,arima_211,24,"(2, 1, 1)","(0, 0, 0, 0)",0.06073116054616406
6,10,arima_211,25,"(2, 1, 1)","(0, 0, 0, 0)",0.1364074013199249
6,10,arima_211,26,"(2, 1, 1)","(0, 0, 0, 0)",0.08330375334432806
6,10,arima_211,27,"(2, 1, 1)","(0, 0, 0, 0)",0.2035222634583045
6,10,sarima_011_200_5,1,"(0, 1, 1)","(2, 0, 0, 5)",0.08368681276929561
6,10,sarima_011_200_5,2,"(0, 1, 1)","(2, 0, 0, 5)",0.15123055428839877
6,10,sarima_011_200_5,3,"(0, 1, 1)","(2, 0, 0, 5)",0.14323491455637155
6,10,sarima_011_200_5,4,"(0, 1, 1)","(2, 0, 0, 5)",0.10976461306662923
6,10,sarima_011_200_5,5,"(0, 1, 1)","(2, 0, 0, 5)",0.16566146658247838
6,10,sarima_011_200_5,6,"(0, 1, 1)","(2, 0, 0, 5)",0.11799384634757391
6,10,sarima_011_200_5,7,"(0, 1, 1)","(2, 0, 0, 5)",0.14652879340925096
6,10,sarima_011_200_5,8,"(0, 1, 1)","(2, 0, 0, 5)",0.07680499428908988
6,10,sarima_011_200_5,9,"(0, 1, 1)","(2, 0, 0, 5)",0.2332958697378849
6,10,sarima_011_200_5,10,"(0, 1, 1)","(2, 0, 0, 5)",0.1144904046983336
6,10,sarima_011_200_5,11,"(0, 1, 1)","(2, 0, 0, 5)",0.2961806206062745
6,10,sarima_011_200_5,12,"(0, 1, 1)","(2, 0, 0, 5)",0.11292146148625506
6,10,sarima_011_200_5,13,"(0, 1, 1)","(2, 0, 0, 5)",0.06403787861331021
6,10,sarima_011_200_5,14,"(0, 1, 1)","(2, 0, 0, 5)",0.12305737451620623
6,10,sarima_011_200_5,15,"(0, 1, 1)","(2, 0, 0, 5)",0.11081456628199589
6,10,sarima_011_200_5,16,"(0, 1, 1)","(2, 0, 0, 5)",0.12708678401030846
6,10,sarima_011_200_5,17,"(0, 1, 1)","(2, 0, 0, 5)",0.1442825726649623
6,10,sarima_011_200_5,18,"(0, 1, 1)","(2, 0, 0, 5)",0.12338753066427273
6,10,sarima_011_200_5,19,"(0, 1, 1)","(2, 0, 0, 5)",0.1049121247256914
6,10,sarima_011_200_5,20,"(0, 1, 1)","(2, 0, 0, 5)",0.09719207276074374
6,10,sarima_011_200_5,21,"(0, 1, 1)","(2, 0, 0, 5)",0.0848366539342584
6,10,sarima_011_200_5,22,"(0, 1, 1)","(2, 0, 0, 5)",0.09773715335444677
6,10,sarima_011_200_5,23,"(0, 1, 1)","(2, 0, 0, 5)",0.10983595512088865
6,10,sarima_011_200_5,24,"(0, 1, 1)","(2, 0, 0, 5)",0.0637653958381889
6,10,sarima_011_200_5,25,"(0, 1, 1)","(2, 0, 0, 5)",0.1364114524463284
6,10,sarima_011_200_5,26,"(0, 1, 1)","(2, 0, 0, 5)",0.08831842523031276
6,10,sarima_011_200_5,27,"(0, 1, 1)","(2, 0, 0, 5)",0.20523414523282413
7,10,arima_011,1,"(0, 1, 1)","(0, 0, 0, 0)",0.1026300723575944
7,10,arima_011,2,"(0, 1, 1)","(0, 0, 0, 0)",0.3459434522666104
7,10,arima_011,3,"(0, 1, 1)","(0, 0, 0, 0)",0.2514843644821806
7,10,arima_011,4,"(0, 1, 1)","(0, 0, 0, 0)",0.18897830683582573
7,10,arima_011,5,"(0, 1, 1)","(0, 0, 0, 0)",0.22459025658337595
7,10,arima_011,6,"(0, 1, 1)","(0, 0, 0, 0)",0.14541668449222817
7,10,arima_011,7,"(0, 1, 1)","(0, 0, 0, 0)",0.23360555178856754
7,10,arima_011,8,"(0, 1, 1)","(0, 0, 0, 0)",0.1457125191662825
7,10,arima_011,9,"(0, 1, 1)","(0, 0, 0, 0)",0.3506914881263425
7,10,arima_011,10,"(0, 1, 1)","(0, 0, 0, 0)",0.19011121314718393
7,10,arima_011,11,"(0, 1, 1)","(0, 0, 0, 0)",0.4004439694087643
7,10,arima_011,12,"(0, 1, 1)","(0, 0, 0, 0)",0.16978602436652965
7,10,arima_011,13,"(0, 1, 1)","(0, 0, 0, 0)",0.1530519744471863
7,10,arima_011,14,"(0, 1, 1)","(0, 0, 0, 0)",0.11630346400018293
7,10,arima_011,15,"(0, 1, 1)","(0, 0, 0, 0)",0.1476602477019097
7,10,arima_011,16,"(0, 1, 1)","(0, 0, 0, 0)",0.20313451664402327
7,10,arima_011,17,"(0, 1, 1)","(0, 0, 0, 0)",0.3912904589234575
7,10,arima_011,18,"(0, 1, 1)","(0, 0, 0, 0)",0.3013026859587719
7,10,arima_011,19,"(0, 1, 1)","(0, 0, 0, 0)",0.34137953786153624
7,10,arima_011,20,"(0, 1, 1)","(0, 0, 0, 0)",0.34145504989112124
7,10,arima_011,21,"(0, 1, 1)","(0, 0, 0, 0)",0.340293711142146
7,10,arima_011,22,"(0, 1, 1)","(0, 0, 0, 0)",0.10129655501236204
7,10,arima_011,23,"(0, 1, 1)","(0, 0, 0, 0)",0.2725448617135848
7,10,arima_011,24,"(0, 1, 1)","(0, 0, 0, 0)",0.16543985431084446
7,10,arima_011,25,"(0, 1, 1)","(0, 0, 0, 0)",0.22639346251570425
7,10,arima_011,26,"(0, 1, 1)","(0, 0, 0, 0)",0.20382898863166382
7,10,arima_011,27,"(0, 1, 1)","(0, 0, 0, 0)",0.6450593353896346
7,10,arima_012,1,"(0, 1, 2)","(0, 0, 0, 0)",0.10226317753071806
7,10,arima_012,2,"(0, 1, 2)","(0, 0, 0, 0)",0.34586733801665404
7,10,arima_012,3,"(0, 1, 2)","(0, 0, 0, 0)",0.25165427926815453
7,10,arima_012,4,"(0, 1, 2)","(0, 0, 0, 0)",0.18908977948303274
7,10,arima_012,5,"(0, 1, 2)","(0, 0, 0, 0)",0.2244010552571253
7,10,arima_012,6,"(0, 1, 2)","(0, 0, 0, 0)",0.1452715106010793
7,10,arima_012,7,"(0, 1, 2)","(0, 0, 0, 0)",0.23360723180572746
7,10,arima_012,8,"(0, 1, 2)","(0, 0, 0, 0)",0.14590461191030243
7,10,arima_012,9,"(0, 1, 2)","(0, 0, 0, 0)",0.35085128940441773
7,10,arima_012,10,"(0, 1, 2)","(0, 0, 0, 0)",0.19358669677586365
7,10,arima_012,11,"(0, 1, 2)","(0, 0, 0, 0)",0.4001131677430554
7,10,arima_012,12,"(0, 1, 2)","(0, 0, 0, 0)",0.16973285067827182
7,10,arima_012,13,"(0, 1, 2)","(0, 0, 0, 0)",0.15334940447935164
7,10,arima_012,14,"(0, 1, 2)","(0, 0, 0, 0)",0.11632254774911413
7,10,arima_012,15,"(0, 1, 2)","(0, 0, 0, 0)",0.14760690351607253
7,10,arima_012,16,"(0, 1, 2)","(0, 0, 0, 0)",0.2028285293959546
7,10,arima_012,17,"(0, 1, 2)","(0, 0, 0, 0)",0.39153667919456925
7,10,arima_012,18,"(0, 1, 2)","(0, 0, 0, 0)",0.30301075646381603
7,10,arima_012,19,"(0, 1, 2)","(0, 0, 0, 0)",0.3321118528394311
7,10,arima_012,20,"(0, 1, 2)","(0, 0, 0, 0)",0.3395138255871564
7,10,arima_012,21,"(0, 1, 2)","(0, 0, 0, 0)",0.3475153236733146
7,10,arima_012,22,"(0, 1, 2)","(0, 0, 0, 0)",0.10257723224313808
7,10,arima_012,23,"(0, 1, 2)","(0, 0, 0, 0)",0.2697027356489176
7,10,arima_012,24,"(0, 1, 2)","(0, 0, 0, 0)",0.16521876748767592
7,10,arima_012,25,"(0, 1, 2)","(0, 0, 0, 0)",0.22521664974406935
7,10,arima_012,26,"(0, 1, 2)","(0, 0, 0, 0)",0.20652178580881894
7,10,arima_012,27,"(0, 1, 2)","(0, 0, 0, 0)",0.6415531886838445
7,10,arima_112,1,"(1, 1, 2)","(0, 0, 0, 0)",0.10234280436859731
7,10,arima_112,2,"(1, 1, 2)","(0, 0, 0, 0)",0.3457522137323969
7,10,arima_112,3,"(1, 1, 2)","(0, 0, 0, 0)",0.25085728552046566
7,10,arima_112,4,"(1, 1, 2)","(0, 0, 0, 0)",0.18918190306907878
7,10,arima_112,5,"(1, 1, 2)","(0, 0, 0, 0)",0.22407131228678626
7,10,arima_112,6,"(1, 1, 2)","(0, 0, 0, 0)",0.14506690534590203
7,10,arima_112,7,"(1, 1, 2)","(0, 0, 0, 0)",0.2334298975229716
7,10,arima_112,8,"(1, 1, 2)","(0, 0, 0, 0)",0.14592054278231206
7,10,arima_112,9,"(1, 1, 2)","(0, 0, 0, 0)",0.35115817029714513
7,10,arima_112,10,"(1, 1, 2)","(0, 0, 0, 0)",0.19051512598245712
7,10,arima_112,11,"(1, 1, 2)","(0, 0, 0, 0)",0.40055753973635433
7,10,arima_112,12,"(1, 1, 2)","(0, 0, 0, 0)",0.1696925974775704
7,10,arima_112,13,"(1, 1, 2)","(0, 0, 0, 0)",0.15306113978508606
7,10,arima_112,14,"(1, 1, 2)","(0, 0, 0, 0)",0.11628607533264075
7,10,arima_112,15,"(1, 1, 2)","(0, 0, 0, 0)",0.1476224212574415
7,10,arima_112,16,"(1, 1, 2)","(0, 0, 0, 0)",0.20324026369973175
7,10,arima_112,17,"(1, 1, 2)","(0, 0, 0, 0)",0.3910731865859462
7,10,arima_112,18,"(1, 1, 2)","(0, 0, 0, 0)",0.3015179107676682
7,10,arima_112,19,"(1, 1, 2)","(0, 0, 0, 0)",0.34137331250641473
7,10,arima_112,20,"(1, 1, 2)","(0, 0, 0, 0)",0.3408055065870068
7,10,arima_112,21,"(1, 1, 2)","(0, 0, 0, 0)",0.343118097810582
7,10,arima_112,22,"(1, 1, 2)","(0, 0, 0, 0)",0.10136645477240776
7,10,arima_112,23,"(1, 1, 2)","(0, 0, 0, 0)",0.2717055013029885
7,10,arima_112,24,"(1, 1, 2)","(0, 0, 0, 0)",0.16531847578622835
7,10,arima_112,25,"(1, 1, 2)","(0, 0, 0, 0)",0.2260772450034108
7,10,arima_112,26,"(1, 1, 2)","(0, 0, 0, 0)",0.2044087863459635
7,10,arima_112,27,"(1, 1, 2)","(0, 0, 0, 0)",0.6438699595662295
7,10,sarima_011_100_5,1,"(0, 1, 1)","(1, 0, 0, 5)",0.10444463174266554
7,10,sarima_011_100_5,2,"(0, 1, 1)","(1, 0, 0, 5)",0.3298357530353648
7,10,sarima_011_100_5,3,"(0, 1, 1)","(1, 0, 0, 5)",0.24681935926531176
7,10,sarima_011_100_5,4,"(0, 1, 1)","(1, 0, 0, 5)",0.1821610179837128
7,10,sarima_011_100_5,5,"(0, 1, 1)","(1, 0, 0, 5)",0.2348296925011015
7,10,sarima_011_100_5,6,"(0, 1, 1)","(1, 0, 0, 5)",0.146355905984339
7,10,sarima_011_100_5,7,"(0, 1, 1)","(1, 0, 0, 5)",0.2335615987867955
7,10,sarima_011_100_5,8,"(0, 1, 1)","(1, 0, 0, 5)",0.14871057280544805
7,10,sarima_011_100_5,9,"(0, 1, 1)","(1, 0, 0, 5)",0.3509442006352875
7,10,sarima_011_100_5,10,"(0, 1, 1)","(1, 0, 0, 5)",0.19184131509498914
7,10,sarima_011_100_5,11,"(0, 1, 1)","(1, 0, 0, 5)",0.4036130586339862
7,10,sarima_011_100_5,12,"(0, 1, 1)","(1, 0, 0, 5)",0.1686524765091633
7,10,sarima_011_100_5,13,"(0, 1, 1)","(1, 0, 0, 5)",0.15370107412969183
7,10,sarima_011_100_5,14,"(0, 1, 1)","(1, 0, 0, 5)",0.11418885832566408
7,10,sarima_011_100_5,15,"(0, 1, 1)","(1, 0, 0, 5)",0.1477685123970706
7,10,sarima_011_100_5,16,"(0, 1, 1)","(1, 0, 0, 5)",0.2048749994405641
7,10,sarima_011_100_5,17,"(0, 1, 1)","(1, 0, 0, 5)",0.3912925505799137
7,10,sarima_011_100_5,18,"(0, 1, 1)","(1, 0, 0, 5)",0.31371976577668864
7,10,sarima_011_100_5,19,"(0, 1, 1)","(1, 0, 0, 5)",0.3343556281043109
7,10,sarima_011_100_5,20,"(0, 1, 1)","(1, 0, 0, 5)",0.3389560974329528
7,10,sarima_011_100_5,21,"(0, 1, 1)","(1, 0, 0, 5)",0.341623606527637
7,10,sarima_011_100_5,22,"(0, 1, 1)","(1, 0, 0, 5)",0.10283306285010463
7,10,sarima_011_100_5,23,"(0, 1, 1)","(1, 0, 0, 5)",0.264726857726902
7,10,sarima_011_100_5,24,"(0, 1, 1)","(1, 0, 0, 5)",0.16956044844453053
7,10,sarima_011_100_5,25,"(0, 1, 1)","(1, 0, 0, 5)",0.2248612568352987
7,10,sarima_011_100_5,26,"(0, 1, 1)","(1, 0, 0, 5)",0.2053377857009322
7,10,sarima_011_100_5,27,"(0, 1, 1)","(1, 0, 0, 5)",0.6497521073410356
8,10,arima_011,1,"(0, 1, 1)","(0, 0, 0, 0)",0.3484998734652794
8,10,arima_011,2,"(0, 1, 1)","(0, 0, 0, 0)",0.3339211293649449
8,10,arima_011,3,"(0, 1, 1)","(0, 0, 0, 0)",0.19281335738672556
8,10,arima_011,4,"(0, 1, 1)","(0, 0, 0, 0)",0.2962004827127333
8,10,arima_011,5,"(0, 1, 1)","(0, 0, 0, 0)",0.1356468626700321
8,10,arima_011,6,"(0, 1, 1)","(0, 0, 0, 0)",0.113217161086068
8,10,arima_011,7,"(0, 1, 1)","(0, 0, 0, 0)",0.27321513971569084
8,10,arima_011,8,"(0, 1, 1)","(0, 0, 0, 0)",0.22187329733798947
8,10,arima_011,9,"(0, 1, 1)","(0, 0, 0, 0)",0.26308898669973096
8,10,arima_011,10,"(0, 1, 1)","(0, 0, 0, 0)",0.20416157467035123
8,10,arima_011,11,"(0, 1, 1)","(0, 0, 0, 0)",0.3784928429278375
8,10,arima_011,12,"(0, 1, 1)","(0, 0, 0, 0)",0.06273604784265314
8,10,arima_011,13,"(0, 1, 1)","(0, 0, 0, 0)",0.1011478512708624
8,10,arima_011,14,"(0, 1, 1)","(0, 0, 0, 0)",0.25756886319525324
8,10,arima_011,15,"(0, 1, 1)","(0, 0, 0, 0)",0.0952237299233961
8,10,arima_011,16,"(0, 1, 1)","(0, 0, 0, 0)",0.19012240859690874
8,10,arima_011,17,"(0, 1, 1)","(0, 0, 0, 0)",0.22300237301626105
8,10,arima_011,18,"(0, 1, 1)","(0, 0, 0, 0)",0.10758035495805547
8,10,arima_011,19,"(0, 1, 1)","(0, 0, 0, 0)",0.08369411318062978
8,10,arima_011,20,"(0, 1, 1)","(0, 0, 0, 0)",0.1346264924093467
8,10,arima_011,21,"(0, 1, 1)","(0, 0, 0, 0)",0.14068753133529108
8,10,arima_011,22,"(0, 1, 1)","(0, 0, 0, 0)",0.04172071108031339
8,10,arima_011,23,"(0, 1, 1)","(0, 0, 0, 0)",0.09781010583737478
8,10,arima_011,24,"(0, 1, 1)","(0, 0, 0, 0)",0.12548555446435614
8,10,arima_011,25,"(0, 1, 1)","(0, 0, 0, 0)",0.15796773759671764
8,10,arima_011,26,"(0, 1, 1)","(0, 0, 0, 0)",0.0703610526714984
8,10,arima_011,27,"(0, 1, 1)","(0, 0, 0, 0)",0.17921216071137008
8,10,arima_111,1,"(1, 1, 1)","(0, 0, 0, 0)",0.3232726333105887
8,10,arima_111,2,"(1, 1, 1)","(0, 0, 0, 0)",0.33438641375331657
8,10,arima_111,3,"(1, 1, 1)","(0, 0, 0, 0)",0.18817896623218588
8,10,arima_111,4,"(1, 1, 1)","(0, 0, 0, 0)",0.3113947031339851
8,10,arima_111,5,"(1, 1, 1)","(0, 0, 0, 0)",0.1513483817606133
8,10,arima_111,6,"(1, 1, 1)","(0, 0, 0, 0)",0.11303597064054
8,10,arima_111,7,"(1, 1, 1)","(0, 0, 0, 0)",0.2733254648085203
8,10,arima_111,8,"(1, 1, 1)","(0, 0, 0, 0)",0.22598794908189634
8,10,arima_111,9,"(1, 1, 1)","(0, 0, 0, 0)",0.2693976306893455
8,10,arima_111,10,"(1, 1, 1)","(0, 0, 0, 0)",0.2056486087696107
8,10,arima_111,11,"(1, 1, 1)","(0, 0, 0, 0)",0.3811269706486194
8,10,arima_111,12,"(1, 1, 1)","(0, 0, 0, 0)",0.063615535732018
8,10,arima_111,13,"(1, 1, 1)","(0, 0, 0, 0)",0.1011440722184803
8,10,arima_111,14,"(1, 1, 1)","(0, 0, 0, 0)",0.2514890648857823
8,10,arima_111,15,"(1, 1, 1)","(0, 0, 0, 0)",0.09474599171306385
8,10,arima_111,16,"(1, 1, 1)","(0, 0, 0, 0)",0.18943172215365736
8,10,arima_111,17,"(1, 1, 1)","(0, 0, 0, 0)",0.2111094437694129
8,10,arima_111,18,"(1, 1, 1)","(0, 0, 0, 0)",0.10843838875428147
8,10,arima_111,19,"(1, 1, 1)","(0, 0, 0, 0)",0.08365113314734306
8,10,arima_111,20,"(1, 1, 1)","(0, 0, 0, 0)",0.13691736123843865
8,10,arima_111,21,"(1, 1, 1)","(0, 0, 0, 0)",0.13711736656396303
8,10,arima_111,22,"(1, 1, 1)","(0, 0, 0, 0)",0.04620430557011859
8,10,arima_111,23,"(1, 1, 1)","(0, 0, 0, 0)",0.0979136485737433
8,10,arima_111,24,"(1, 1, 1)","(0, 0, 0, 0)",0.12669535219886327
8,10,arima_111,25,"(1, 1, 1)","(0, 0, 0, 0)",0.15567723174301695
8,10,arima_111,26,"(1, 1, 1)","(0, 0, 0, 0)",0.07180944785923689
8,10,arima_111,27,"(1, 1, 1)","(0, 0, 0, 0)",0.17783459278009975
8,10,arima_113,1,"(1, 1, 3)","(0, 0, 0, 0)",0.3236011301969372
8,10,arima_113,2,"(1, 1, 3)","(0, 0, 0, 0)",0.3351144189215908
8,10,arima_113,3,"(1, 1, 3)","(0, 0, 0, 0)",0.18891404955785795
8,10,arima_113,4,"(1, 1, 3)","(0, 0, 0, 0)",0.3168082516263634
8,10,arima_113,5,"(1, 1, 3)","(0, 0, 0, 0)",0.15639628564425143
8,10,arima_113,6,"(1, 1, 3)","(0, 0, 0, 0)",0.1157089616266832
8,10,arima_113,7,"(1, 1, 3)","(0, 0, 0, 0)",0.27545956388910414
8,10,arima_113,8,"(1, 1, 3)","(0, 0, 0, 0)",0.22703746122697777
8,10,arima_113,9,"(1, 1, 3)","(0, 0, 0, 0)",0.27248214438393503
8,10,arima_113,10,"(1, 1, 3)","(0, 0, 0, 0)",0.20525272225472857
8,10,arima_113,11,"(1, 1, 3)","(0, 0, 0, 0)",0.3812580675746965
8,10,arima_113,12,"(1, 1, 3)","(0, 0, 0, 0)",0.05841903705152505
8,10,arima_113,13,"(1, 1, 3)","(0, 0, 0, 0)",0.10426943617716494
8,10,arima_113,14,"(1, 1, 3)","(0, 0, 0, 0)",0.2512439597644817
8,10,arima_113,15,"(1, 1, 3)","(0, 0, 0, 0)",0.0953835828856489
8,10,arima_113,16,"(1, 1, 3)","(0, 0, 0, 0)",0.1876981448020008
8,10,arima_113,17,"(1, 1, 3)","(0, 0, 0, 0)",0.208010667036029
8,10,arima_113,18,"(1, 1, 3)","(0, 0, 0, 0)",0.11111107997006416
8,10,arima_113,19,"(1, 1, 3)","(0, 0, 0, 0)",0.082780471145048
8,10,arima_113,20,"(1, 1, 3)","(0, 0, 0, 0)",0.13905477568885102
8,10,arima_113,21,"(1, 1, 3)","(0, 0, 0, 0)",0.13616398951613295
8,10,arima_113,22,"(1, 1, 3)","(0, 0, 0, 0)",0.04685933112941769
8,10,arima_113,23,"(1, 1, 3)","(0, 0, 0, 0)",0.09836462666137946
8,10,arima_113,24,"(1, 1, 3)","(0, 0, 0, 0)",0.1271583517413264
8,10,arima_113,25,"(1, 1, 3)","(0, 0, 0, 0)",0.15933059553949847
8,10,arima_113,26,"(1, 1, 3)","(0, 0, 0, 0)",0.07377626076863919
8,10,arima_113,27,"(1, 1, 3)","(0, 0, 0, 0)",0.17175163438086707
8,10,sarima_011_001_5,1,"(0, 1, 1)","(0, 0, 1, 5)",0.34119540322247655
8,10,sarima_011_001_5,2,"(0, 1, 1)","(0, 0, 1, 5)",0.3345001377308881
8,10,sarima_011_001_5,3,"(0, 1, 1)","(0, 0, 1, 5)",0.19220610952349482
8,10,sarima_011_001_5,4,"(0, 1, 1)","(0, 0, 1, 5)",0.30720864832350936
8,10,sarima_011_001_5,5,"(0, 1, 1)","(0, 0, 1, 5)",0.13913075599382774
8,10,sarima_011_001_5,6,"(0, 1, 1)","(0, 0, 1, 5)",0.11331242777053202
8,10,sarima_011_001_5,7,"(0, 1, 1)","(0, 0, 1, 5)",0.27418209597372645
8,10,sarima_011_001_5,8,"(0, 1, 1)","(0, 0, 1, 5)",0.22534397726898875
8,10,sarima_011_001_5,9,"(0, 1, 1)","(0, 0, 1, 5)",0.27306984246852317
8,10,sarima_011_001_5,10,"(0, 1, 1)","(0, 0, 1, 5)",0.2042429122960101
8,10,sarima_011_001_5,11,"(0, 1, 1)","(0, 0, 1, 5)",0.37805873120842626
8,10,sarima_011_001_5,12,"(0, 1, 1)","(0, 0, 1, 5)",0.06183841258316866
8,10,sarima_011_001_5,13,"(0, 1, 1)","(0, 0, 1, 5)",0.10172152787239097
8,10,sarima_011_001_5,14,"(0, 1, 1)","(0, 0, 1, 5)",0.254203698241255
8,10,sarima_011_001_5,15,"(0, 1, 1)","(0, 0, 1, 5)",0.09674445471819196
8,10,sarima_011_001_5,16,"(0, 1, 1)","(0, 0, 1, 5)",0.1891160407886006
8,10,sarima_011_001_5,17,"(0, 1, 1)","(0, 0, 1, 5)",0.21682312465444997
8,10,sarima_011_001_5,18,"(0, 1, 1)","(0, 0, 1, 5)",0.10678383318433704
8,10,sarima_011_001_5,19,"(0, 1, 1)","(0, 0, 1, 5)",0.08337881759031918
8,10,sarima_011_001_5,20,"(0, 1, 1)","(0, 0, 1, 5)",0.1356099554168673
8,10,sarima_011_001_5,21,"(0, 1, 1)","(0, 0, 1, 5)",0.13899237032867445
8,10,sarima_011_001_5,22,"(0, 1, 1)","(0, 0, 1, 5)",0.04270976648379406
8,10,sarima_011_001_5,23,"(0, 1, 1)","(0, 0, 1, 5)",0.09855122451372489
8,10,sarima_011_001_5,24,"(0, 1, 1)","(0, 0, 1, 5)",0.12709745155722868
8,10,sarima_011_001_5,25,"(0, 1, 1)","(0, 0, 1, 5)",0.15732348649280867
8,10,sarima_011_001_5,26,"(0, 1, 1)","(0, 0, 1, 5)",0.07071947592507845
8,10,sarima_011_001_5,27,"(0, 1, 1)","(0, 0, 1, 5)",0.17616399463601562
9,10,arima_011,1,"(0, 1, 1)","(0, 0, 0, 0)",0.14696772899399801
9,10,arima_011,2,"(0, 1, 1)","(0, 0, 0, 0)",0.09354329480379506
9,10,arima_011,3,"(0, 1, 1)","(0, 0, 0, 0)",0.10858741501442942
9,10,arima_011,4,"(0, 1, 1)","(0, 0, 0, 0)",0.4897174671703762
9,10,arima_011,5,"(0, 1, 1)","(0, 0, 0, 0)",0.2809577073123038
9,10,arima_011,6,"(0, 1, 1)","(0, 0, 0, 0)",0.08001661253116041
9,10,arima_011,7,"(0, 1, 1)","(0, 0, 0, 0)",0.2661690299119853
9,10,arima_011,8,"(0, 1, 1)","(0, 0, 0, 0)",0.3237993482591903
9,10,arima_011,9,"(0, 1, 1)","(0, 0, 0, 0)",0.19100780228485084
9,10,arima_011,10,"(0, 1, 1)","(0, 0, 0, 0)",0.3643685427322015
9,10,arima_011,11,"(0, 1, 1)","(0, 0, 0, 0)",0.3315651477491217
9,10,arima_011,12,"(0, 1, 1)","(0, 0, 0, 0)",0.10798542334217143
9,10,arima_011,13,"(0, 1, 1)","(0, 0, 0, 0)",0.09604327637585547
9,10,arima_011,14,"(0, 1, 1)","(0, 0, 0, 0)",0.38224365509900404
9,10,arima_011,15,"(0, 1, 1)","(0, 0, 0, 0)",0.06285135573399699
9,10,arima_011,16,"(0, 1, 1)","(0, 0, 0, 0)",0.14302851335447408
9,10,arima_011,17,"(0, 1, 1)","(0, 0, 0, 0)",0.1775203742994977
9,10,arima_011,18,"(0, 1, 1)","(0, 0, 0, 0)",0.13451283445894757
9,10,arima_011,19,"(0, 1, 1)","(0, 0, 0, 0)",0.1369037320088985
9,10,arima_011,20,"(0, 1, 1)","(0, 0, 0, 0)",0.11356376989625626
9,10,arima_011,21,"(0, 1, 1)","(0, 0, 0, 0)",0.13050729130910219
9,10,arima_011,22,"(0, 1, 1)","(0, 0, 0, 0)",0.07699776128369105
9,10,arima_011,23,"(0, 1, 1)","(0, 0, 0, 0)",0.11033943963265452
9,10,arima_011,24,"(0, 1, 1)","(0, 0, 0, 0)",0.055861450493452425
9,10,arima_011,25,"(0, 1, 1)","(0, 0, 0, 0)",0.10928386808795305
9,10,arima_011,26,"(0, 1, 1)","(0, 0, 0, 0)",0.09319648365025536
9,10,arima_011,27,"(0, 1, 1)","(0, 0, 0, 0)",0.264782835902629
9,10,arima_013,1,"(0, 1, 3)","(0, 0, 0, 0)",0.15565539201695172
9,10,arima_013,2,"(0, 1, 3)","(0, 0, 0, 0)",0.09334470444075793
9,10,arima_013,3,"(0, 1, 3)","(0, 0, 0, 0)",0.111256984971774
9,10,arima_013,4,"(0, 1, 3)","(0, 0, 0, 0)",0.49070191066762936
9,10,arima_013,5,"(0, 1, 3)","(0, 0, 0, 0)",0.2800790304487532
9,10,arima_013,6,"(0, 1, 3)","(0, 0, 0, 0)",0.0881739185725538
9,10,arima_013,7,"(0, 1, 3)","(0, 0, 0, 0)",0.26452081182684983
9,10,arima_013,8,"(0, 1, 3)","(0, 0, 0, 0)",0.31595712209665633
9,10,arima_013,9,"(0, 1, 3)","(0, 0, 0, 0)",0.17838741411665382
9,10,arima_013,10,"(0, 1, 3)","(0, 0, 0, 0)",0.36924738552784114
9,10,arima_013,11,"(0, 1, 3)","(0, 0, 0, 0)",0.32473818448179637
9,10,arima_013,12,"(0, 1, 3)","(0, 0, 0, 0)",0.1055825558437831
9,10,arima_013,13,"(0, 1, 3)","(0, 0, 0, 0)",0.09802483689112086
9,10,arima_013,14,"(0, 1, 3)","(0, 0, 0, 0)",0.38410198042885835
9,10,arima_013,15,"(0, 1, 3)","(0, 0, 0, 0)",0.06424685787826653
9,10,arima_013,16,"(0, 1, 3)","(0, 0, 0, 0)",0.1428755428110912
9,10,arima_013,17,"(0, 1, 3)","(0, 0, 0, 0)",0.17341917272955745
9,10,arima_013,18,"(0, 1, 3)","(0, 0, 0, 0)",0.1321675160155128
9,10,arima_013,19,"(0, 1, 3)","(0, 0, 0, 0)",0.14160414783362757
9,10,arima_013,20,"(0, 1, 3)","(0, 0, 0, 0)",0.10248934994471917
9,10,arima_013,21,"(0, 1, 3)","(0, 0, 0, 0)",0.1276453387979598
9,10,arima_013,22,"(0, 1, 3)","(0, 0, 0, 0)",0.07428906855759339
9,10,arima_013,23,"(0, 1, 3)","(0, 0, 0, 0)",0.11034101765019882
9,10,arima_013,24,"(0, 1, 3)","(0, 0, 0, 0)",0.05646270232521248
9,10,arima_013,25,"(0, 1, 3)","(0, 0, 0, 0)",0.1102559191683926
9,10,arima_013,26,"(0, 1, 3)","(0, 0, 0, 0)",0.09600644236804073
9,10,arima_013,27,"(0, 1, 3)","(0, 0, 0, 0)",0.2701882627921277
9,10,arima_211,1,"(2, 1, 1)","(0, 0, 0, 0)",0.15578820890410638
9,10,arima_211,2,"(2, 1, 1)","(0, 0, 0, 0)",0.09294171911366898
9,10,arima_211,3,"(2, 1, 1)","(0, 0, 0, 0)",0.11119853516996255
9,10,arima_211,4,"(2, 1, 1)","(0, 0, 0, 0)",0.4904455938143149
9,10,arima_211,5,"(2, 1, 1)","(0, 0, 0, 0)",0.28047466138379423
9,10,arima_211,6,"(2, 1, 1)","(0, 0, 0, 0)",0.08636890240835822
9,10,arima_211,7,"(2, 1, 1)","(0, 0, 0, 0)",0.264531325409458
9,10,arima_211,8,"(2, 1, 1)","(0, 0, 0, 0)",0.31627633845285863
9,10,arima_211,9,"(2, 1, 1)","(0, 0, 0, 0)",0.17976077681836558
9,10,arima_211,10,"(2, 1, 1)","(0, 0, 0, 0)",0.3702139996150078
9,10,arima_211,11,"(2, 1, 1)","(0, 0, 0, 0)",0.3242524208867339
9,10,arima_211,12,"(2, 1, 1)","(0, 0, 0, 0)",0.10465315186314544
9,10,arima_211,13,"(2, 1, 1)","(0, 0, 0, 0)",0.09804456252592626
9,10,arima_211,14,"(2, 1, 1)","(0, 0, 0, 0)",0.38435642405345205
9,10,arima_211,15,"(2, 1, 1)","(0, 0, 0, 0)",0.06474696661716009
9,10,arima_211,16,"(2, 1, 1)","(0, 0, 0, 0)",0.14266190076511712
9,10,arima_211,17,"(2, 1, 1)","(0, 0, 0, 0)",0.17365315508832382
9,10,arima_211,18,"(2, 1, 1)","(0, 0, 0, 0)",0.13173854160623333
9,10,arima_211,19,"(2, 1, 1)","(0, 0, 0, 0)",0.14290184687283383
9,10,arima_211,20,"(2, 1, 1)","(0, 0, 0, 0)",0.1006613592730774
9,10,arima_211,21,"(2, 1, 1)","(0, 0, 0, 0)",0.12720460629961583
9,10,arima_211,22,"(2, 1, 1)","(0, 0, 0, 0)",0.07396044319817732
9,10,arima_211,23,"(2, 1, 1)","(0, 0, 0, 0)",0.11088800561385914
9,10,arima_211,24,"(2, 1, 1)","(0, 0, 0, 0)",0.0568232727374695
9,10,arima_211,25,"(2, 1, 1)","(0, 0, 0, 0)",0.10979180721668964
9,10,arima_211,26,"(2, 1, 1)","(0, 0, 0, 0)",0.09678547715199837
9,10,arima_211,27,"(2, 1, 1)","(0, 0, 0, 0)",0.2648878097473824
9,10,arima_311,1,"(3, 1, 1)","(0, 0, 0, 0)",0.1517174222511813
9,10,arima_311,2,"(3, 1, 1)","(0, 0, 0, 0)",0.09305926445090794
9,10,arima_311,3,"(3, 1, 1)","(0, 0, 0, 0)",0.11160678006032317
9,10,arima_311,4,"(3, 1, 1)","(0, 0, 0, 0)",0.49132745793633104
9,10,arima_311,5,"(3, 1, 1)","(0, 0, 0, 0)",0.2782368627635278
9,10,arima_311,6,"(3, 1, 1)","(0, 0, 0, 0)",0.09475104785616564
9,10,arima_311,7,"(3, 1, 1)","(0, 0, 0, 0)",0.2636181112578027
9,10,arima_311,8,"(3, 1, 1)","(0, 0, 0, 0)",0.3078569157968402
9,10,arima_311,9,"(3, 1, 1)","(0, 0, 0, 0)",0.18504821400957316
9,10,arima_311,10,"(3, 1, 1)","(0, 0, 0, 0)",0.3719648122689125
9,10,arima_311,11,"(3, 1, 1)","(0, 0, 0, 0)",0.31740438137825705
9,10,arima_311,12,"(3, 1, 1)","(0, 0, 0, 0)",0.10005879093025978
9,10,arima_311,13,"(3, 1, 1)","(0, 0, 0, 0)",0.09707632527035337
9,10,arima_311,14,"(3, 1, 1)","(0, 0, 0, 0)",0.38796283138009247
9,10,arima_311,15,"(3, 1, 1)","(0, 0, 0, 0)",0.07168362399250221
9,10,arima_311,16,"(3, 1, 1)","(0, 0, 0, 0)",0.14183764461220666
9,10,arima_311,17,"(3, 1, 1)","(0, 0, 0, 0)",0.1760686659015633
9,10,arima_311,18,"(3, 1, 1)","(0, 0, 0, 0)",0.12925103433863683
9,10,arima_311,19,"(3, 1, 1)","(0, 0, 0, 0)",0.14481070432926163
9,10,arima_311,20,"(3, 1, 1)","(0, 0, 0, 0)",0.09321689424512718
9,10,arima_311,21,"(3, 1, 1)","(0, 0, 0, 0)",0.12803962580578104
9,10,arima_311,22,"(3, 1, 1)","(0, 0, 0, 0)",0.07202519465569202
9,10,arima_311,23,"(3, 1, 1)","(0, 0, 0, 0)",0.11037800455933866
9,10,arima_311,24,"(3, 1, 1)","(0, 0, 0, 0)",0.057969478678077294
9,10,arima_311,25,"(3, 1, 1)","(0, 0, 0, 0)",0.10875730294406759
9,10,arima_311,26,"(3, 1, 1)","(0, 0, 0, 0)",0.09874619308947707
9,10,arima_311,27,"(3, 1, 1)","(0, 0, 0, 0)",0.27435309898972965
10,10,arima_012,1,"(0, 1, 2)","(0, 0, 0, 0)",0.1301378454403515
10,10,arima_012,2,"(0, 1, 2)","(0, 0, 0, 0)",0.10059895989414057
10,10,arima_012,3,"(0, 1, 2)","(0, 0, 0, 0)",0.13006902635582268
10,10,arima_012,4,"(0, 1, 2)","(0, 0, 0, 0)",0.15209880310187707
10,10,arima_012,5,"(0, 1, 2)","(0, 0, 0, 0)",0.11676282998281343
10,10,arima_012,6,"(0, 1, 2)","(0, 0, 0, 0)",0.08849661808785989
10,10,arima_012,7,"(0, 1, 2)","(0, 0, 0, 0)",0.09310401158202591
10,10,arima_012,8,"(0, 1, 2)","(0, 0, 0, 0)",0.14788646938940417
10,10,arima_012,9,"(0, 1, 2)","(0, 0, 0, 0)",0.16281840385620305
10,10,arima_012,10,"(0, 1, 2)","(0, 0, 0, 0)",0.14309436652786936
10,10,arima_012,11,"(0, 1, 2)","(0, 0, 0, 0)",0.20963796513275323
10,10,arima_012,12,"(0, 1, 2)","(0, 0, 0, 0)",0.1445683316845709
10,10,arima_012,13,"(0, 1, 2)","(0, 0, 0, 0)",0.05594700763020222
10,10,arima_012,14,"(0, 1, 2)","(0, 0, 0, 0)",0.08569720861549507
10,10,arima_012,15,"(0, 1, 2)","(0, 0, 0, 0)",0.07265921458016737
10,10,arima_012,16,"(0, 1, 2)","(0, 0, 0, 0)",0.08307073241393391
10,10,arima_012,17,"(0, 1, 2)","(0, 0, 0, 0)",0.14497756756351685
10,10,arima_012,18,"(0, 1, 2)","(0, 0, 0, 0)",0.06893011682869053
10,10,arima_012,19,"(0, 1, 2)","(0, 0, 0, 0)",0.06378296830849338
10,10,arima_012,20,"(0, 1, 2)","(0, 0, 0, 0)",0.06841444630108233
10,10,arima_012,21,"(0, 1, 2)","(0, 0, 0, 0)",0.15550982475969785
10,10,arima_012,22,"(0, 1, 2)","(0, 0, 0, 0)",0.056127968610657476
10,10,arima_012,23,"(0, 1, 2)","(0, 0, 0, 0)",0.05849545715969652
10,10,arima_012,24,"(0, 1, 2)","(0, 0, 0, 0)",0.11320077947146226
10,10,arima_012,25,"(0, 1, 2)","(0, 0, 0, 0)",0.07784811407139995
10,10,arima_012,26,"(0, 1, 2)","(0, 0, 0, 0)",0.07809613681278084
10,10,arima_012,27,"(0, 1, 2)","(0, 0, 0, 0)",0.16876335600193795
10,10,sarima_012_002_5,1,"(0, 1, 2)","(0, 0, 2, 5)",0.12513230659708974
10,10,sarima_012_002_5,2,"(0, 1, 2)","(0, 0, 2, 5)",0.09800190162192823
10,10,sarima_012_002_5,3,"(0, 1, 2)","(0, 0, 2, 5)",0.1269075002719817
10,10,sarima_012_002_5,4,"(0, 1, 2)","(0, 0, 2, 5)",0.15664764164936218
10,10,sarima_012_002_5,5,"(0, 1, 2)","(0, 0, 2, 5)",0.11833850840627572
10,10,sarima_012_002_5,6,"(0, 1, 2)","(0, 0, 2, 5)",0.08512507767213374
10,10,sarima_012_002_5,7,"(0, 1, 2)","(0, 0, 2, 5)",0.09345011895677799
10,10,sarima_012_002_5,8,"(0, 1, 2)","(0, 0, 2, 5)",0.14401828187420487
10,10,sarima_012_002_5,9,"(0, 1, 2)","(0, 0, 2, 5)",0.15529075478632742
10,10,sarima_012_002_5,10,"(0, 1, 2)","(0, 0, 2, 5)",0.1490258544296493
10,10,sarima_012_002_5,11,"(0, 1, 2)","(0, 0, 2, 5)",0.20459534507681637
10,10,sarima_012_002_5,12,"(0, 1, 2)","(0, 0, 2, 5)",0.15908909395688883
10,10,sarima_012_002_5,13,"(0, 1, 2)","(0, 0, 2, 5)",0.059890871751155574
10,10,sarima_012_002_5,14,"(0, 1, 2)","(0, 0, 2, 5)",0.08760795578651717
10,10,sarima_012_002_5,15,"(0, 1, 2)","(0, 0, 2, 5)",0.0700549077595204
10,10,sarima_012_002_5,16,"(0, 1, 2)","(0, 0, 2, 5)",0.08401236225546231
10,10,sarima_012_002_5,17,"(0, 1, 2)","(0, 0, 2, 5)",0.14280971249218602
10,10,sarima_012_002_5,18,"(0, 1, 2)","(0, 0, 2, 5)",0.06361140285118304
10,10,sarima_012_002_5,19,"(0, 1, 2)","(0, 0, 2, 5)",0.06473671827029913
10,10,sarima_012_002_5,20,"(0, 1, 2)","(0, 0, 2, 5)",0.06853139898125586
10,10,sarima_012_002_5,21,"(0, 1, 2)","(0, 0, 2, 5)",0.15379473062948423
10,10,sarima_012_002_5,22,"(0, 1, 2)","(0, 0, 2, 5)",0.06470253805763991
10,10,sarima_012_002_5,23,"(0, 1, 2)","(0, 0, 2, 5)",0.060121805839831115
10,10,sarima_012_002_5,24,"(0, 1, 2)","(0, 0, 2, 5)",0.11152696999055206
10,10,sarima_012_002_5,25,"(0, 1, 2)","(0, 0, 2, 5)",0.07693023058400744
10,10,sarima_012_002_5,26,"(0, 1, 2)","(0, 0, 2, 5)",0.07963838373886035
10,10,sarima_012_002_5,27,"(0, 1, 2)","(0, 0, 2, 5)",0.1709488298042022
11,10,arima_111,1,"(1, 1, 1)","(0, 0, 0, 0)",0.11375034755789218
11,10,arima_111,2,"(1, 1, 1)","(0, 0, 0, 0)",1.6172866172721478
11,10,arima_111,3,"(1, 1, 1)","(0, 0, 0, 0)",1.2225151625525044
11,10,arima_111,4,"(1, 1, 1)","(0, 0, 0, 0)",0.2553416410948921
11,10,arima_111,5,"(1, 1, 1)","(0, 0, 0, 0)",0.09466295091365369
11,10,arima_111,6,"(1, 1, 1)","(0, 0, 0, 0)",0.14745753182734953
11,10,arima_111,7,"(1, 1, 1)","(0, 0, 0, 0)",0.17062226141935796
11,10,arima_111,8,"(1, 1, 1)","(0, 0, 0, 0)",0.164886186913142
11,10,arima_111,9,"(1, 1, 1)","(0, 0, 0, 0)",0.3003010507957049
11,10,arima_111,10,"(1, 1, 1)","(0, 0, 0, 0)",0.28571374908909253
11,10,arima_111,11,"(1, 1, 1)","(0, 0, 0, 0)",0.1473094054399798
11,10,arima_111,12,"(1, 1, 1)","(0, 0, 0, 0)",0.07422980437183874
11,10,arima_111,13,"(1, 1, 1)","(0, 0, 0, 0)",0.07437242785174153
11,10,arima_111,14,"(1, 1, 1)","(0, 0, 0, 0)",0.3084174107159105
11,10,arima_111,15,"(1, 1, 1)","(0, 0, 0, 0)",0.16286669650853924
11,10,arima_111,16,"(1, 1, 1)","(0, 0, 0, 0)",0.11327512569332616
11,10,arima_111,17,"(1, 1, 1)","(0, 0, 0, 0)",0.24564076893234607
11,10,arima_111,18,"(1, 1, 1)","(0, 0, 0, 0)",0.11392542937783652
11,10,arima_111,19,"(1, 1, 1)","(0, 0, 0, 0)",0.14942337727434227
11,10,arima_111,20,"(1, 1, 1)","(0, 0, 0, 0)",0.10797805747231853
11,10,arima_111,21,"(1, 1, 1)","(0, 0, 0, 0)",0.09419325984575472
11,10,arima_111,22,"(1, 1, 1)","(0, 0, 0, 0)",0.2013364383952856
11,10,arima_111,23,"(1, 1, 1)","(0, 0, 0, 0)",0.11677557304634645
11,10,arima_111,24,"(1, 1, 1)","(0, 0, 0, 0)",0.5372012661089635
11,10,arima_111,25,"(1, 1, 1)","(0, 0, 0, 0)",1.5217423359816538
11,10,arima_111,26,"(1, 1, 1)","(0, 0, 0, 0)",1.0624835976487512
11,10,arima_111,27,"(1, 1, 1)","(0, 0, 0, 0)",1.7744741236738946
11,10,sarima_111_001_5,1,"(1, 1, 1)","(0, 0, 1, 5)",0.10741973677528353
11,10,sarima_111_001_5,2,"(1, 1, 1)","(0, 0, 1, 5)",1.6128162511604502
11,10,sarima_111_001_5,3,"(1, 1, 1)","(0, 0, 1, 5)",1.1886941833380762
11,10,sarima_111_001_5,4,"(1, 1, 1)","(0, 0, 1, 5)",0.256903659675982
11,10,sarima_111_001_5,5,"(1, 1, 1)","(0, 0, 1, 5)",0.09702999416234288
11,10,sarima_111_001_5,6,"(1, 1, 1)","(0, 0, 1, 5)",0.14669995198470445
11,10,sarima_111_001_5,7,"(1, 1, 1)","(0, 0, 1, 5)",0.16941260613710138
11,10,sarima_111_001_5,8,"(1, 1, 1)","(0, 0, 1, 5)",0.16373877481057109
11,10,sarima_111_001_5,9,"(1, 1, 1)","(0, 0, 1, 5)",0.293926452093916
11,10,sarima_111_001_5,10,"(1, 1, 1)","(0, 0, 1, 5)",0.2850341880581021
11,10,sarima_111_001_5,11,"(1, 1, 1)","(0, 0, 1, 5)",0.1501698992676877
11,10,sarima_111_001_5,12,"(1, 1, 1)","(0, 0, 1, 5)",0.0739113088992243
11,10,sarima_111_001_5,13,"(1, 1, 1)","(0, 0, 1, 5)",0.07451391204108297
11,10,sarima_111_001_5,14,"(1, 1, 1)","(0, 0, 1, 5)",0.3077155008980316
11,10,sarima_111_001_5,15,"(1, 1, 1)","(0, 0, 1, 5)",0.1644003502603141
11,10,sarima_111_001_5,16,"(1, 1, 1)","(0, 0, 1, 5)",0.11686784919673002
11,10,sarima_111_001_5,17,"(1, 1, 1)","(0, 0, 1, 5)",0.2452502223602957
11,10,sarima_111_001_5,18,"(1, 1, 1)","(0, 0, 1, 5)",0.12533603158841244
11,10,sarima_111_001_5,19,"(1, 1, 1)","(0, 0, 1, 5)",0.1509750548826895
11,10,sarima_111_001_5,20,"(1, 1, 1)","(0, 0, 1, 5)",0.10605007690945356
11,10,sarima_111_001_5,21,"(1, 1, 1)","(0, 0, 1, 5)",0.09563394153451513
11,10,sarima_111_001_5,22,"(1, 1, 1)","(0, 0, 1, 5)",0.19886049800689498
11,10,sarima_111_001_5,23,"(1, 1, 1)","(0, 0, 1, 5)",0.11858615268408493
11,10,sarima_111_001_5,24,"(1, 1, 1)","(0, 0, 1, 5)",0.5347405187783747
11,10,sarima_111_001_5,25,"(1, 1, 1)","(0, 0, 1, 5)",1.520580561041494
11,10,sarima_111_001_5,26,"(1, 1, 1)","(0, 0, 1, 5)",1.060293688366792
11,10,sarima_111_001_5,27,"(1, 1, 1)","(0, 0, 1, 5)",1.783157042624587
11,10,sarima_112_001_5,1,"(1, 1, 2)","(0, 0, 1, 5)",0.10906724199961508
11,10,sarima_112_001_5,2,"(1, 1, 2)","(0, 0, 1, 5)",1.6128060960394106
11,10,sarima_112_001_5,3,"(1, 1, 2)","(0, 0, 1, 5)",1.1090824800647046
11,10,sarima_112_001_5,4,"(1, 1, 2)","(0, 0, 1, 5)",0.2072728442441192
11,10,sarima_112_001_5,5,"(1, 1, 2)","(0, 0, 1, 5)",0.10068311565309572
11,10,sarima_112_001_5,6,"(1, 1, 2)","(0, 0, 1, 5)",0.14264966789046293
11,10,sarima_112_001_5,7,"(1, 1, 2)","(0, 0, 1, 5)",0.17052498877800323
11,10,sarima_112_001_5,8,"(1, 1, 2)","(0, 0, 1, 5)",0.16232082436870612
11,10,sarima_112_001_5,9,"(1, 1, 2)","(0, 0, 1, 5)",0.1481867133282953
11,10,sarima_112_001_5,10,"(1, 1, 2)","(0, 0, 1, 5)",0.2640589126473543
11,10,sarima_112_001_5,11,"(1, 1, 2)","(0, 0, 1, 5)",0.193207602445423
11,10,sarima_112_001_5,12,"(1, 1, 2)","(0, 0, 1, 5)",0.13911803738979198
11,10,sarima_112_001_5,13,"(1, 1, 2)","(0, 0, 1, 5)",0.08916301628554743
11,10,sarima_112_001_5,14,"(1, 1, 2)","(0, 0, 1, 5)",0.25190696400209345
11,10,sarima_112_001_5,15,"(1, 1, 2)","(0, 0, 1, 5)",0.11563263031906684
11,10,sarima_112_001_5,16,"(1, 1, 2)","(0, 0, 1, 5)",0.13092418112044832
11,10,sarima_112_001_5,17,"(1, 1, 2)","(0, 0, 1, 5)",0.247202906973363
11,10,sarima_112_001_5,18,"(1, 1, 2)","(0, 0, 1, 5)",0.10404121107076197
11,10,sarima_112_001_5,19,"(1, 1, 2)","(0, 0, 1, 5)",0.15193342591125814
11,10,sarima_112_001_5,20,"(1, 1, 2)","(0, 0, 1, 5)",0.07605543957980844
11,10,sarima_112_001_5,21,"(1, 1, 2)","(0, 0, 1, 5)",0.117710250174098
11,10,sarima_112_001_5,22,"(1, 1, 2)","(0, 0, 1, 5)",0.19673896454645845
11,10,sarima_112_001_5,23,"(1, 1, 2)","(0, 0, 1, 5)",0.17074177880759786
11,10,sarima_112_001_5,24,"(1, 1, 2)","(0, 0, 1, 5)",0.5381718567710092
11,10,sarima_112_001_5,25,"(1, 1, 2)","(0, 0, 1, 5)",1.6095349674708204
11,10,sarima_112_001_5,26,"(1, 1, 2)","(0, 0, 1, 5)",1.0203960483174337
11,10,sarima_112_001_5,27,"(1, 1, 2)","(0, 0, 1, 5)",1.8266513019167174
11,10,sarima_112_100_5,1,"(1, 1, 2)","(1, 0, 0, 5)",0.11132115249976007
11,10,sarima_112_100_5,2,"(1, 1, 2)","(1, 0, 0, 5)",1.6105418637527653
11,10,sarima_112_100_5,3,"(1, 1, 2)","(1, 0, 0, 5)",1.265162427549917
11,10,sarima_112_100_5,4,"(1, 1, 2)","(1, 0, 0, 5)",0.20972305169929797
11,10,sarima_112_100_5,5,"(1, 1, 2)","(1, 0, 0, 5)",0.12882674421301496
11,10,sarima_112_100_5,6,"(1, 1, 2)","(1, 0, 0, 5)",0.142713887049405
11,10,sarima_112_100_5,7,"(1, 1, 2)","(1, 0, 0, 5)",0.17230761788961235
11,10,sarima_112_100_5,8,"(1, 1, 2)","(1, 0, 0, 5)",0.18503462885605687
11,10,sarima_112_100_5,9,"(1, 1, 2)","(1, 0, 0, 5)",0.14979902860776229
11,10,sarima_112_100_5,10,"(1, 1, 2)","(1, 0, 0, 5)",0.26343086515614633
11,10,sarima_112_100_5,11,"(1, 1, 2)","(1, 0, 0, 5)",0.19271452627630803
11,10,sarima_112_100_5,12,"(1, 1, 2)","(1, 0, 0, 5)",0.13881893725410346
11,10,sarima_112_100_5,13,"(1, 1, 2)","(1, 0, 0, 5)",0.07472469102537276
11,10,sarima_112_100_5,14,"(1, 1, 2)","(1, 0, 0, 5)",0.25235615527170374
11,10,sarima_112_100_5,15,"(1, 1, 2)","(1, 0, 0, 5)",0.1656857217045848
11,10,sarima_112_100_5,16,"(1, 1, 2)","(1, 0, 0, 5)",0.11964964470103134
11,10,sarima_112_100_5,17,"(1, 1, 2)","(1, 0, 0, 5)",0.24751551246326728
11,10,sarima_112_100_5,18,"(1, 1, 2)","(1, 0, 0, 5)",0.10239780985444494
11,10,sarima_112_100_5,19,"(1, 1, 2)","(1, 0, 0, 5)",0.13943104214767563
11,10,sarima_112_100_5,20,"(1, 1, 2)","(1, 0, 0, 5)",0.104485236087397
11,10,sarima_112_100_5,21,"(1, 1, 2)","(1, 0, 0, 5)",0.11769544987053399
11,10,sarima_112_100_5,22,"(1, 1, 2)","(1, 0, 0, 5)",0.16392141557942685
11,10,sarima_112_100_5,23,"(1, 1, 2)","(1, 0, 0, 5)",0.1707268548186619
11,10,sarima_112_100_5,24,"(1, 1, 2)","(1, 0, 0, 5)",0.5380620013856169
11,10,sarima_112_100_5,25,"(1, 1, 2)","(1, 0, 0, 5)",1.6117656174521977
11,10,sarima_112_100_5,26,"(1, 1, 2)","(1, 0, 0, 5)",1.5909209961096842
11,10,sarima_112_100_5,27,"(1, 1, 2)","(1, 0, 0, 5)",1.6381167007640607
12,10,arima_201,1,"(2, 0, 1)","(0, 0, 0, 0)",0.8499983402169599
12,10,arima_201,2,"(2, 0, 1)","(0, 0, 0, 0)",1.2395608486161416
12,10,arima_201,3,"(2, 0, 1)","(0, 0, 0, 0)",0.8468236852046079
12,10,arima_201,4,"(2, 0, 1)","(0, 0, 0, 0)",1.9078836960810008
12,10,arima_201,5,"(2, 0, 1)","(0, 0, 0, 0)",1.7063135013941868
12,10,arima_201,6,"(2, 0, 1)","(0, 0, 0, 0)",1.8256498746079126
12,10,arima_201,7,"(2, 0, 1)","(0, 0, 0, 0)",1.8147339222414223
12,10,arima_201,8,"(2, 0, 1)","(0, 0, 0, 0)",0.8233244950903954
12,10,arima_201,9,"(2, 0, 1)","(0, 0, 0, 0)",0.9379919172086182
12,10,arima_201,10,"(2, 0, 1)","(0, 0, 0, 0)",1.4528597605541975
12,10,arima_201,11,"(2, 0, 1)","(0, 0, 0, 0)",1.42422891752924
12,10,arima_201,12,"(2, 0, 1)","(0, 0, 0, 0)",1.238932701976757
12,10,arima_201,13,"(2, 0, 1)","(0, 0, 0, 0)",0.642838752491566
12,10,arima_201,14,"(2, 0, 1)","(0, 0, 0, 0)",0.9805248105087068
12,10,arima_201,15,"(2, 0, 1)","(0, 0, 0, 0)",1.3213958344778884
12,10,arima_201,16,"(2, 0, 1)","(0, 0, 0, 0)",1.0468722290973793
12,10,arima_201,17,"(2, 0, 1)","(0, 0, 0, 0)",1.26762424347319
12,10,arima_201,18,"(2, 0, 1)","(0, 0, 0, 0)",1.2070206544420845
12,10,arima_201,19,"(2, 0, 1)","(0, 0, 0, 0)",1.1142428513915132
12,10,arima_201,20,"(2, 0, 1)","(0, 0, 0, 0)",1.0159582635993483
12,10,arima_201,21,"(2, 0, 1)","(0, 0, 0, 0)",0.9189767637255527
12,10,arima_201,22,"(2, 0, 1)","(0, 0, 0, 0)",0.7685387386333224
12,10,arima_201,23,"(2, 0, 1)","(0, 0, 0, 0)",0.999485688721752
12,10,arima_201,24,"(2, 0, 1)","(0, 0, 0, 0)",0.2220473422466241
12,10,arima_201,25,"(2, 0, 1)","(0, 0, 0, 0)",1.0730976465713358
12,10,arima_201,26,"(2, 0, 1)","(0, 0, 0, 0)",1.332948929459373
12,10,arima_201,27,"(2, 0, 1)","(0, 0, 0, 0)",2.0
12,10,arima_400,1,"(4, 0, 0)","(0, 0, 0, 0)",1.4332263486563117
12,10,arima_400,2,"(4, 0, 0)","(0, 0, 0, 0)",1.3439952159019866
12,10,arima_400,3,"(4, 0, 0)","(0, 0, 0, 0)",1.3972214411690138
12,10,arima_400,4,"(4, 0, 0)","(0, 0, 0, 0)",1.8927145247947836
12,10,arima_400,5,"(4, 0, 0)","(0, 0, 0, 0)",0.4
12,10,arima_400,6,"(4, 0, 0)","(0, 0, 0, 0)",0.2
12,10,arima_400,7,"(4, 0, 0)","(0, 0, 0, 0)",1.8384043573150406e-17
12,10,arima_400,8,"(4, 0, 0)","(0, 0, 0, 0)",0.2
12,10,arima_400,9,"(4, 0, 0)","(0, 0, 0, 0)",0.4
12,10,arima_400,10,"(4, 0, 0)","(0, 0, 0, 0)",1.6
12,10,arima_400,11,"(4, 0, 0)","(0, 0, 0, 0)",1.3262160514783377
12,10,arima_400,12,"(4, 0, 0)","(0, 0, 0, 0)",1.438982794571284
12,10,arima_400,13,"(4, 0, 0)","(0, 0, 0, 0)",0.7098893775424514
12,10,arima_400,14,"(4, 0, 0)","(0, 0, 0, 0)",1.1075742488642744
12,10,arima_400,15,"(4, 0, 0)","(0, 0, 0, 0)",1.3172793509424636
12,10,arima_400,16,"(4, 0, 0)","(0, 0, 0, 0)",1.6328321835767416
12,10,arima_400,17,"(4, 0, 0)","(0, 0, 0, 0)",1.547434185044326
12,10,arima_400,18,"(4, 0, 0)","(0, 0, 0, 0)",1.1979336950111796
12,10,arima_400,19,"(4, 0, 0)","(0, 0, 0, 0)",1.436256592347303
12,10,arima_400,20,"(4, 0, 0)","(0, 0, 0, 0)",0.9675569864917037
12,10,arima_400,21,"(4, 0, 0)","(0, 0, 0, 0)",1.222508591034499
12,10,arima_400,22,"(4, 0, 0)","(0, 0, 0, 0)",0.9260587118032699
12,10,arima_400,23,"(4, 0, 0)","(0, 0, 0, 0)",1.2152128782651714
12,10,arima_400,24,"(4, 0, 0)","(0, 0, 0, 0)",0.6687277445139469
12,10,arima_400,25,"(4, 0, 0)","(0, 0, 0, 0)",1.2285465351417166
12,10,arima_400,26,"(4, 0, 0)","(0, 0, 0, 0)",1.302442113710683
12,10,arima_400,27,"(4, 0, 0)","(0, 0, 0, 0)",1.4609007706639638
12,10,arima_500,1,"(5, 0, 0)","(0, 0, 0, 0)",1.3001100234927991
12,10,arima_500,2,"(5, 0, 0)","(0, 0, 0, 0)",1.3335441812328919
12,10,arima_500,3,"(5, 0, 0)","(0, 0, 0, 0)",1.4496637863894781
12,10,arima_500,4,"(5, 0, 0)","(0, 0, 0, 0)",1.896639210799964
12,10,arima_500,5,"(5, 0, 0)","(0, 0, 0, 0)",0.5835462521654943
12,10,arima_500,6,"(5, 0, 0)","(0, 0, 0, 0)",0.2
12,10,arima_500,7,"(5, 0, 0)","(0, 0, 0, 0)",4.136060524801478e-17
12,10,arima_500,8,"(5, 0, 0)","(0, 0, 0, 0)",0.2
12,10,arima_500,9,"(5, 0, 0)","(0, 0, 0, 0)",0.4
12,10,arima_500,10,"(5, 0, 0)","(0, 0, 0, 0)",1.5029312549269864
12,10,arima_500,11,"(5, 0, 0)","(0, 0, 0, 0)",1.3096344079590123
12,10,arima_500,12,"(5, 0, 0)","(0, 0, 0, 0)",1.456273500966994
12,10,arima_500,13,"(5, 0, 0)","(0, 0, 0, 0)",0.6064672476677846
12,10,arima_500,14,"(5, 0, 0)","(0, 0, 0, 0)",1.0707920935809088
12,10,arima_500,15,"(5, 0, 0)","(0, 0, 0, 0)",1.3110269539608554
12,10,arima_500,16,"(5, 0, 0)","(0, 0, 0, 0)",1.664946514653682
12,10,arima_500,17,"(5, 0, 0)","(0, 0, 0, 0)",1.453772400431411
12,10,arima_500,18,"(5, 0, 0)","(0, 0, 0, 0)",1.1510059336972192
12,10,arima_500,19,"(5, 0, 0)","(0, 0, 0, 0)",1.3908243778005416
12,10,arima_500,20,"(5, 0, 0)","(0, 0, 0, 0)",0.9470483619103212
12,10,arima_500,21,"(5, 0, 0)","(0, 0, 0, 0)",1.0969227678353073
12,10,arima_500,22,"(5, 0, 0)","(0, 0, 0, 0)",0.8151780640495077
12,10,arima_500,23,"(5, 0, 0)","(0, 0, 0, 0)",1.142456799331027
12,10,arima_500,24,"(5, 0, 0)","(0, 0, 0, 0)",0.6075311173950754
12,10,arima_500,25,"(5, 0, 0)","(0, 0, 0, 0)",1.1871312643482443
12,10,arima_500,26,"(5, 0, 0)","(0, 0, 0, 0)",1.3128709250401698
12,10,arima_500,27,"(5, 0, 0)","(0, 0, 0, 0)",1.7247998099917514
13,10,arima_013,1,"(0, 1, 3)","(0, 0, 0, 0)",2.0
13,10,arima_013,2,"(0, 1, 3)","(0, 0, 0, 0)",2.0
13,10,arima_013,3,"(0, 1, 3)","(0, 0, 0, 0)",1.930055937013036
13,10,arima_013,4,"(0, 1, 3)","(0, 0, 0, 0)",2.0
13,10,arima_013,5,"(0, 1, 3)","(0, 0, 0, 0)",2.0
13,10,arima_013,6,"(0, 1, 3)","(0, 0, 0, 0)",1.9170383736906027
13,10,arima_013,7,"(0, 1, 3)","(0, 0, 0, 0)",1.848067179711627
13,10,arima_013,8,"(0, 1, 3)","(0, 0, 0, 0)",2.0
13,10,arima_013,9,"(0, 1, 3)","(0, 0, 0, 0)",1.6904050000347657
13,10,arima_013,10,"(0, 1, 3)","(0, 0, 0, 0)",0.9388100267409775
13,10,arima_013,11,"(0, 1, 3)","(0, 0, 0, 0)",2.0
13,10,arima_013,12,"(0, 1, 3)","(0, 0, 0, 0)",1.8904466015233166
13,10,arima_013,13,"(0, 1, 3)","(0, 0, 0, 0)",1.9386357673721115
13,10,arima_013,14,"(0, 1, 3)","(0, 0, 0, 0)",1.9440029362129239
13,10,arima_013,15,"(0, 1, 3)","(0, 0, 0, 0)",1.7783974689266602
13,10,arima_013,16,"(0, 1, 3)","(0, 0, 0, 0)",1.6822506625490323
13,10,arima_013,17,"(0, 1, 3)","(0, 0, 0, 0)",1.637341178077518
13,10,arima_013,18,"(0, 1, 3)","(0, 0, 0, 0)",1.495107331522844
13,10,arima_013,19,"(0, 1, 3)","(0, 0, 0, 0)",1.80116672911049
13,10,arima_013,20,"(0, 1, 3)","(0, 0, 0, 0)",1.9490355089469311
13,10,arima_013,21,"(0, 1, 3)","(0, 0, 0, 0)",1.6023463020825854
13,10,arima_013,22,"(0, 1, 3)","(0, 0, 0, 0)",2.0
13,10,arima_013,23,"(0, 1, 3)","(0, 0, 0, 0)",2.0
13,10,arima_013,24,"(0, 1, 3)","(0, 0, 0, 0)",2.0
13,10,arima_013,25,"(0, 1, 3)","(0, 0, 0, 0)",1.835004838372736
13,10,arima_013,26,"(0, 1, 3)","(0, 0, 0, 0)",1.8110412574268846
13,10,arima_013,27,"(0, 1, 3)","(0, 0, 0, 0)",1.8772994523583486
13,10,arima_411,1,"(4, 1, 1)","(0, 0, 0, 0)",2.0
13,10,arima_411,2,"(4, 1, 1)","(0, 0, 0, 0)",2.0
13,10,arima_411,3,"(4, 1, 1)","(0, 0, 0, 0)",1.9319861351148349
13,10,arima_411,4,"(4, 1, 1)","(0, 0, 0, 0)",2.0
13,10,arima_411,5,"(4, 1, 1)","(0, 0, 0, 0)",2.0
13,10,arima_411,6,"(4, 1, 1)","(0, 0, 0, 0)",1.9061692270345862
13,10,arima_411,7,"(4, 1, 1)","(0, 0, 0, 0)",1.8373969240005543
13,10,arima_411,8,"(4, 1, 1)","(0, 0, 0, 0)",2.0
13,10,arima_411,9,"(4, 1, 1)","(0, 0, 0, 0)",1.7124506505805517
13,10,arima_411,10,"(4, 1, 1)","(0, 0, 0, 0)",0.9137170294925515
13,10,arima_411,11,"(4, 1, 1)","(0, 0, 0, 0)",2.0
13,10,arima_411,12,"(4, 1, 1)","(0, 0, 0, 0)",1.8712263127630653
13,10,arima_411,13,"(4, 1, 1)","(0, 0, 0, 0)",1.934946995234605
13,10,arima_411,14,"(4, 1, 1)","(0, 0, 0, 0)",1.9381575388171808
13,10,arima_411,15,"(4, 1, 1)","(0, 0, 0, 0)",1.7410449339251537
13,10,arima_411,16,"(4, 1, 1)","(0, 0, 0, 0)",1.6607115256712008
13,10,arima_411,17,"(4, 1, 1)","(0, 0, 0, 0)",1.644790775613322
13,10,arima_411,18,"(4, 1, 1)","(0, 0, 0, 0)",1.5012434164384505
13,10,arima_411,19,"(4, 1, 1)","(0, 0, 0, 0)",1.8219770500429655
13,10,arima_411,20,"(4, 1, 1)","(0, 0, 0, 0)",1.960338422700862
13,10,arima_411,21,"(4, 1, 1)","(0, 0, 0, 0)",1.6000588108385252
13,10,arima_411,22,"(4, 1, 1)","(0, 0, 0, 0)",2.0
13,10,arima_411,23,"(4, 1, 1)","(0, 0, 0, 0)",2.0
13,10,arima_411,24,"(4, 1, 1)","(0, 0, 0, 0)",2.0
13,10,arima_411,25,"(4, 1, 1)","(0, 0, 0, 0)",1.8940303785070485
13,10,arima_411,26,"(4, 1, 1)","(0, 0, 0, 0)",1.8216448362558932
13,10,arima_411,27,"(4, 1, 1)","(0, 0, 0, 0)",1.7693966937442545
13,10,sarima_113_002_5,1,"(1, 1, 3)","(0, 0, 2, 5)",2.0
13,10,sarima_113_002_5,2,"(1, 1, 3)","(0, 0, 2, 5)",2.0
13,10,sarima_113_002_5,3,"(1, 1, 3)","(0, 0, 2, 5)",1.9297834987267266
13,10,sarima_113_002_5,4,"(1, 1, 3)","(0, 0, 2, 5)",2.0
13,10,sarima_113_002_5,5,"(1, 1, 3)","(0, 0, 2, 5)",2.0
13,10,sarima_113_002_5,6,"(1, 1, 3)","(0, 0, 2, 5)",1.9146418958958682
13,10,sarima_113_002_5,7,"(1, 1, 3)","(0, 0, 2, 5)",1.8698504921238834
13,10,sarima_113_002_5,8,"(1, 1, 3)","(0, 0, 2, 5)",2.0
13,10,sarima_113_002_5,9,"(1, 1, 3)","(0, 0, 2, 5)",1.6597430948558995
13,10,sarima_113_002_5,10,"(1, 1, 3)","(0, 0, 2, 5)",0.9289856930418483
13,10,sarima_113_002_5,11,"(1, 1, 3)","(0, 0, 2, 5)",2.0
13,10,sarima_113_002_5,12,"(1, 1, 3)","(0, 0, 2, 5)",1.8896090412844568
13,10,sarima_113_002_5,13,"(1, 1, 3)","(0, 0, 2, 5)",1.9393031545225399
13,10,sarima_113_002_5,14,"(1, 1, 3)","(0, 0, 2, 5)",1.9521347176222947
13,10,sarima_113_002_5,15,"(1, 1, 3)","(0, 0, 2, 5)",1.7836240006224005
13,10,sarima_113_002_5,16,"(1, 1, 3)","(0, 0, 2, 5)",1.6887298820660879
13,10,sarima_113_002_5,17,"(1, 1, 3)","(0, 0, 2, 5)",1.7472829052109455
13,10,sarima_113_002_5,18,"(1, 1, 3)","(0, 0, 2, 5)",1.4929898371350474
13,10,sarima_113_002_5,19,"(1, 1, 3)","(0, 0, 2, 5)",1.8062159278604946
13,10,sarima_113_002_5,20,"(1, 1, 3)","(0, 0, 2, 5)",1.9528359396214903
13,10,sarima_113_002_5,21,"(1, 1, 3)","(0, 0, 2, 5)",1.6123024567194593
13,10,sarima_113_002_5,22,"(1, 1, 3)","(0, 0, 2, 5)",1.9682146404262164
13,10,sarima_113_002_5,23,"(1, 1, 3)","(0, 0, 2, 5)",2.0
13,10,sarima_113_002_5,24,"(1, 1, 3)","(0, 0, 2, 5)",2.0
13,10,sarima_113_002_5,25,"(1, 1, 3)","(0, 0, 2, 5)",1.8375576829276974
13,10,sarima_113_002_5,26,"(1, 1, 3)","(0, 0, 2, 5)",1.8160579020106138
13,10,sarima_113_002_5,27,"(1, 1, 3)","(0, 0, 2, 5)",1.8895796083502614
13,10,sarima_312_101_5,1,"(3, 1, 2)","(1, 0, 1, 5)",2.0
13,10,sarima_312_101_5,2,"(3, 1, 2)","(1, 0, 1, 5)",2.0
13,10,sarima_312_101_5,3,"(3, 1, 2)","(1, 0, 1, 5)",1.9269786021054978
13,10,sarima_312_101_5,4,"(3, 1, 2)","(1, 0, 1, 5)",2.0
13,10,sarima_312_101_5,5,"(3, 1, 2)","(1, 0, 1, 5)",2.0
13,10,sarima_312_101_5,6,"(3, 1, 2)","(1, 0, 1, 5)",1.9200595066914947
13,10,sarima_312_101_5,7,"(3, 1, 2)","(1, 0, 1, 5)",1.8532049915391096
13,10,sarima_312_101_5,8,"(3, 1, 2)","(1, 0, 1, 5)",2.0
13,10,sarima_312_101_5,9,"(3, 1, 2)","(1, 0, 1, 5)",1.6619542117102002
13,10,sarima_312_101_5,10,"(3, 1, 2)","(1, 0, 1, 5)",0.9149716044434977
13,10,sarima_312_101_5,11,"(3, 1, 2)","(1, 0, 1, 5)",2.0
13,10,sarima_312_101_5,12,"(3, 1, 2)","(1, 0, 1, 5)",1.8837079090559574
13,10,sarima_312_101_5,13,"(3, 1, 2)","(1, 0, 1, 5)",1.9362111262411865
13,10,sarima_312_101_5,14,"(3, 1, 2)","(1, 0, 1, 5)",1.939504799661428
13,10,sarima_312_101_5,15,"(3, 1, 2)","(1, 0, 1, 5)",1.7679226866310231
13,10,sarima_312_101_5,16,"(3, 1, 2)","(1, 0, 1, 5)",1.6701212917777675
13,10,sarima_312_101_5,17,"(3, 1, 2)","(1, 0, 1, 5)",1.699408018534626
13,10,sarima_312_101_5,18,"(3, 1, 2)","(1, 0, 1, 5)",1.5037293187975211
13,10,sarima_312_101_5,19,"(3, 1, 2)","(1, 0, 1, 5)",1.8120449527952929
13,10,sarima_312_101_5,20,"(3, 1, 2)","(1, 0, 1, 5)",1.9556823531326444
13,10,sarima_312_101_5,21,"(3, 1, 2)","(1, 0, 1, 5)",1.5932165062153356
13,10,sarima_312_101_5,22,"(3, 1, 2)","(1, 0, 1, 5)",2.0
13,10,sarima_312_101_5,23,"(3, 1, 2)","(1, 0, 1, 5)",2.0
13,10,sarima_312_101_5,24,"(3, 1, 2)","(1, 0, 1, 5)",2.0
13,10,sarima_312_101_5,25,"(3, 1, 2)","(1, 0, 1, 5)",1.8593915881622474
13,10,sarima_312_101_5,26,"(3, 1, 2)","(1, 0, 1, 5)",1.7959595131476795
13,10,sarima_312_101_5,27,"(3, 1, 2)","(1, 0, 1, 5)",1.852039617560162
13,10,sarima_412_101_5,1,"(4, 1, 2)","(1, 0, 1, 5)",2.0
13,10,sarima_412_101_5,2,"(4, 1, 2)","(1, 0, 1, 5)",2.0
13,10,sarima_412_101_5,3,"(4, 1, 2)","(1, 0, 1, 5)",1.9326560550404246
13,10,sarima_412_101_5,4,"(4, 1, 2)","(1, 0, 1, 5)",2.0
13,10,sarima_412_101_5,5,"(4, 1, 2)","(1, 0, 1, 5)",2.0
13,10,sarima_412_101_5,6,"(4, 1, 2)","(1, 0, 1, 5)",1.8980768855007715
13,10,sarima_412_101_5,7,"(4, 1, 2)","(1, 0, 1, 5)",1.8220950124573847
13,10,sarima_412_101_5,8,"(4, 1, 2)","(1, 0, 1, 5)",2.0
13,10,sarima_412_101_5,9,"(4, 1, 2)","(1, 0, 1, 5)",1.672441553448843
13,10,sarima_412_101_5,10,"(4, 1, 2)","(1, 0, 1, 5)",0.9009210072854725
13,10,sarima_412_101_5,11,"(4, 1, 2)","(1, 0, 1, 5)",2.0
13,10,sarima_412_101_5,12,"(4, 1, 2)","(1, 0, 1, 5)",1.8665976635642658
13,10,sarima_412_101_5,13,"(4, 1, 2)","(1, 0, 1, 5)",1.9338460016076724
13,10,sarima_412_101_5,14,"(4, 1, 2)","(1, 0, 1, 5)",1.9376175130379822
13,10,sarima_412_101_5,15,"(4, 1, 2)","(1, 0, 1, 5)",1.748749558666376
13,10,sarima_412_101_5,16,"(4, 1, 2)","(1, 0, 1, 5)",1.6694439718895169
13,10,sarima_412_101_5,17,"(4, 1, 2)","(1, 0, 1, 5)",1.6578788794275654
13,10,sarima_412_101_5,18,"(4, 1, 2)","(1, 0, 1, 5)",1.5098385039786066
13,10,sarima_412_101_5,19,"(4, 1, 2)","(1, 0, 1, 5)",1.8237505826574414
13,10,sarima_412_101_5,20,"(4, 1, 2)","(1, 0, 1, 5)",1.962204057440755
13,10,sarima_412_101_5,21,"(4, 1, 2)","(1, 0, 1, 5)",1.6024229863992798
13,10,sarima_412_101_5,22,"(4, 1, 2)","(1, 0, 1, 5)",2.0
13,10,sarima_412_101_5,23,"(4, 1, 2)","(1, 0, 1, 5)",2.0
13,10,sarima_412_101_5,24,"(4, 1, 2)","(1, 0, 1, 5)",2.0
13,10,sarima_412_101_5,25,"(4, 1, 2)","(1, 0, 1, 5)",1.8981347774821935
13,10,sarima_412_101_5,26,"(4, 1, 2)","(1, 0, 1, 5)",1.7926790627460423
13,10,sarima_412_101_5,27,"(4, 1, 2)","(1, 0, 1, 5)",1.7819565677717575
1,22,arima_112,1,"(1, 1, 2)","(0, 0, 0, 0)",0.1569521716329587
1,22,arima_112,2,"(1, 1, 2)","(0, 0, 0, 0)",0.07919258748731903
1,22,arima_112,3,"(1, 1, 2)","(0, 0, 0, 0)",0.148685539108275
1,22,arima_112,4,"(1, 1, 2)","(0, 0, 0, 0)",0.13431410789637305
1,22,arima_112,5,"(1, 1, 2)","(0, 0, 0, 0)",0.112266581074643
1,22,arima_112,6,"(1, 1, 2)","(0, 0, 0, 0)",0.10731254042863843
1,22,arima_112,7,"(1, 1, 2)","(0, 0, 0, 0)",0.08328836648901497
1,22,arima_112,8,"(1, 1, 2)","(0, 0, 0, 0)",0.07779058156127093
1,22,arima_112,9,"(1, 1, 2)","(0, 0, 0, 0)",0.14771161169573435
1,22,arima_112,10,"(1, 1, 2)","(0, 0, 0, 0)",0.1332424971911202
1,22,arima_112,11,"(1, 1, 2)","(0, 0, 0, 0)",0.09012846170241565
1,22,arima_112,12,"(1, 1, 2)","(0, 0, 0, 0)",0.0745990375975821
1,22,sarima_112_100_5,1,"(1, 1, 2)","(1, 0, 0, 5)",0.15473266949052522
1,22,sarima_112_100_5,2,"(1, 1, 2)","(1, 0, 0, 5)",0.07384186033825346
1,22,sarima_112_100_5,3,"(1, 1, 2)","(1, 0, 0, 5)",0.16983382057757837
1,22,sarima_112_100_5,4,"(1, 1, 2)","(1, 0, 0, 5)",0.13687051215022492
1,22,sarima_112_100_5,5,"(1, 1, 2)","(1, 0, 0, 5)",0.1362701477528814
1,22,sarima_112_100_5,6,"(1, 1, 2)","(1, 0, 0, 5)",0.10311094630103237
1,22,sarima_112_100_5,7,"(1, 1, 2)","(1, 0, 0, 5)",0.08094187171940602
1,22,sarima_112_100_5,8,"(1, 1, 2)","(1, 0, 0, 5)",0.08269093203644999
1,22,sarima_112_100_5,9,"(1, 1, 2)","(1, 0, 0, 5)",0.1536801353554761
1,22,sarima_112_100_5,10,"(1, 1, 2)","(1, 0, 0, 5)",0.08813210023928907
1,22,sarima_112_100_5,11,"(1, 1, 2)","(1, 0, 0, 5)",0.09000144705774733
1,22,sarima_112_100_5,12,"(1, 1, 2)","(1, 0, 0, 5)",0.08237418193615369
2,22,arima_111,1,"(1, 1, 1)","(0, 0, 0, 0)",0.32821169519297716
2,22,arima_111,2,"(1, 1, 1)","(0, 0, 0, 0)",0.09202055221097616
2,22,arima_111,3,"(1, 1, 1)","(0, 0, 0, 0)",0.09207747187101573
2,22,arima_111,4,"(1, 1, 1)","(0, 0, 0, 0)",0.23607466302356053
2,22,arima_111,5,"(1, 1, 1)","(0, 0, 0, 0)",0.1579078236815806
2,22,arima_111,6,"(1, 1, 1)","(0, 0, 0, 0)",0.2111441197424088
2,22,arima_111,7,"(1, 1, 1)","(0, 0, 0, 0)",0.10852146513002754
2,22,arima_111,8,"(1, 1, 1)","(0, 0, 0, 0)",0.08050660942218123
2,22,arima_111,9,"(1, 1, 1)","(0, 0, 0, 0)",0.06751479977696577
2,22,arima_111,10,"(1, 1, 1)","(0, 0, 0, 0)",0.129150207970686
2,22,arima_111,11,"(1, 1, 1)","(0, 0, 0, 0)",0.12295219189049936
2,22,arima_111,12,"(1, 1, 1)","(0, 0, 0, 0)",0.19053310134761556
3,22,arima_111,1,"(1, 1, 1)","(0, 0, 0, 0)",0.10115299097520863
3,22,arima_111,2,"(1, 1, 1)","(0, 0, 0, 0)",0.10968686411118833
3,22,arima_111,3,"(1, 1, 1)","(0, 0, 0, 0)",0.09031403721987655
3,22,arima_111,4,"(1, 1, 1)","(0, 0, 0, 0)",0.21724094483556122
3,22,arima_111,5,"(1, 1, 1)","(0, 0, 0, 0)",0.2370506066366474
3,22,arima_111,6,"(1, 1, 1)","(0, 0, 0, 0)",0.07975710368445972
3,22,arima_111,7,"(1, 1, 1)","(0, 0, 0, 0)",0.11135767160573362
3,22,arima_111,8,"(1, 1, 1)","(0, 0, 0, 0)",0.2063330008998858
3,22,arima_111,9,"(1, 1, 1)","(0, 0, 0, 0)",0.14012640160832981
3,22,arima_111,10,"(1, 1, 1)","(0, 0, 0, 0)",0.10436110256734023
3,22,arima_111,11,"(1, 1, 1)","(0, 0, 0, 0)",0.09587970593980771
3,22,arima_111,12,"(1, 1, 1)","(0, 0, 0, 0)",0.3111761117915643
3,22,sarima_111_002_5,1,"(1, 1, 1)","(0, 0, 2, 5)",0.10237977165958724
3,22,sarima_111_002_5,2,"(1, 1, 1)","(0, 0, 2, 5)",0.11518626242726629
3,22,sarima_111_002_5,3,"(1, 1, 1)","(0, 0, 2, 5)",0.09062937429972749
3,22,sarima_111_002_5,4,"(1, 1, 1)","(0, 0, 2, 5)",0.2187474386908522
3,22,sarima_111_002_5,5,"(1, 1, 1)","(0, 0, 2, 5)",0.23224350430891647
3,22,sarima_111_002_5,6,"(1, 1, 1)","(0, 0, 2, 5)",0.07710715376486718
3,22,sarima_111_002_5,7,"(1, 1, 1)","(0, 0, 2, 5)",0.11239885432687013
3,22,sarima_111_002_5,8,"(1, 1, 1)","(0, 0, 2, 5)",0.20561275975510718
3,22,sarima_111_002_5,9,"(1, 1, 1)","(0, 0, 2, 5)",0.1385734183085496
3,22,sarima_111_002_5,10,"(1, 1, 1)","(0, 0, 2, 5)",0.10665502384764682
3,22,sarima_111_002_5,11,"(1, 1, 1)","(0, 0, 2, 5)",0.09645477474425421
3,22,sarima_111_002_5,12,"(1, 1, 1)","(0, 0, 2, 5)",0.31052280649157205
4,22,arima_011,1,"(0, 1, 1)","(0, 0, 0, 0)",0.14185223270206757
4,22,arima_011,2,"(0, 1, 1)","(0, 0, 0, 0)",0.12093883775860058
4,22,arima_011,3,"(0, 1, 1)","(0, 0, 0, 0)",0.1262338107875683
4,22,arima_011,4,"(0, 1, 1)","(0, 0, 0, 0)",0.20463375369925021
4,22,arima_011,5,"(0, 1, 1)","(0, 0, 0, 0)",0.22175852544036045
4,22,arima_011,6,"(0, 1, 1)","(0, 0, 0, 0)",0.0719379398927342
4,22,arima_011,7,"(0, 1, 1)","(0, 0, 0, 0)",0.11087207383170292
4,22,arima_011,8,"(0, 1, 1)","(0, 0, 0, 0)",0.17011068683541886
4,22,arima_011,9,"(0, 1, 1)","(0, 0, 0, 0)",0.13234628242363888
4,22,arima_011,10,"(0, 1, 1)","(0, 0, 0, 0)",0.18579742490890208
4,22,arima_011,11,"(0, 1, 1)","(0, 0, 0, 0)",0.1474971272920688
4,22,arima_011,12,"(0, 1, 1)","(0, 0, 0, 0)",0.23947780781997768
4,22,arima_012,1,"(0, 1, 2)","(0, 0, 0, 0)",0.15444824717392214
4,22,arima_012,2,"(0, 1, 2)","(0, 0, 0, 0)",0.11609901572916634
4,22,arima_012,3,"(0, 1, 2)","(0, 0, 0, 0)",0.12523866366623979
4,22,arima_012,4,"(0, 1, 2)","(0, 0, 0, 0)",0.20730922376431662
4,22,arima_012,5,"(0, 1, 2)","(0, 0, 0, 0)",0.23216501401663764
4,22,arima_012,6,"(0, 1, 2)","(0, 0, 0, 0)",0.07402265839629407
4,22,arima_012,7,"(0, 1, 2)","(0, 0, 0, 0)",0.11223078475987698
4,22,arima_012,8,"(0, 1, 2)","(0, 0, 0, 0)",0.1698744521157195
4,22,arima_012,9,"(0, 1, 2)","(0, 0, 0, 0)",0.1313404690812666
4,22,arima_012,10,"(0, 1, 2)","(0, 0, 0, 0)",0.18742545318507103
4,22,arima_012,11,"(0, 1, 2)","(0, 0, 0, 0)",0.14574480723644465
4,22,arima_012,12,"(0, 1, 2)","(0, 0, 0, 0)",0.2433960683590742
5,22,arima_102,1,"(1, 0, 2)","(0, 0, 0, 0)",0.08341651053381703
5,22,arima_102,2,"(1, 0, 2)","(0, 0, 0, 0)",0.1010878666501903
5,22,arima_102,3,"(1, 0, 2)","(0, 0, 0, 0)",0.08974555336421049
5,22,arima_102,4,"(1, 0, 2)","(0, 0, 0, 0)",0.15035607131718876
5,22,arima_102,5,"(1, 0, 2)","(0, 0, 0, 0)",0.23749610084655987
5,22,arima_102,6,"(1, 0, 2)","(0, 0, 0, 0)",0.11841922217753517
5,22,arima_102,7,"(1, 0, 2)","(0, 0, 0, 0)",0.11045821739964874
5,22,arima_102,8,"(1, 0, 2)","(0, 0, 0, 0)",0.0964838162956732
5,22,arima_102,9,"(1, 0, 2)","(0, 0, 0, 0)",0.08695131028003077
5,22,arima_102,10,"(1, 0, 2)","(0, 0, 0, 0)",0.07812369138407418
5,22,arima_102,11,"(1, 0, 2)","(0, 0, 0, 0)",0.09219933897682306
5,22,arima_102,12,"(1, 0, 2)","(0, 0, 0, 0)",0.07592321783419319
5,22,arima_202,1,"(2, 0, 2)","(0, 0, 0, 0)",0.08293309232491106
5,22,arima_202,2,"(2, 0, 2)","(0, 0, 0, 0)",0.10057290018493402
5,22,arima_202,3,"(2, 0, 2)","(0, 0, 0, 0)",0.08787403805027356
5,22,arima_202,4,"(2, 0, 2)","(0, 0, 0, 0)",0.1510665190394112
5,22,arima_202,5,"(2, 0, 2)","(0, 0, 0, 0)",0.2394564229218523
5,22,arima_202,6,"(2, 0, 2)","(0, 0, 0, 0)",0.11474928529164016
5,22,arima_202,7,"(2, 0, 2)","(0, 0, 0, 0)",0.1083030794864666
5,22,arima_202,8,"(2, 0, 2)","(0, 0, 0, 0)",0.09813271231009753
5,22,arima_202,9,"(2, 0, 2)","(0, 0, 0, 0)",0.08831604646001288
5,22,arima_202,10,"(2, 0, 2)","(0, 0, 0, 0)",0.079242522802743
5,22,arima_202,11,"(2, 0, 2)","(0, 0, 0, 0)",0.09261394403208414
5,22,arima_202,12,"(2, 0, 2)","(0, 0, 0, 0)",0.07527234628756291
5,22,arima_400,1,"(4, 0, 0)","(0, 0, 0, 0)",0.08691651545804947
5,22,arima_400,2,"(4, 0, 0)","(0, 0, 0, 0)",0.09047096984578694
5,22,arima_400,3,"(4, 0, 0)","(0, 0, 0, 0)",0.07783517968371484
5,22,arima_400,4,"(4, 0, 0)","(0, 0, 0, 0)",0.14132426307189597
5,22,arima_400,5,"(4, 0, 0)","(0, 0, 0, 0)",0.48720146965496924
5,22,arima_400,6,"(4, 0, 0)","(0, 0, 0, 0)",0.07311873083991695
5,22,arima_400,7,"(4, 0, 0)","(0, 0, 0, 0)",0.12228701454221017
5,22,arima_400,8,"(4, 0, 0)","(0, 0, 0, 0)",0.09522195223905837
5,22,arima_400,9,"(4, 0, 0)","(0, 0, 0, 0)",0.055537672394343124
5,22,arima_400,10,"(4, 0, 0)","(0, 0, 0, 0)",0.13309038302283283
5,22,arima_400,11,"(4, 0, 0)","(0, 0, 0, 0)",0.08573241691826382
5,22,arima_400,12,"(4, 0, 0)","(0, 0, 0, 0)",0.07070489859400114
5,22,sarima_002_100_5,1,"(0, 0, 2)","(1, 0, 0, 5)",0.13764018794130742
5,22,sarima_002_100_5,2,"(0, 0, 2)","(1, 0, 0, 5)",0.18129914769745573
5,22,sarima_002_100_5,3,"(0, 0, 2)","(1, 0, 0, 5)",0.1453890614436571
5,22,sarima_002_100_5,4,"(0, 0, 2)","(1, 0, 0, 5)",0.15355559302171704
5,22,sarima_002_100_5,5,"(0, 0, 2)","(1, 0, 0, 5)",0.4441003311840988
5,22,sarima_002_100_5,6,"(0, 0, 2)","(1, 0, 0, 5)",0.0859469401208658
5,22,sarima_002_100_5,7,"(0, 0, 2)","(1, 0, 0, 5)",0.15181229370668597
5,22,sarima_002_100_5,8,"(0, 0, 2)","(1, 0, 0, 5)",0.17364355984739394
5,22,sarima_002_100_5,9,"(0, 0, 2)","(1, 0, 0, 5)",0.09369274342652617
5,22,sarima_002_100_5,10,"(0, 0, 2)","(1, 0, 0, 5)",0.1756263401233011
5,22,sarima_002_100_5,11,"(0, 0, 2)","(1, 0, 0, 5)",0.09491969813990998
5,22,sarima_002_100_5,12,"(0, 0, 2)","(1, 0, 0, 5)",0.10756495010001442
5,22,sarima_100_100_5,1,"(1, 0, 0)","(1, 0, 0, 5)",0.3115382424943357
5,22,sarima_100_100_5,2,"(1, 0, 0)","(1, 0, 0, 5)",0.16747643580770724
5,22,sarima_100_100_5,3,"(1, 0, 0)","(1, 0, 0, 5)",0.23091255216097312
5,22,sarima_100_100_5,4,"(1, 0, 0)","(1, 0, 0, 5)",0.15594352620955163
5,22,sarima_100_100_5,5,"(1, 0, 0)","(1, 0, 0, 5)",0.6838852255299115
5,22,sarima_100_100_5,6,"(1, 0, 0)","(1, 0, 0, 5)",0.18471622153481465
5,22,sarima_100_100_5,7,"(1, 0, 0)","(1, 0, 0, 5)",0.31083060012059943
5,22,sarima_100_100_5,8,"(1, 0, 0)","(1, 0, 0, 5)",0.16591764730207678
5,22,sarima_100_100_5,9,"(1, 0, 0)","(1, 0, 0, 5)",0.23557815160000792
5,22,sarima_100_100_5,10,"(1, 0, 0)","(1, 0, 0, 5)",0.38617342907474905
5,22,sarima_100_100_5,11,"(1, 0, 0)","(1, 0, 0, 5)",0.30081626723195
5,22,sarima_100_100_5,12,"(1, 0, 0)","(1, 0, 0, 5)",0.2766361738326875
6,22,arima_011,1,"(0, 1, 1)","(0, 0, 0, 0)",0.1130399775482332
6,22,arima_011,2,"(0, 1, 1)","(0, 0, 0, 0)",0.1389348884633098
6,22,arima_011,3,"(0, 1, 1)","(0, 0, 0, 0)",0.1521244016030988
6,22,arima_011,4,"(0, 1, 1)","(0, 0, 0, 0)",0.14670204923878663
6,22,arima_011,5,"(0, 1, 1)","(0, 0, 0, 0)",0.1947808369460344
6,22,arima_011,6,"(0, 1, 1)","(0, 0, 0, 0)",0.12223644661048554
6,22,arima_011,7,"(0, 1, 1)","(0, 0, 0, 0)",0.11667174465362043
6,22,arima_011,8,"(0, 1, 1)","(0, 0, 0, 0)",0.13892629880957436
6,22,arima_011,9,"(0, 1, 1)","(0, 0, 0, 0)",0.13064087693853604
6,22,arima_011,10,"(0, 1, 1)","(0, 0, 0, 0)",0.09389883652030598
6,22,arima_011,11,"(0, 1, 1)","(0, 0, 0, 0)",0.08484786763651501
6,22,arima_011,12,"(0, 1, 1)","(0, 0, 0, 0)",0.15892271196299249
6,22,arima_211,1,"(2, 1, 1)","(0, 0, 0, 0)",0.11408514191383946
6,22,arima_211,2,"(2, 1, 1)","(0, 0, 0, 0)",0.13539648252202247
6,22,arima_211,3,"(2, 1, 1)","(0, 0, 0, 0)",0.1480289263039307
6,22,arima_211,4,"(2, 1, 1)","(0, 0, 0, 0)",0.14659590097846895
6,22,arima_211,5,"(2, 1, 1)","(0, 0, 0, 0)",0.1982255598784757
6,22,arima_211,6,"(2, 1, 1)","(0, 0, 0, 0)",0.12265224897793357
6,22,arima_211,7,"(2, 1, 1)","(0, 0, 0, 0)",0.12198564912757667
6,22,arima_211,8,"(2, 1, 1)","(0, 0, 0, 0)",0.14116899736453667
6,22,arima_211,9,"(2, 1, 1)","(0, 0, 0, 0)",0.1344136960984002
6,22,arima_211,10,"(2, 1, 1)","(0, 0, 0, 0)",0.09299490624870872
6,22,arima_211,11,"(2, 1, 1)","(0, 0, 0, 0)",0.08815866734745077
6,22,arima_211,12,"(2, 1, 1)","(0, 0, 0, 0)",0.1590722716188762
6,22,sarima_011_200_5,1,"(0, 1, 1)","(2, 0, 0, 5)",0.113426658830269
6,22,sarima_011_200_5,2,"(0, 1, 1)","(2, 0, 0, 5)",0.13680945660220162
6,22,sarima_011_200_5,3,"(0, 1, 1)","(2, 0, 0, 5)",0.15296711664480053
6,22,sarima_011_200_5,4,"(0, 1, 1)","(2, 0, 0, 5)",0.1474117201073861
6,22,sarima_011_200_5,5,"(0, 1, 1)","(2, 0, 0, 5)",0.1940670543421859
6,22,sarima_011_200_5,6,"(0, 1, 1)","(2, 0, 0, 5)",0.12304664986633615
6,22,sarima_011_200_5,7,"(0, 1, 1)","(2, 0, 0, 5)",0.11647924728369792
6,22,sarima_011_200_5,8,"(0, 1, 1)","(2, 0, 0, 5)",0.13861762283338877
6,22,sarima_011_200_5,9,"(0, 1, 1)","(2, 0, 0, 5)",0.1295067681382132
6,22,sarima_011_200_5,10,"(0, 1, 1)","(2, 0, 0, 5)",0.09521560995209026
6,22,sarima_011_200_5,11,"(0, 1, 1)","(2, 0, 0, 5)",0.08469673200150567
6,22,sarima_011_200_5,12,"(0, 1, 1)","(2, 0, 0, 5)",0.15861750221235105
7,22,arima_011,1,"(0, 1, 1)","(0, 0, 0, 0)",0.24459838544620124
7,22,arima_011,2,"(0, 1, 1)","(0, 0, 0, 0)",0.23822486410165572
7,22,arima_011,3,"(0, 1, 1)","(0, 0, 0, 0)",0.1809862854373326
7,22,arima_011,4,"(0, 1, 1)","(0, 0, 0, 0)",0.28466365534996674
7,22,arima_011,5,"(0, 1, 1)","(0, 0, 0, 0)",0.2564309838067105
7,22,arima_011,6,"(0, 1, 1)","(0, 0, 0, 0)",0.1776080100907862
7,22,arima_011,7,"(0, 1, 1)","(0, 0, 0, 0)",0.14897615377154036
7,22,arima_011,8,"(0, 1, 1)","(0, 0, 0, 0)",0.34141359531544657
7,22,arima_011,9,"(0, 1, 1)","(0, 0, 0, 0)",0.24755694341234571
7,22,arima_011,10,"(0, 1, 1)","(0, 0, 0, 0)",0.33764790900970365
7,22,arima_011,11,"(0, 1, 1)","(0, 0, 0, 0)",0.2082659892126471
7,22,arima_011,12,"(0, 1, 1)","(0, 0, 0, 0)",0.2962059582712948
7,22,arima_012,1,"(0, 1, 2)","(0, 0, 0, 0)",0.24427455165119216
7,22,arima_012,2,"(0, 1, 2)","(0, 0, 0, 0)",0.2382628385812583
7,22,arima_012,3,"(0, 1, 2)","(0, 0, 0, 0)",0.18054879325313056
7,22,arima_012,4,"(0, 1, 2)","(0, 0, 0, 0)",0.28541356597413065
7,22,arima_012,5,"(0, 1, 2)","(0, 0, 0, 0)",0.25642010619351496
7,22,arima_012,6,"(0, 1, 2)","(0, 0, 0, 0)",0.1774365080574676
7,22,arima_012,7,"(0, 1, 2)","(0, 0, 0, 0)",0.1489438797287922
7,22,arima_012,8,"(0, 1, 2)","(0, 0, 0, 0)",0.3416358990202985
7,22,arima_012,9,"(0, 1, 2)","(0, 0, 0, 0)",0.2472315547804315
7,22,arima_012,10,"(0, 1, 2)","(0, 0, 0, 0)",0.34148485886678565
7,22,arima_012,11,"(0, 1, 2)","(0, 0, 0, 0)",0.20697143058850026
7,22,arima_012,12,"(0, 1, 2)","(0, 0, 0, 0)",0.29619032065397694
7,22,arima_112,1,"(1, 1, 2)","(0, 0, 0, 0)",0.2446519061502861
7,22,arima_112,2,"(1, 1, 2)","(0, 0, 0, 0)",0.23807237157065472
7,22,arima_112,3,"(1, 1, 2)","(0, 0, 0, 0)",0.1802938104027201
7,22,arima_112,4,"(1, 1, 2)","(0, 0, 0, 0)",0.2856469459769939
7,22,arima_112,5,"(1, 1, 2)","(0, 0, 0, 0)",0.25669130327454537
7,22,arima_112,6,"(1, 1, 2)","(0, 0, 0, 0)",0.17759970347305468
7,22,arima_112,7,"(1, 1, 2)","(0, 0, 0, 0)",0.14901733682505314
7,22,arima_112,8,"(1, 1, 2)","(0, 0, 0, 0)",0.3413646790663575
7,22,arima_112,9,"(1, 1, 2)","(0, 0, 0, 0)",0.24754086609022197
7,22,arima_112,10,"(1, 1, 2)","(0, 0, 0, 0)",0.3390557492897898
7,22,arima_112,11,"(1, 1, 2)","(0, 0, 0, 0)",0.20788378519765455
7,22,arima_112,12,"(1, 1, 2)","(0, 0, 0, 0)",0.2962254891608202
7,22,sarima_011_100_5,1,"(0, 1, 1)","(1, 0, 0, 5)",0.24065854481736562
7,22,sarima_011_100_5,2,"(0, 1, 1)","(1, 0, 0, 5)",0.23868596065002717
7,22,sarima_011_100_5,3,"(0, 1, 1)","(1, 0, 0, 5)",0.18458264749999395
7,22,sarima_011_100_5,4,"(0, 1, 1)","(1, 0, 0, 5)",0.28512909621255833
7,22,sarima_011_100_5,5,"(0, 1, 1)","(1, 0, 0, 5)",0.25733471393893365
7,22,sarima_011_100_5,6,"(0, 1, 1)","(1, 0, 0, 5)",0.17587524802162965
7,22,sarima_011_100_5,7,"(0, 1, 1)","(1, 0, 0, 5)",0.14936239848732172
7,22,sarima_011_100_5,8,"(0, 1, 1)","(1, 0, 0, 5)",0.34296304071758227
7,22,sarima_011_100_5,9,"(0, 1, 1)","(1, 0, 0, 5)",0.24653266018278178
7,22,sarima_011_100_5,10,"(0, 1, 1)","(1, 0, 0, 5)",0.3382022459233767
7,22,sarima_011_100_5,11,"(0, 1, 1)","(1, 0, 0, 5)",0.2047049636344004
7,22,sarima_011_100_5,12,"(0, 1, 1)","(1, 0, 0, 5)",0.29636562427144525
8,22,arima_011,1,"(0, 1, 1)","(0, 0, 0, 0)",0.27211736259388775
8,22,arima_011,2,"(0, 1, 1)","(0, 0, 0, 0)",0.42320859289817603
8,22,arima_011,3,"(0, 1, 1)","(0, 0, 0, 0)",0.09588560168788164
8,22,arima_011,4,"(0, 1, 1)","(0, 0, 0, 0)",0.40176745716852075
8,22,arima_011,5,"(0, 1, 1)","(0, 0, 0, 0)",0.3435975449070296
8,22,arima_011,6,"(0, 1, 1)","(0, 0, 0, 0)",0.08474737393877399
8,22,arima_011,7,"(0, 1, 1)","(0, 0, 0, 0)",0.2068134667713197
8,22,arima_011,8,"(0, 1, 1)","(0, 0, 0, 0)",0.19215226305590774
8,22,arima_011,9,"(0, 1, 1)","(0, 0, 0, 0)",0.11988949432726881
8,22,arima_011,10,"(0, 1, 1)","(0, 0, 0, 0)",0.11605129367924019
8,22,arima_011,11,"(0, 1, 1)","(0, 0, 0, 0)",0.1228136755989981
8,22,arima_011,12,"(0, 1, 1)","(0, 0, 0, 0)",0.10181542243607371
8,22,arima_111,1,"(1, 1, 1)","(0, 0, 0, 0)",0.27042638710276123
8,22,arima_111,2,"(1, 1, 1)","(0, 0, 0, 0)",0.4099730134692209
8,22,arima_111,3,"(1, 1, 1)","(0, 0, 0, 0)",0.09811328390459405
8,22,arima_111,4,"(1, 1, 1)","(0, 0, 0, 0)",0.39968792948799975
8,22,arima_111,5,"(1, 1, 1)","(0, 0, 0, 0)",0.3406261151923574
8,22,arima_111,6,"(1, 1, 1)","(0, 0, 0, 0)",0.0865207266999095
8,22,arima_111,7,"(1, 1, 1)","(0, 0, 0, 0)",0.20661054677553095
8,22,arima_111,8,"(1, 1, 1)","(0, 0, 0, 0)",0.18351933371670526
8,22,arima_111,9,"(1, 1, 1)","(0, 0, 0, 0)",0.12292600921756061
8,22,arima_111,10,"(1, 1, 1)","(0, 0, 0, 0)",0.11362621343804709
8,22,arima_111,11,"(1, 1, 1)","(0, 0, 0, 0)",0.12232285848978022
8,22,arima_111,12,"(1, 1, 1)","(0, 0, 0, 0)",0.10564734421555495
8,22,arima_113,1,"(1, 1, 3)","(0, 0, 0, 0)",0.27120090319021084
8,22,arima_113,2,"(1, 1, 3)","(0, 0, 0, 0)",0.40564918254547405
8,22,arima_113,3,"(1, 1, 3)","(0, 0, 0, 0)",0.09940302563711628
8,22,arima_113,4,"(1, 1, 3)","(0, 0, 0, 0)",0.39938983413434964
8,22,arima_113,5,"(1, 1, 3)","(0, 0, 0, 0)",0.34087519696808444
8,22,arima_113,6,"(1, 1, 3)","(0, 0, 0, 0)",0.08609934443691358
8,22,arima_113,7,"(1, 1, 3)","(0, 0, 0, 0)",0.20586006238020854
8,22,arima_113,8,"(1, 1, 3)","(0, 0, 0, 0)",0.1794933167186381
8,22,arima_113,9,"(1, 1, 3)","(0, 0, 0, 0)",0.12356109111667057
8,22,arima_113,10,"(1, 1, 3)","(0, 0, 0, 0)",0.11251418964209478
8,22,arima_113,11,"(1, 1, 3)","(0, 0, 0, 0)",0.12261285085863723
8,22,arima_113,12,"(1, 1, 3)","(0, 0, 0, 0)",0.10732256765855598
8,22,sarima_011_001_5,1,"(0, 1, 1)","(0, 0, 1, 5)",0.2707464876891879
8,22,sarima_011_001_5,2,"(0, 1, 1)","(0, 0, 1, 5)",0.42012950006404687
8,22,sarima_011_001_5,3,"(0, 1, 1)","(0, 0, 1, 5)",0.09590631193364606
8,22,sarima_011_001_5,4,"(0, 1, 1)","(0, 0, 1, 5)",0.3994536564433067
8,22,sarima_011_001_5,5,"(0, 1, 1)","(0, 0, 1, 5)",0.33987111158693073
8,22,sarima_011_001_5,6,"(0, 1, 1)","(0, 0, 1, 5)",0.08513190599072104
8,22,sarima_011_001_5,7,"(0, 1, 1)","(0, 0, 1, 5)",0.2045007704580806
8,22,sarima_011_001_5,8,"(0, 1, 1)","(0, 0, 1, 5)",0.1897853465312021
8,22,sarima_011_001_5,9,"(0, 1, 1)","(0, 0, 1, 5)",0.12145888492850204
8,22,sarima_011_001_5,10,"(0, 1, 1)","(0, 0, 1, 5)",0.11532309746275926
8,22,sarima_011_001_5,11,"(0, 1, 1)","(0, 0, 1, 5)",0.1232477417913209
8,22,sarima_011_001_5,12,"(0, 1, 1)","(0, 0, 1, 5)",0.10429756475631065
9,22,arima_011,1,"(0, 1, 1)","(0, 0, 0, 0)",0.14658042203364074
9,22,arima_011,2,"(0, 1, 1)","(0, 0, 0, 0)",0.3153805628030673
9,22,arima_011,3,"(0, 1, 1)","(0, 0, 0, 0)",0.1684255551306087
9,22,arima_011,4,"(0, 1, 1)","(0, 0, 0, 0)",0.3569144802139991
9,22,arima_011,5,"(0, 1, 1)","(0, 0, 0, 0)",0.3731270446518147
9,22,arima_011,6,"(0, 1, 1)","(0, 0, 0, 0)",0.12373899525257255
9,22,arima_011,7,"(0, 1, 1)","(0, 0, 0, 0)",0.3275658122798179
9,22,arima_011,8,"(0, 1, 1)","(0, 0, 0, 0)",0.13672239768086333
9,22,arima_011,9,"(0, 1, 1)","(0, 0, 0, 0)",0.1305374929193287
9,22,arima_011,10,"(0, 1, 1)","(0, 0, 0, 0)",0.08702456119559317
9,22,arima_011,11,"(0, 1, 1)","(0, 0, 0, 0)",0.09086428466976851
9,22,arima_011,12,"(0, 1, 1)","(0, 0, 0, 0)",0.13819558856730307
9,22,arima_013,1,"(0, 1, 3)","(0, 0, 0, 0)",0.15008797715020508
9,22,arima_013,2,"(0, 1, 3)","(0, 0, 0, 0)",0.31522169599951366
9,22,arima_013,3,"(0, 1, 3)","(0, 0, 0, 0)",0.187180757591946
9,22,arima_013,4,"(0, 1, 3)","(0, 0, 0, 0)",0.3556274666402847
9,22,arima_013,5,"(0, 1, 3)","(0, 0, 0, 0)",0.3786044650477837
9,22,arima_013,6,"(0, 1, 3)","(0, 0, 0, 0)",0.12243184903227584
9,22,arima_013,7,"(0, 1, 3)","(0, 0, 0, 0)",0.3299070372395484
9,22,arima_013,8,"(0, 1, 3)","(0, 0, 0, 0)",0.1360118923340443
9,22,arima_013,9,"(0, 1, 3)","(0, 0, 0, 0)",0.13123683775606682
9,22,arima_013,10,"(0, 1, 3)","(0, 0, 0, 0)",0.08620347003159887
9,22,arima_013,11,"(0, 1, 3)","(0, 0, 0, 0)",0.09086570805416537
9,22,arima_013,12,"(0, 1, 3)","(0, 0, 0, 0)",0.13990188912259247
9,22,arima_211,1,"(2, 1, 1)","(0, 0, 0, 0)",0.15015084769350848
9,22,arima_211,2,"(2, 1, 1)","(0, 0, 0, 0)",0.31535423115837047
9,22,arima_211,3,"(2, 1, 1)","(0, 0, 0, 0)",0.18476313116144424
9,22,arima_211,4,"(2, 1, 1)","(0, 0, 0, 0)",0.35584721296523514
9,22,arima_211,5,"(2, 1, 1)","(0, 0, 0, 0)",0.3781007867868171
9,22,arima_211,6,"(2, 1, 1)","(0, 0, 0, 0)",0.12168187088716778
9,22,arima_211,7,"(2, 1, 1)","(0, 0, 0, 0)",0.33077614933013416
9,22,arima_211,8,"(2, 1, 1)","(0, 0, 0, 0)",0.13591916039489094
9,22,arima_211,9,"(2, 1, 1)","(0, 0, 0, 0)",0.13090981056168924
9,22,arima_211,10,"(2, 1, 1)","(0, 0, 0, 0)",0.08618391674093213
9,22,arima_211,11,"(2, 1, 1)","(0, 0, 0, 0)",0.09111442030015214
9,22,arima_211,12,"(2, 1, 1)","(0, 0, 0, 0)",0.1408322260617612
9,22,arima_311,1,"(3, 1, 1)","(0, 0, 0, 0)",0.14464052907934788
9,22,arima_311,2,"(3, 1, 1)","(0, 0, 0, 0)",0.3148927514889207
9,22,arima_311,3,"(3, 1, 1)","(0, 0, 0, 0)",0.20459134974015317
9,22,arima_311,4,"(3, 1, 1)","(0, 0, 0, 0)",0.35382631904058587
9,22,arima_311,5,"(3, 1, 1)","(0, 0, 0, 0)",0.3764331868661864
9,22,arima_311,6,"(3, 1, 1)","(0, 0, 0, 0)",0.11628916404116771
9,22,arima_311,7,"(3, 1, 1)","(0, 0, 0, 0)",0.3338118742126442
9,22,arima_311,8,"(3, 1, 1)","(0, 0, 0, 0)",0.13708107204158423
9,22,arima_311,9,"(3, 1, 1)","(0, 0, 0, 0)",0.12790204816293982
9,22,arima_311,10,"(3, 1, 1)","(0, 0, 0, 0)",0.08622267998821956
9,22,arima_311,11,"(3, 1, 1)","(0, 0, 0, 0)",0.09088334083851221
9,22,arima_311,12,"(3, 1, 1)","(0, 0, 0, 0)",0.14148249907494145
10,22,arima_012,1,"(0, 1, 2)","(0, 0, 0, 0)",0.1047254705974354
10,22,arima_012,2,"(0, 1, 2)","(0, 0, 0, 0)",0.2192989677350917
10,22,arima_012,3,"(0, 1, 2)","(0, 0, 0, 0)",0.08413082942903646
10,22,arima_012,4,"(0, 1, 2)","(0, 0, 0, 0)",0.1487610817428769
10,22,arima_012,5,"(0, 1, 2)","(0, 0, 0, 0)",0.1544213262178424
10,22,arima_012,6,"(0, 1, 2)","(0, 0, 0, 0)",0.16485930774572136
10,22,arima_012,7,"(0, 1, 2)","(0, 0, 0, 0)",0.09400640883289495
10,22,arima_012,8,"(0, 1, 2)","(0, 0, 0, 0)",0.10321287355702452
10,22,arima_012,9,"(0, 1, 2)","(0, 0, 0, 0)",0.0781509282883538
10,22,arima_012,10,"(0, 1, 2)","(0, 0, 0, 0)",0.12250341516497366
10,22,arima_012,11,"(0, 1, 2)","(0, 0, 0, 0)",0.09229306785521159
10,22,arima_012,12,"(0, 1, 2)","(0, 0, 0, 0)",0.09745451976761298
10,22,sarima_012_002_5,1,"(0, 1, 2)","(0, 0, 2, 5)",0.10304598787359591
10,22,sarima_012_002_5,2,"(0, 1, 2)","(0, 0, 2, 5)",0.2144735668979927
10,22,sarima_012_002_5,3,"(0, 1, 2)","(0, 0, 2, 5)",0.08316641961656586
10,22,sarima_012_002_5,4,"(0, 1, 2)","(0, 0, 2, 5)",0.14870059941792657
10,22,sarima_012_002_5,5,"(0, 1, 2)","(0, 0, 2, 5)",0.15477042974469327
10,22,sarima_012_002_5,6,"(0, 1, 2)","(0, 0, 2, 5)",0.17688808010965462
10,22,sarima_012_002_5,7,"(0, 1, 2)","(0, 0, 2, 5)",0.09254200741120473
10,22,sarima_012_002_5,8,"(0, 1, 2)","(0, 0, 2, 5)",0.1031450542295571
10,22,sarima_012_002_5,9,"(0, 1, 2)","(0, 0, 2, 5)",0.07653292111164801
10,22,sarima_012_002_5,10,"(0, 1, 2)","(0, 0, 2, 5)",0.12174374020387577
10,22,sarima_012_002_5,11,"(0, 1, 2)","(0, 0, 2, 5)",0.0918797168285957
10,22,sarima_012_002_5,12,"(0, 1, 2)","(0, 0, 2, 5)",0.09824262937457685
11,22,arima_111,1,"(1, 1, 1)","(0, 0, 0, 0)",0.9854037294535197
11,22,arima_111,2,"(1, 1, 1)","(0, 0, 0, 0)",1.4941618235989533
11,22,arima_111,3,"(1, 1, 1)","(0, 0, 0, 0)",0.13106925943505293
11,22,arima_111,4,"(1, 1, 1)","(0, 0, 0, 0)",0.22369468597060096
11,22,arima_111,5,"(1, 1, 1)","(0, 0, 0, 0)",0.3539385547603393
11,22,arima_111,6,"(1, 1, 1)","(0, 0, 0, 0)",0.08064916386212209
11,22,arima_111,7,"(1, 1, 1)","(0, 0, 0, 0)",0.24164924658533318
11,22,arima_111,8,"(1, 1, 1)","(0, 0, 0, 0)",0.14863673580754064
11,22,arima_111,9,"(1, 1, 1)","(0, 0, 0, 0)",0.18265568662741785
11,22,arima_111,10,"(1, 1, 1)","(0, 0, 0, 0)",0.14422116824641043
11,22,arima_111,11,"(1, 1, 1)","(0, 0, 0, 0)",0.45031593889265636
11,22,arima_111,12,"(1, 1, 1)","(0, 0, 0, 0)",1.5398059367949932
11,22,sarima_111_001_5,1,"(1, 1, 1)","(0, 0, 1, 5)",0.9814611351932723
11,22,sarima_111_001_5,2,"(1, 1, 1)","(0, 0, 1, 5)",1.4351753730716612
11,22,sarima_111_001_5,3,"(1, 1, 1)","(0, 0, 1, 5)",0.135104406830805
11,22,sarima_111_001_5,4,"(1, 1, 1)","(0, 0, 1, 5)",0.22462100997217913
11,22,sarima_111_001_5,5,"(1, 1, 1)","(0, 0, 1, 5)",0.34818604101070705
11,22,sarima_111_001_5,6,"(1, 1, 1)","(0, 0, 1, 5)",0.07960070855467181
11,22,sarima_111_001_5,7,"(1, 1, 1)","(0, 0, 1, 5)",0.24827715571223014
11,22,sarima_111_001_5,8,"(1, 1, 1)","(0, 0, 1, 5)",0.14833265021362124
11,22,sarima_111_001_5,9,"(1, 1, 1)","(0, 0, 1, 5)",0.17759130440067553
11,22,sarima_111_001_5,10,"(1, 1, 1)","(0, 0, 1, 5)",0.14710694796008364
11,22,sarima_111_001_5,11,"(1, 1, 1)","(0, 0, 1, 5)",0.45154202999098203
11,22,sarima_111_001_5,12,"(1, 1, 1)","(0, 0, 1, 5)",1.528805352831835
11,22,sarima_112_001_5,1,"(1, 1, 2)","(0, 0, 1, 5)",0.9802661634947338
11,22,sarima_112_001_5,2,"(1, 1, 2)","(0, 0, 1, 5)",1.360102595852284
11,22,sarima_112_001_5,3,"(1, 1, 2)","(0, 0, 1, 5)",0.16988030928242803
11,22,sarima_112_001_5,4,"(1, 1, 2)","(0, 0, 1, 5)",0.24610770015414776
11,22,sarima_112_001_5,5,"(1, 1, 2)","(0, 0, 1, 5)",0.3585789131013268
11,22,sarima_112_001_5,6,"(1, 1, 2)","(0, 0, 1, 5)",0.13809453658944806
11,22,sarima_112_001_5,7,"(1, 1, 2)","(0, 0, 1, 5)",0.1895601561353719
11,22,sarima_112_001_5,8,"(1, 1, 2)","(0, 0, 1, 5)",0.1492276680115001
11,22,sarima_112_001_5,9,"(1, 1, 2)","(0, 0, 1, 5)",0.1352457816707886
11,22,sarima_112_001_5,10,"(1, 1, 2)","(0, 0, 1, 5)",0.12520936658140347
11,22,sarima_112_001_5,11,"(1, 1, 2)","(0, 0, 1, 5)",0.4860010516497928
11,22,sarima_112_001_5,12,"(1, 1, 2)","(0, 0, 1, 5)",1.7441794894282516
11,22,sarima_112_100_5,1,"(1, 1, 2)","(1, 0, 0, 5)",0.9776223638211975
11,22,sarima_112_100_5,2,"(1, 1, 2)","(1, 0, 0, 5)",0.582813192937496
11,22,sarima_112_100_5,3,"(1, 1, 2)","(1, 0, 0, 5)",0.1686891158215092
11,22,sarima_112_100_5,4,"(1, 1, 2)","(1, 0, 0, 5)",0.24519373167811417
11,22,sarima_112_100_5,5,"(1, 1, 2)","(1, 0, 0, 5)",0.3598179794215625
11,22,sarima_112_100_5,6,"(1, 1, 2)","(1, 0, 0, 5)",0.13751972293851064
11,22,sarima_112_100_5,7,"(1, 1, 2)","(1, 0, 0, 5)",0.19114066350540468
11,22,sarima_112_100_5,8,"(1, 1, 2)","(1, 0, 0, 5)",0.1471686929103824
11,22,sarima_112_100_5,9,"(1, 1, 2)","(1, 0, 0, 5)",0.13670569512876615
11,22,sarima_112_100_5,10,"(1, 1, 2)","(1, 0, 0, 5)",0.12537203445794748
11,22,sarima_112_100_5,11,"(1, 1, 2)","(1, 0, 0, 5)",0.48606068046673656
11,22,sarima_112_100_5,12,"(1, 1, 2)","(1, 0, 0, 5)",1.7451713351469902
12,22,arima_201,1,"(2, 0, 1)","(0, 0, 0, 0)",0.9990780884573864
12,22,arima_201,2,"(2, 0, 1)","(0, 0, 0, 0)",1.4762118548470897
12,22,arima_201,3,"(2, 0, 1)","(0, 0, 0, 0)",1.8521361911584802
12,22,arima_201,4,"(2, 0, 1)","(0, 0, 0, 0)",1.1084169203246004
12,22,arima_201,5,"(2, 0, 1)","(0, 0, 0, 0)",1.5651570780426098
12,22,arima_201,6,"(2, 0, 1)","(0, 0, 0, 0)",1.116153373057218
12,22,arima_201,7,"(2, 0, 1)","(0, 0, 0, 0)",1.1485243968668195
12,22,arima_201,8,"(2, 0, 1)","(0, 0, 0, 0)",1.298749431160256
12,22,arima_201,9,"(2, 0, 1)","(0, 0, 0, 0)",1.0281374585237737
12,22,arima_201,10,"(2, 0, 1)","(0, 0, 0, 0)",0.9019699276149691
12,22,arima_201,11,"(2, 0, 1)","(0, 0, 0, 0)",0.6669099015542305
12,22,arima_201,12,"(2, 0, 1)","(0, 0, 0, 0)",1.3684712006720992
12,22,arima_400,1,"(4, 0, 0)","(0, 0, 0, 0)",1.434795890770584
12,22,arima_400,2,"(4, 0, 0)","(0, 0, 0, 0)",1.4412356568066615
12,22,arima_400,3,"(4, 0, 0)","(0, 0, 0, 0)",0.6888919382126929
12,22,arima_400,4,"(4, 0, 0)","(0, 0, 0, 0)",0.2727272727272727
12,22,arima_400,5,"(4, 0, 0)","(0, 0, 0, 0)",1.447369967033479
12,22,arima_400,6,"(4, 0, 0)","(0, 0, 0, 0)",1.5922271886945338
12,22,arima_400,7,"(4, 0, 0)","(0, 0, 0, 0)",1.3220031379681767
12,22,arima_400,8,"(4, 0, 0)","(0, 0, 0, 0)",1.508189850937422
12,22,arima_400,9,"(4, 0, 0)","(0, 0, 0, 0)",1.5078235278638488
12,22,arima_400,10,"(4, 0, 0)","(0, 0, 0, 0)",1.2911987051442366
12,22,arima_400,11,"(4, 0, 0)","(0, 0, 0, 0)",1.3257526558223756
12,22,arima_400,12,"(4, 0, 0)","(0, 0, 0, 0)",1.4850023005467632
12,22,arima_500,1,"(5, 0, 0)","(0, 0, 0, 0)",1.4711934987148172
12,22,arima_500,2,"(5, 0, 0)","(0, 0, 0, 0)",1.6044290674021608
12,22,arima_500,3,"(5, 0, 0)","(0, 0, 0, 0)",1.0913339751439448
12,22,arima_500,4,"(5, 0, 0)","(0, 0, 0, 0)",0.2727272727272727
12,22,arima_500,5,"(5, 0, 0)","(0, 0, 0, 0)",1.475309172519926
12,22,arima_500,6,"(5, 0, 0)","(0, 0, 0, 0)",1.5493645319011746
12,22,arima_500,7,"(5, 0, 0)","(0, 0, 0, 0)",1.2367800230373367
12,22,arima_500,8,"(5, 0, 0)","(0, 0, 0, 0)",1.5829423130948854
12,22,arima_500,9,"(5, 0, 0)","(0, 0, 0, 0)",1.5040674925253539
12,22,arima_500,10,"(5, 0, 0)","(0, 0, 0, 0)",1.1629890574280024
12,22,arima_500,11,"(5, 0, 0)","(0, 0, 0, 0)",1.1614596891580178
12,22,arima_500,12,"(5, 0, 0)","(0, 0, 0, 0)",1.4477878061829805
13,22,arima_013,1,"(0, 1, 3)","(0, 0, 0, 0)",2.0
13,22,arima_013,2,"(0, 1, 3)","(0, 0, 0, 0)",1.9589720005333495
13,22,arima_013,3,"(0, 1, 3)","(0, 0, 0, 0)",1.944413641266481
13,22,arima_013,4,"(0, 1, 3)","(0, 0, 0, 0)",1.8664351670872519
13,22,arima_013,5,"(0, 1, 3)","(0, 0, 0, 0)",1.4452647922610906
13,22,arima_013,6,"(0, 1, 3)","(0, 0, 0, 0)",1.929166118494083
13,22,arima_013,7,"(0, 1, 3)","(0, 0, 0, 0)",1.8788826631240152
13,22,arima_013,8,"(0, 1, 3)","(0, 0, 0, 0)",1.6926869259367974
13,22,arima_013,9,"(0, 1, 3)","(0, 0, 0, 0)",1.7057362515393122
13,22,arima_013,10,"(0, 1, 3)","(0, 0, 0, 0)",1.8330142372613853
13,22,arima_013,11,"(0, 1, 3)","(0, 0, 0, 0)",2.0
13,22,arima_013,12,"(0, 1, 3)","(0, 0, 0, 0)",1.7907829497348593
13,22,arima_411,1,"(4, 1, 1)","(0, 0, 0, 0)",2.0
13,22,arima_411,2,"(4, 1, 1)","(0, 0, 0, 0)",1.9575851269770623
13,22,arima_411,3,"(4, 1, 1)","(0, 0, 0, 0)",1.9379339011914025
13,22,arima_411,4,"(4, 1, 1)","(0, 0, 0, 0)",1.8510293753772555
13,22,arima_411,5,"(4, 1, 1)","(0, 0, 0, 0)",1.4084891988392272
13,22,arima_411,6,"(4, 1, 1)","(0, 0, 0, 0)",1.9182234910835758
13,22,arima_411,7,"(4, 1, 1)","(0, 0, 0, 0)",1.8634018542300381
13,22,arima_411,8,"(4, 1, 1)","(0, 0, 0, 0)",1.677554314634454
13,22,arima_411,9,"(4, 1, 1)","(0, 0, 0, 0)",1.704200779630659
13,22,arima_411,10,"(4, 1, 1)","(0, 0, 0, 0)",1.8336328329590137
13,22,arima_411,11,"(4, 1, 1)","(0, 0, 0, 0)",2.0
13,22,arima_411,12,"(4, 1, 1)","(0, 0, 0, 0)",1.817044941543452
13,22,sarima_113_002_5,1,"(1, 1, 3)","(0, 0, 2, 5)",2.0
13,22,sarima_113_002_5,2,"(1, 1, 3)","(0, 0, 2, 5)",1.9556291268503083
13,22,sarima_113_002_5,3,"(1, 1, 3)","(0, 0, 2, 5)",1.9329192068141692
13,22,sarima_113_002_5,4,"(1, 1, 3)","(0, 0, 2, 5)",1.858114771470703
13,22,sarima_113_002_5,5,"(1, 1, 3)","(0, 0, 2, 5)",1.4120686134580662
13,22,sarima_113_002_5,6,"(1, 1, 3)","(0, 0, 2, 5)",1.9290349086357286
13,22,sarima_113_002_5,7,"(1, 1, 3)","(0, 0, 2, 5)",1.8760277320604666
13,22,sarima_113_002_5,8,"(1, 1, 3)","(0, 0, 2, 5)",1.6830416475587933
13,22,sarima_113_002_5,9,"(1, 1, 3)","(0, 0, 2, 5)",1.7096282310840978
13,22,sarima_113_002_5,10,"(1, 1, 3)","(0, 0, 2, 5)",1.8275833110577555
13,22,sarima_113_002_5,11,"(1, 1, 3)","(0, 0, 2, 5)",2.0
13,22,sarima_113_002_5,12,"(1, 1, 3)","(0, 0, 2, 5)",1.791502586069422
13,22,sarima_312_101_5,1,"(3, 1, 2)","(1, 0, 1, 5)",2.0
13,22,sarima_312_101_5,2,"(3, 1, 2)","(1, 0, 1, 5)",1.956360043649438
13,22,sarima_312_101_5,3,"(3, 1, 2)","(1, 0, 1, 5)",1.9481262865755473
13,22,sarima_312_101_5,4,"(3, 1, 2)","(1, 0, 1, 5)",1.8492444062828355
13,22,sarima_312_101_5,5,"(3, 1, 2)","(1, 0, 1, 5)",1.4228145617382624
13,22,sarima_312_101_5,6,"(3, 1, 2)","(1, 0, 1, 5)",1.9254450234625606
13,22,sarima_312_101_5,7,"(3, 1, 2)","(1, 0, 1, 5)",1.8691710457685913
13,22,sarima_312_101_5,8,"(3, 1, 2)","(1, 0, 1, 5)",1.6795520563515745
13,22,sarima_312_101_5,9,"(3, 1, 2)","(1, 0, 1, 5)",1.695894490349152
13,22,sarima_312_101_5,10,"(3, 1, 2)","(1, 0, 1, 5)",1.8327474884075112
13,22,sarima_312_101_5,11,"(3, 1, 2)","(1, 0, 1, 5)",2.0
13,22,sarima_312_101_5,12,"(3, 1, 2)","(1, 0, 1, 5)",1.7996362475435057
13,22,sarima_412_101_5,1,"(4, 1, 2)","(1, 0, 1, 5)",2.0
13,22,sarima_412_101_5,2,"(4, 1, 2)","(1, 0, 1, 5)",1.957036666180416
13,22,sarima_412_101_5,3,"(4, 1, 2)","(1, 0, 1, 5)",1.9337914757839343
13,22,sarima_412_101_5,4,"(4, 1, 2)","(1, 0, 1, 5)",1.8507711329752028
13,22,sarima_412_101_5,5,"(4, 1, 2)","(1, 0, 1, 5)",1.39175558495444
13,22,sarima_412_101_5,6,"(4, 1, 2)","(1, 0, 1, 5)",1.9158066633145232
13,22,sarima_412_101_5,7,"(4, 1, 2)","(1, 0, 1, 5)",1.8623398918648268
13,22,sarima_412_101_5,8,"(4, 1, 2)","(1, 0, 1, 5)",1.6699367694675422
13,22,sarima_412_101_5,9,"(4, 1, 2)","(1, 0, 1, 5)",1.7067246964425733
13,22,sarima_412_101_5,10,"(4, 1, 2)","(1, 0, 1, 5)",1.8320670803312198
13,22,sarima_412_101_5,11,"(4, 1, 2)","(1, 0, 1, 5)",2.0
13,22,sarima_412_101_5,12,"(4, 1, 2)","(1, 0, 1, 5)",1.819771834681331
1,66,arima_112,1,"(1, 1, 2)","(0, 0, 0, 0)",0.10913333366430046
1,66,arima_112,2,"(1, 1, 2)","(0, 0, 0, 0)",0.11793150684409134
1,66,arima_112,3,"(1, 1, 2)","(0, 0, 0, 0)",0.10325061150913922
1,66,arima_112,4,"(1, 1, 2)","(0, 0, 0, 0)",0.20371542896912745
1,66,sarima_112_100_5,1,"(1, 1, 2)","(1, 0, 0, 5)",0.1092840069735722
1,66,sarima_112_100_5,2,"(1, 1, 2)","(1, 0, 0, 5)",0.12030862770306586
1,66,sarima_112_100_5,3,"(1, 1, 2)","(1, 0, 0, 5)",0.10803536515017766
1,66,sarima_112_100_5,4,"(1, 1, 2)","(1, 0, 0, 5)",0.13599343865331737
2,66,arima_111,1,"(1, 1, 1)","(0, 0, 0, 0)",0.34790677048477886
2,66,arima_111,2,"(1, 1, 1)","(0, 0, 0, 0)",0.25208503806761373
2,66,arima_111,3,"(1, 1, 1)","(0, 0, 0, 0)",0.08633436557519547
2,66,arima_111,4,"(1, 1, 1)","(0, 0, 0, 0)",0.15873333577357324
3,66,arima_111,1,"(1, 1, 1)","(0, 0, 0, 0)",0.09700064834521369
3,66,arima_111,2,"(1, 1, 1)","(0, 0, 0, 0)",0.19126087492570887
3,66,arima_111,3,"(1, 1, 1)","(0, 0, 0, 0)",0.15645571082674947
3,66,arima_111,4,"(1, 1, 1)","(0, 0, 0, 0)",0.20891765835651213
3,66,sarima_111_002_5,1,"(1, 1, 1)","(0, 0, 2, 5)",0.09740568675622108
3,66,sarima_111_002_5,2,"(1, 1, 1)","(0, 0, 2, 5)",0.19279651807542714
3,66,sarima_111_002_5,3,"(1, 1, 1)","(0, 0, 2, 5)",0.15660407324131084
3,66,sarima_111_002_5,4,"(1, 1, 1)","(0, 0, 2, 5)",0.209047569500538
4,66,arima_011,1,"(0, 1, 1)","(0, 0, 0, 0)",0.12166176441642709
4,66,arima_011,2,"(0, 1, 1)","(0, 0, 0, 0)",0.2186701586978894
4,66,arima_011,3,"(0, 1, 1)","(0, 0, 0, 0)",0.13400640134597505
4,66,arima_011,4,"(0, 1, 1)","(0, 0, 0, 0)",0.1930076179607554
4,66,arima_012,1,"(0, 1, 2)","(0, 0, 0, 0)",0.12051928304185018
4,66,arima_012,2,"(0, 1, 2)","(0, 0, 0, 0)",0.2224840380345653
4,66,arima_012,3,"(0, 1, 2)","(0, 0, 0, 0)",0.1342817659164489
4,66,arima_012,4,"(0, 1, 2)","(0, 0, 0, 0)",0.19165523319313113
5,66,arima_102,1,"(1, 0, 2)","(0, 0, 0, 0)",0.13865615449874563
5,66,arima_102,2,"(1, 0, 2)","(0, 0, 0, 0)",0.15348156357687237
5,66,arima_102,3,"(1, 0, 2)","(0, 0, 0, 0)",0.08725244873272119
5,66,arima_102,4,"(1, 0, 2)","(0, 0, 0, 0)",0.08825412598908546
5,66,arima_202,1,"(2, 0, 2)","(0, 0, 0, 0)",0.14025875552806558
5,66,arima_202,2,"(2, 0, 2)","(0, 0, 0, 0)",0.15304889386139106
5,66,arima_202,3,"(2, 0, 2)","(0, 0, 0, 0)",0.08706146671419486
5,66,arima_202,4,"(2, 0, 2)","(0, 0, 0, 0)",0.08899732900308527
5,66,arima_400,1,"(4, 0, 0)","(0, 0, 0, 0)",0.221103552171113
5,66,arima_400,2,"(4, 0, 0)","(0, 0, 0, 0)",0.19092635494639382
5,66,arima_400,3,"(4, 0, 0)","(0, 0, 0, 0)",0.11666758093924366
5,66,arima_400,4,"(4, 0, 0)","(0, 0, 0, 0)",0.18138103767067765
5,66,sarima_002_100_5,1,"(0, 0, 2)","(1, 0, 0, 5)",0.3555176069730691
5,66,sarima_002_100_5,2,"(0, 0, 2)","(1, 0, 0, 5)",0.29043948469899955
5,66,sarima_002_100_5,3,"(0, 0, 2)","(1, 0, 0, 5)",0.21818872322425878
5,66,sarima_002_100_5,4,"(0, 0, 2)","(1, 0, 0, 5)",0.28899586332629346
5,66,sarima_100_100_5,1,"(1, 0, 0)","(1, 0, 0, 5)",0.8248041579661824
5,66,sarima_100_100_5,2,"(1, 0, 0)","(1, 0, 0, 5)",0.636674812280963
5,66,sarima_100_100_5,3,"(1, 0, 0)","(1, 0, 0, 5)",0.7239797771159556
5,66,sarima_100_100_5,4,"(1, 0, 0)","(1, 0, 0, 5)",0.7980412939526977
6,66,arima_011,1,"(0, 1, 1)","(0, 0, 0, 0)",0.1762529318183382
6,66,arima_011,2,"(0, 1, 1)","(0, 0, 0, 0)",0.14198377161133321
6,66,arima_011,3,"(0, 1, 1)","(0, 0, 0, 0)",0.11685396767799346
6,66,arima_011,4,"(0, 1, 1)","(0, 0, 0, 0)",0.10211496466454581
6,66,arima_211,1,"(2, 1, 1)","(0, 0, 0, 0)",0.17895794376878657
6,66,arima_211,2,"(2, 1, 1)","(0, 0, 0, 0)",0.14208332887702965
6,66,arima_211,3,"(2, 1, 1)","(0, 0, 0, 0)",0.11935339432564598
6,66,arima_211,4,"(2, 1, 1)","(0, 0, 0, 0)",0.10221104927145624
6,66,sarima_011_200_5,1,"(0, 1, 1)","(2, 0, 0, 5)",0.17642149767489268
6,66,sarima_011_200_5,2,"(0, 1, 1)","(2, 0, 0, 5)",0.14222731119208964
6,66,sarima_011_200_5,3,"(0, 1, 1)","(2, 0, 0, 5)",0.11670051665518942
6,66,sarima_011_200_5,4,"(0, 1, 1)","(2, 0, 0, 5)",0.102395746980445
7,66,arima_011,1,"(0, 1, 1)","(0, 0, 0, 0)",0.3253354602876625
7,66,arima_011,2,"(0, 1, 1)","(0, 0, 0, 0)",0.2490244672595963
7,66,arima_011,3,"(0, 1, 1)","(0, 0, 0, 0)",0.27238317992745525
7,66,arima_011,4,"(0, 1, 1)","(0, 0, 0, 0)",0.30087396575246833
7,66,arima_012,1,"(0, 1, 2)","(0, 0, 0, 0)",0.32490302441560326
7,66,arima_012,2,"(0, 1, 2)","(0, 0, 0, 0)",0.24966262309623366
7,66,arima_012,3,"(0, 1, 2)","(0, 0, 0, 0)",0.27210495740504553
7,66,arima_012,4,"(0, 1, 2)","(0, 0, 0, 0)",0.303758884653975
7,66,arima_112,1,"(1, 1, 2)","(0, 0, 0, 0)",0.3256941326782236
7,66,arima_112,2,"(1, 1, 2)","(0, 0, 0, 0)",0.24985101024853676
7,66,arima_112,3,"(1, 1, 2)","(0, 0, 0, 0)",0.2724033219960566
7,66,arima_112,4,"(1, 1, 2)","(0, 0, 0, 0)",0.301925546784978
7,66,sarima_011_100_5,1,"(0, 1, 1)","(1, 0, 0, 5)",0.31493147931218013
7,66,sarima_011_100_5,2,"(0, 1, 1)","(1, 0, 0, 5)",0.24829127654836422
7,66,sarima_011_100_5,3,"(0, 1, 1)","(1, 0, 0, 5)",0.2709964286997965
7,66,sarima_011_100_5,4,"(0, 1, 1)","(1, 0, 0, 5)",0.30147146455651913
8,66,arima_011,1,"(0, 1, 1)","(0, 0, 0, 0)",0.33915549338095125
8,66,arima_011,2,"(0, 1, 1)","(0, 0, 0, 0)",0.2716182774018066
8,66,arima_011,3,"(0, 1, 1)","(0, 0, 0, 0)",0.19972309228708937
8,66,arima_011,4,"(0, 1, 1)","(0, 0, 0, 0)",0.14769121989392647
8,66,arima_111,1,"(1, 1, 1)","(0, 0, 0, 0)",0.32150175912822815
8,66,arima_111,2,"(1, 1, 1)","(0, 0, 0, 0)",0.27214277153252775
8,66,arima_111,3,"(1, 1, 1)","(0, 0, 0, 0)",0.19970375959368727
8,66,arima_111,4,"(1, 1, 1)","(0, 0, 0, 0)",0.14522899768116765
8,66,arima_113,1,"(1, 1, 3)","(0, 0, 0, 0)",0.31932725702147197
8,66,arima_113,2,"(1, 1, 3)","(0, 0, 0, 0)",0.27221871552387195
8,66,arima_113,3,"(1, 1, 3)","(0, 0, 0, 0)",0.19912962068379023
8,66,arima_113,4,"(1, 1, 3)","(0, 0, 0, 0)",0.14414883292063915
8,66,sarima_011_001_5,1,"(0, 1, 1)","(0, 0, 1, 5)",0.3354082746067054
8,66,sarima_011_001_5,2,"(0, 1, 1)","(0, 0, 1, 5)",0.2720789519661573
8,66,sarima_011_001_5,3,"(0, 1, 1)","(0, 0, 1, 5)",0.19794863409755867
8,66,sarima_011_001_5,4,"(0, 1, 1)","(0, 0, 1, 5)",0.14724836999459553
9,66,arima_011,1,"(0, 1, 1)","(0, 0, 0, 0)",0.4102930607602761
9,66,arima_011,2,"(0, 1, 1)","(0, 0, 0, 0)",0.41930915992436785
9,66,arima_011,3,"(0, 1, 1)","(0, 0, 0, 0)",0.24440899346226966
9,66,arima_011,4,"(0, 1, 1)","(0, 0, 0, 0)",0.10918662971880891
9,66,arima_013,1,"(0, 1, 3)","(0, 0, 0, 0)",0.41119421086984376
9,66,arima_013,2,"(0, 1, 3)","(0, 0, 0, 0)",0.4170647712905099
9,66,arima_013,3,"(0, 1, 3)","(0, 0, 0, 0)",0.24676928438512763
9,66,arima_013,4,"(0, 1, 3)","(0, 0, 0, 0)",0.10885680331937281
9,66,arima_211,1,"(2, 1, 1)","(0, 0, 0, 0)",0.411224374479059
9,66,arima_211,2,"(2, 1, 1)","(0, 0, 0, 0)",0.41750429494925323
9,66,arima_211,3,"(2, 1, 1)","(0, 0, 0, 0)",0.24754374809394775
9,66,arima_211,4,"(2, 1, 1)","(0, 0, 0, 0)",0.1088486753324249
9,66,arima_311,1,"(3, 1, 1)","(0, 0, 0, 0)",0.4039632566051035
9,66,arima_311,2,"(3, 1, 1)","(0, 0, 0, 0)",0.413999050106168
9,66,arima_311,3,"(3, 1, 1)","(0, 0, 0, 0)",0.2505626962583948
9,66,arima_311,4,"(3, 1, 1)","(0, 0, 0, 0)",0.10886201703518043
10,66,arima_012,1,"(0, 1, 2)","(0, 0, 0, 0)",0.17813245614359596
10,66,arima_012,2,"(0, 1, 2)","(0, 0, 0, 0)",0.17321268702230574
10,66,arima_012,3,"(0, 1, 2)","(0, 0, 0, 0)",0.10080291002063892
10,66,arima_012,4,"(0, 1, 2)","(0, 0, 0, 0)",0.10346400654698683
10,66,sarima_012_002_5,1,"(0, 1, 2)","(0, 0, 2, 5)",0.1748157018168428
10,66,sarima_012_002_5,2,"(0, 1, 2)","(0, 0, 2, 5)",0.172764184582942
10,66,sarima_012_002_5,3,"(0, 1, 2)","(0, 0, 2, 5)",0.09924337592188434
10,66,sarima_012_002_5,4,"(0, 1, 2)","(0, 0, 2, 5)",0.10318677660322682
11,66,arima_111,1,"(1, 1, 1)","(0, 0, 0, 0)",0.6288201815223121
11,66,arima_111,2,"(1, 1, 1)","(0, 0, 0, 0)",0.24101156456519418
11,66,arima_111,3,"(1, 1, 1)","(0, 0, 0, 0)",0.2041721196030808
11,66,arima_111,4,"(1, 1, 1)","(0, 0, 0, 0)",0.8533553572882506
11,66,sarima_111_001_5,1,"(1, 1, 1)","(0, 0, 1, 5)",0.6227848167429504
11,66,sarima_111_001_5,2,"(1, 1, 1)","(0, 0, 1, 5)",0.24411663567299655
11,66,sarima_111_001_5,3,"(1, 1, 1)","(0, 0, 1, 5)",0.20859499290166308
11,66,sarima_111_001_5,4,"(1, 1, 1)","(0, 0, 1, 5)",0.8554093645682014
11,66,sarima_112_001_5,1,"(1, 1, 2)","(0, 0, 1, 5)",0.6151050720886309
11,66,sarima_112_001_5,2,"(1, 1, 2)","(0, 0, 1, 5)",0.3100844756362765
11,66,sarima_112_001_5,3,"(1, 1, 2)","(0, 0, 1, 5)",0.1644831876522089
11,66,sarima_112_001_5,4,"(1, 1, 2)","(0, 0, 1, 5)",0.8222615394338174
11,66,sarima_112_100_5,1,"(1, 1, 2)","(1, 0, 0, 5)",0.5989323684694032
11,66,sarima_112_100_5,2,"(1, 1, 2)","(1, 0, 0, 5)",0.30807456656270277
11,66,sarima_112_100_5,3,"(1, 1, 2)","(1, 0, 0, 5)",0.1656584153666369
11,66,sarima_112_100_5,4,"(1, 1, 2)","(1, 0, 0, 5)",0.8225506706019139
12,66,arima_201,1,"(2, 0, 1)","(0, 0, 0, 0)",1.4480699410568891
12,66,arima_201,2,"(2, 0, 1)","(0, 0, 0, 0)",1.3462047771860919
12,66,arima_201,3,"(2, 0, 1)","(0, 0, 0, 0)",1.0767362146887047
12,66,arima_201,4,"(2, 0, 1)","(0, 0, 0, 0)",0.9843388215033221
12,66,arima_400,1,"(4, 0, 0)","(0, 0, 0, 0)",0.8399287575230484
12,66,arima_400,2,"(4, 0, 0)","(0, 0, 0, 0)",1.0303030303030303
12,66,arima_400,3,"(4, 0, 0)","(0, 0, 0, 0)",1.4613330071244828
12,66,arima_400,4,"(4, 0, 0)","(0, 0, 0, 0)",1.293312990483961
12,66,arima_500,1,"(5, 0, 0)","(0, 0, 0, 0)",0.9461197421028148
12,66,arima_500,2,"(5, 0, 0)","(0, 0, 0, 0)",1.0303030303030303
12,66,arima_500,3,"(5, 0, 0)","(0, 0, 0, 0)",1.4599565828111025
12,66,arima_500,4,"(5, 0, 0)","(0, 0, 0, 0)",1.2814601661024885
13,66,arima_013,1,"(0, 1, 3)","(0, 0, 0, 0)",1.9309237410677151
13,66,arima_013,2,"(0, 1, 3)","(0, 0, 0, 0)",1.8103618183520267
13,66,arima_013,3,"(0, 1, 3)","(0, 0, 0, 0)",1.7560452042026589
13,66,arima_013,4,"(0, 1, 3)","(0, 0, 0, 0)",1.8882976637031574
13,66,arima_411,1,"(4, 1, 1)","(0, 0, 0, 0)",1.9316825113844285
13,66,arima_411,2,"(4, 1, 1)","(0, 0, 0, 0)",1.8039264888218463
13,66,arima_411,3,"(4, 1, 1)","(0, 0, 0, 0)",1.7526300117867264
13,66,arima_411,4,"(4, 1, 1)","(0, 0, 0, 0)",1.8913704206675073
13,66,sarima_113_002_5,1,"(1, 1, 3)","(0, 0, 2, 5)",1.932522878089798
13,66,sarima_113_002_5,2,"(1, 1, 3)","(0, 0, 2, 5)",1.8088490326263107
13,66,sarima_113_002_5,3,"(1, 1, 3)","(0, 0, 2, 5)",1.7549733616281622
13,66,sarima_113_002_5,4,"(1, 1, 3)","(0, 0, 2, 5)",1.8862621704188212
13,66,sarima_312_101_5,1,"(3, 1, 2)","(1, 0, 1, 5)",1.9316642124592993
13,66,sarima_312_101_5,2,"(3, 1, 2)","(1, 0, 1, 5)",1.8039295053896305
13,66,sarima_312_101_5,3,"(3, 1, 2)","(1, 0, 1, 5)",1.7538422589394347
13,66,sarima_312_101_5,4,"(3, 1, 2)","(1, 0, 1, 5)",1.8893103478431204
13,66,sarima_412_101_5,1,"(4, 1, 2)","(1, 0, 1, 5)",1.9324721004419974
13,66,sarima_412_101_5,2,"(4, 1, 2)","(1, 0, 1, 5)",1.804641874501505
13,66,sarima_412_101_5,3,"(4, 1, 2)","(1, 0, 1, 5)",1.7523136366409133
13,66,sarima_412_101_5,4,"(4, 1, 2)","(1, 0, 1, 5)",1.8901874273544685
1,132,arima_112,1,"(1, 1, 2)","(0, 0, 0, 0)",0.1252085688267237
1,132,arima_112,2,"(1, 1, 2)","(0, 0, 0, 0)",0.18574929932517037
1,132,sarima_112_100_5,1,"(1, 1, 2)","(1, 0, 0, 5)",0.13005244874689714
1,132,sarima_112_100_5,2,"(1, 1, 2)","(1, 0, 0, 5)",0.195577093142865
2,132,arima_111,1,"(1, 1, 1)","(0, 0, 0, 0)",0.261042153481326
2,132,arima_111,2,"(1, 1, 1)","(0, 0, 0, 0)",0.12272616265591856
3,132,arima_111,1,"(1, 1, 1)","(0, 0, 0, 0)",0.14973122516687687
3,132,arima_111,2,"(1, 1, 1)","(0, 0, 0, 0)",0.16230188461060369
3,132,sarima_111_002_5,1,"(1, 1, 1)","(0, 0, 2, 5)",0.1499679604542882
3,132,sarima_111_002_5,2,"(1, 1, 1)","(0, 0, 2, 5)",0.16253036706286747
4,132,arima_011,1,"(0, 1, 1)","(0, 0, 0, 0)",0.19302247650669876
4,132,arima_011,2,"(0, 1, 1)","(0, 0, 0, 0)",0.16013949092904897
4,132,arima_012,1,"(0, 1, 2)","(0, 0, 0, 0)",0.18634747029379675
4,132,arima_012,2,"(0, 1, 2)","(0, 0, 0, 0)",0.15957517694238954
5,132,arima_102,1,"(1, 0, 2)","(0, 0, 0, 0)",0.19931853128812502
5,132,arima_102,2,"(1, 0, 2)","(0, 0, 0, 0)",0.08033371194947253
5,132,arima_202,1,"(2, 0, 2)","(0, 0, 0, 0)",0.20092499921398066
5,132,arima_202,2,"(2, 0, 2)","(0, 0, 0, 0)",0.07994368640977607
5,132,arima_400,1,"(4, 0, 0)","(0, 0, 0, 0)",0.3488439525625699
5,132,arima_400,2,"(4, 0, 0)","(0, 0, 0, 0)",0.17732896534161857
5,132,sarima_002_100_5,1,"(0, 0, 2)","(1, 0, 0, 5)",0.5774779993649889
5,132,sarima_002_100_5,2,"(0, 0, 2)","(1, 0, 0, 5)",0.38158889888641634
5,132,sarima_100_100_5,1,"(1, 0, 0)","(1, 0, 0, 5)",1.2661916466959373
5,132,sarima_100_100_5,2,"(1, 0, 0)","(1, 0, 0, 5)",1.156054755410986
6,132,arima_011,1,"(0, 1, 1)","(0, 0, 0, 0)",0.21151305999742678
6,132,arima_011,2,"(0, 1, 1)","(0, 0, 0, 0)",0.11330077810432972
6,132,arima_211,1,"(2, 1, 1)","(0, 0, 0, 0)",0.21461047689560936
6,132,arima_211,2,"(2, 1, 1)","(0, 0, 0, 0)",0.11667480579581843
6,132,sarima_011_200_5,1,"(0, 1, 1)","(2, 0, 0, 5)",0.21162097449449438
6,132,sarima_011_200_5,2,"(0, 1, 1)","(2, 0, 0, 5)",0.11291066990822082
7,132,arima_011,1,"(0, 1, 1)","(0, 0, 0, 0)",0.3423717469732058
7,132,arima_011,2,"(0, 1, 1)","(0, 0, 0, 0)",0.36919756791541114
7,132,arima_012,1,"(0, 1, 2)","(0, 0, 0, 0)",0.3419714319314197
7,132,arima_012,2,"(0, 1, 2)","(0, 0, 0, 0)",0.368744494596068
7,132,arima_112,1,"(1, 1, 2)","(0, 0, 0, 0)",0.34274820722963045
7,132,arima_112,2,"(1, 1, 2)","(0, 0, 0, 0)",0.36921521997224505
7,132,sarima_011_100_5,1,"(0, 1, 1)","(1, 0, 0, 5)",0.332053862959928
7,132,sarima_011_100_5,2,"(0, 1, 1)","(1, 0, 0, 5)",0.36672607215743735
8,132,arima_011,1,"(0, 1, 1)","(0, 0, 0, 0)",0.4033570108920839
8,132,arima_011,2,"(0, 1, 1)","(0, 0, 0, 0)",0.19927443164659098
8,132,arima_111,1,"(1, 1, 1)","(0, 0, 0, 0)",0.3795603139420099
8,132,arima_111,2,"(1, 1, 1)","(0, 0, 0, 0)",0.19930286901412575
8,132,arima_113,1,"(1, 1, 3)","(0, 0, 0, 0)",0.3762542063651232
8,132,arima_113,2,"(1, 1, 3)","(0, 0, 0, 0)",0.19875826962394572
8,132,sarima_011_001_5,1,"(0, 1, 1)","(0, 0, 1, 5)",0.39861800271892733
8,132,sarima_011_001_5,2,"(0, 1, 1)","(0, 0, 1, 5)",0.19758731538400207
9,132,arima_011,1,"(0, 1, 1)","(0, 0, 0, 0)",0.39279605618147667
9,132,arima_011,2,"(0, 1, 1)","(0, 0, 0, 0)",0.21799491038590277
9,132,arima_013,1,"(0, 1, 3)","(0, 0, 0, 0)",0.3929833048024369
9,132,arima_013,2,"(0, 1, 3)","(0, 0, 0, 0)",0.22045810278946157
9,132,arima_211,1,"(2, 1, 1)","(0, 0, 0, 0)",0.39300462204705566
9,132,arima_211,2,"(2, 1, 1)","(0, 0, 0, 0)",0.221239222688259
9,132,arima_311,1,"(3, 1, 1)","(0, 0, 0, 0)",0.3852194230468208
9,132,arima_311,2,"(3, 1, 1)","(0, 0, 0, 0)",0.22442792505848433
10,132,arima_012,1,"(0, 1, 2)","(0, 0, 0, 0)",0.19355266042847163
10,132,arima_012,2,"(0, 1, 2)","(0, 0, 0, 0)",0.12025841316027625
10,132,sarima_012_002_5,1,"(0, 1, 2)","(0, 0, 2, 5)",0.19073924836191242
10,132,sarima_012_002_5,2,"(0, 1, 2)","(0, 0, 2, 5)",0.11857950871432042
11,132,arima_111,1,"(1, 1, 1)","(0, 0, 0, 0)",0.3902912614822392
11,132,arima_111,2,"(1, 1, 1)","(0, 0, 0, 0)",0.5324558171592353
11,132,sarima_111_001_5,1,"(1, 1, 1)","(0, 0, 1, 5)",0.38660445583900943
11,132,sarima_111_001_5,2,"(1, 1, 1)","(0, 0, 1, 5)",0.5362134147682502
11,132,sarima_112_001_5,1,"(1, 1, 2)","(0, 0, 1, 5)",0.38212765740817634
11,132,sarima_112_001_5,2,"(1, 1, 2)","(0, 0, 1, 5)",0.49613829123901965
11,132,sarima_112_100_5,1,"(1, 1, 2)","(1, 0, 0, 5)",0.37372874000236617
11,132,sarima_112_100_5,2,"(1, 1, 2)","(1, 0, 0, 5)",0.49726358311057006
12,132,arima_201,1,"(2, 0, 1)","(0, 0, 0, 0)",1.4259940657244674
12,132,arima_201,2,"(2, 0, 1)","(0, 0, 0, 0)",1.0445698298588693
12,132,arima_400,1,"(4, 0, 0)","(0, 0, 0, 0)",0.9404032906453039
12,132,arima_400,2,"(4, 0, 0)","(0, 0, 0, 0)",1.4081741115302986
12,132,arima_500,1,"(5, 0, 0)","(0, 0, 0, 0)",0.9984855359152552
12,132,arima_500,2,"(5, 0, 0)","(0, 0, 0, 0)",1.4086144592543182
13,132,arima_013,1,"(0, 1, 3)","(0, 0, 0, 0)",1.8340532237006775
13,132,arima_013,2,"(0, 1, 3)","(0, 0, 0, 0)",1.8324519409509326
13,132,arima_411,1,"(4, 1, 1)","(0, 0, 0, 0)",1.8354099130857229
13,132,arima_411,2,"(4, 1, 1)","(0, 0, 0, 0)",1.8319073342093428
13,132,sarima_113_002_5,1,"(1, 1, 3)","(0, 0, 2, 5)",1.836936730061017
13,132,sarima_113_002_5,2,"(1, 1, 3)","(0, 0, 2, 5)",1.8318319179878098
13,132,sarima_312_101_5,1,"(3, 1, 2)","(1, 0, 1, 5)",1.8354124268447067
13,132,sarima_312_101_5,2,"(3, 1, 2)","(1, 0, 1, 5)",1.8319851487496432
13,132,sarima_412_101_5,1,"(4, 1, 2)","(1, 0, 1, 5)",1.8368339283080524
13,132,sarima_412_101_5,2,"(4, 1, 2)","(1, 0, 1, 5)",1.8317751746018076
