horizon,material,model,fold,train_end,test_start,test_end,n_test,n_observed,smape
10,1,naive,1,2023-12-27,2023-12-28,2024-01-10,10,9,0.1257788651650627
10,1,naive,2,2024-01-10,2024-01-11,2024-01-24,10,10,0.17095388982832715
10,1,naive,3,2024-01-24,2024-01-25,2024-02-07,10,10,0.18005375667343715
10,1,naive,4,2024-02-07,2024-02-08,2024-02-21,10,6,0.092236235430702
10,1,naive,5,2024-02-21,2024-02-22,2024-03-06,10,10,0.11766017436401835
10,1,naive,6,2024-03-06,2024-03-07,2024-03-20,10,10,0.08210209393216
10,1,naive,7,2024-03-20,2024-03-21,2024-04-03,10,10,0.18968797283682282
10,1,naive,8,2024-04-03,2024-04-04,2024-04-17,10,10,0.1798390598943372
10,1,naive,9,2024-04-17,2024-04-18,2024-05-01,10,10,0.27372899311896803
10,1,naive,10,2024-05-01,2024-05-02,2024-05-15,10,10,0.403385525650376
10,1,naive,11,2024-05-15,2024-05-16,2024-05-29,10,10,0.15811923102021952
10,1,naive,12,2024-05-29,2024-05-30,2024-06-12,10,10,0.1736017437354389
10,1,naive,13,2024-06-12,2024-06-13,2024-06-26,10,10,0.22178563168665433
10,1,naive,14,2024-06-26,2024-06-27,2024-07-10,10,10,0.10629657186683868
10,1,naive,15,2024-07-10,2024-07-11,2024-07-24,10,10,0.08041975402350487
10,1,naive,16,2024-07-24,2024-07-25,2024-08-07,10,10,0.09552775744822274
10,1,naive,17,2024-08-07,2024-08-08,2024-08-21,10,10,0.11131513600308914
10,1,naive,18,2024-08-21,2024-08-22,2024-09-04,10,10,0.07067294985021844
10,1,naive,19,2024-09-04,2024-09-05,2024-09-18,10,10,0.09963842008654791
10,1,naive,20,2024-09-18,2024-09-19,2024-10-02,10,10,0.09240521694453244
10,1,naive,21,2024-10-02,2024-10-03,2024-10-16,10,10,0.07950068538688605
10,1,naive,22,2024-10-16,2024-10-17,2024-10-30,10,10,0.08674398899451105
10,1,naive,23,2024-10-30,2024-10-31,2024-11-13,10,10,0.07739838910874211
10,1,naive,24,2024-11-13,2024-11-14,2024-11-27,10,10,0.10072602732200896
10,1,naive,25,2024-11-27,2024-11-28,2024-12-11,10,10,0.08923820877389987
10,1,naive,26,2024-12-11,2024-12-12,2024-12-25,10,9,0.09076857758606842
10,1,naive,27,2024-12-25,2024-12-26,2024-12-31,4,4,0.11348203035453319
10,2,naive,1,2023-12-27,2023-12-28,2024-01-10,10,9,2.0
10,2,naive,2,2024-01-10,2024-01-11,2024-01-24,10,10,0.2085428702456712
10,2,naive,3,2024-01-24,2024-01-25,2024-02-07,10,10,0.10293193197231354
10,2,naive,4,2024-02-07,2024-02-08,2024-02-21,10,6,0.08408561505858711
10,2,naive,5,2024-02-21,2024-02-22,2024-03-06,10,10,0.12101143141999447
10,2,naive,6,2024-03-06,2024-03-07,2024-03-20,10,10,0.04865934067289643
10,2,naive,7,2024-03-20,2024-03-21,2024-04-03,10,10,0.22333794130395757
10,2,naive,8,2024-04-03,2024-04-04,2024-04-17,10,10,0.1989717603166568
10,2,naive,9,2024-04-17,2024-04-18,2024-05-01,10,10,0.29671500809913354
10,2,naive,10,2024-05-01,2024-05-02,2024-05-15,10,10,0.2181535242255094
10,2,naive,11,2024-05-15,2024-05-16,2024-05-29,10,10,0.18439387637869997
10,2,naive,12,2024-05-29,2024-05-30,2024-06-12,10,10,0.22780469093039812
10,2,naive,13,2024-06-12,2024-06-13,2024-06-26,10,10,0.12840649951207572
10,2,naive,14,2024-06-26,2024-06-27,2024-07-10,10,10,0.23314920005708353
10,2,naive,15,2024-07-10,2024-07-11,2024-07-24,10,10,0.16211370927538726
10,2,naive,16,2024-07-24,2024-07-25,2024-08-07,10,10,0.09634195526867631
10,2,naive,17,2024-08-07,2024-08-08,2024-08-21,10,10,0.19066180539877198
10,2,naive,18,2024-08-21,2024-08-22,2024-09-04,10,10,0.0924760947161812
10,2,naive,19,2024-09-04,2024-09-05,2024-09-18,10,10,0.057528610803008765
10,2,naive,20,2024-09-18,2024-09-19,2024-10-02,10,10,0.09285643799930032
10,2,naive,21,2024-10-02,2024-10-03,2024-10-16,10,10,0.22121727619160542
10,2,naive,22,2024-10-16,2024-10-17,2024-10-30,10,10,0.12622692278293443
10,2,naive,23,2024-10-30,2024-10-31,2024-11-13,10,10,0.11704265193221719
10,2,naive,24,2024-11-13,2024-11-14,2024-11-27,10,10,0.15819012832979956
10,2,naive,25,2024-11-27,2024-11-28,2024-12-11,10,10,0.1144371521051524
10,2,naive,26,2024-12-11,2024-12-12,2024-12-25,10,9,0.08307302861093008
10,2,naive,27,2024-12-25,2024-12-26,2024-12-31,4,4,0.13214616177424165
10,3,naive,1,2023-12-27,2023-12-28,2024-01-10,10,9,0.14307417947626838
10,3,naive,2,2024-01-10,2024-01-11,2024-01-24,10,10,0.21011855281729397
10,3,naive,3,2024-01-24,2024-01-25,2024-02-07,10,10,0.10037356481985367
10,3,naive,4,2024-02-07,2024-02-08,2024-02-21,10,6,0.12295304878618192
10,3,naive,5,2024-02-21,2024-02-22,2024-03-06,10,10,0.06103164774114578
10,3,naive,6,2024-03-06,2024-03-07,2024-03-20,10,10,0.1065918922288996
10,3,naive,7,2024-03-20,2024-03-21,2024-04-03,10,10,0.13871497949875508
10,3,naive,8,2024-04-03,2024-04-04,2024-04-17,10,10,0.09532892902922985
10,3,naive,9,2024-04-17,2024-04-18,2024-05-01,10,10,0.42814932928004357
10,3,naive,10,2024-05-01,2024-05-02,2024-05-15,10,10,0.1419875781695495
10,3,naive,11,2024-05-15,2024-05-16,2024-05-29,10,10,0.3267396892448189
10,3,naive,12,2024-05-29,2024-05-30,2024-06-12,10,10,0.12611734040086545
10,3,naive,13,2024-06-12,2024-06-13,2024-06-26,10,10,0.11117592258861558
10,3,naive,14,2024-06-26,2024-06-27,2024-07-10,10,10,0.11000764977395659
10,3,naive,15,2024-07-10,2024-07-11,2024-07-24,10,10,0.1679185496795598
10,3,naive,16,2024-07-24,2024-07-25,2024-08-07,10,10,0.21923230512444017
10,3,naive,17,2024-08-07,2024-08-08,2024-08-21,10,10,0.37490888730542504
10,3,naive,18,2024-08-21,2024-08-22,2024-09-04,10,10,0.21368359944640056
10,3,naive,19,2024-09-04,2024-09-05,2024-09-18,10,10,0.13353072141918287
10,3,naive,20,2024-09-18,2024-09-19,2024-10-02,10,10,0.08842732866355257
10,3,naive,21,2024-10-02,2024-10-03,2024-10-16,10,10,0.1269070377897354
10,3,naive,22,2024-10-16,2024-10-17,2024-10-30,10,10,0.09970001123999257
10,3,naive,23,2024-10-30,2024-10-31,2024-11-13,10,10,0.08009516923215994
10,3,naive,24,2024-11-13,2024-11-14,2024-11-27,10,10,0.11980721798322813
10,3,naive,25,2024-11-27,2024-11-28,2024-12-11,10,10,0.3707985781672281
10,3,naive,26,2024-12-11,2024-12-12,2024-12-25,10,9,0.0775079150610722
10,3,naive,27,2024-12-25,2024-12-26,2024-12-31,4,4,0.5814472352253873
10,4,naive,1,2023-12-27,2023-12-28,2024-01-10,10,9,2.0
10,4,naive,2,2024-01-10,2024-01-11,2024-01-24,10,10,0.1551671547790523
10,4,naive,3,2024-01-24,2024-01-25,2024-02-07,10,10,0.10384739629095417
10,4,naive,4,2024-02-07,2024-02-08,2024-02-21,10,6,0.1476330086308764
10,4,naive,5,2024-02-21,2024-02-22,2024-03-06,10,10,0.3452937808995523
10,4,naive,6,2024-03-06,2024-03-07,2024-03-20,10,10,0.05304087304107278
10,4,naive,7,2024-03-20,2024-03-21,2024-04-03,10,10,0.17668765939489992
10,4,naive,8,2024-04-03,2024-04-04,2024-04-17,10,10,0.15141566060543168
10,4,naive,9,2024-04-17,2024-04-18,2024-05-01,10,10,0.20668446992285935
10,4,naive,10,2024-05-01,2024-05-02,2024-05-15,10,10,0.232663640304245
10,4,naive,11,2024-05-15,2024-05-16,2024-05-29,10,10,0.20948024548919536
10,4,naive,12,2024-05-29,2024-05-30,2024-06-12,10,10,0.2220196170780406
10,4,naive,13,2024-06-12,2024-06-13,2024-06-26,10,10,0.20775676488074635
10,4,naive,14,2024-06-26,2024-06-27,2024-07-10,10,10,0.12454794091422056
10,4,naive,15,2024-07-10,2024-07-11,2024-07-24,10,10,0.15913217353380146
10,4,naive,16,2024-07-24,2024-07-25,2024-08-07,10,10,0.17965346616785421
10,4,naive,17,2024-08-07,2024-08-08,2024-08-21,10,10,0.23010233167773855
10,4,naive,18,2024-08-21,2024-08-22,2024-09-04,10,10,0.1615649079780966
10,4,naive,19,2024-09-04,2024-09-05,2024-09-18,10,10,0.12302601187468323
10,4,naive,20,2024-09-18,2024-09-19,2024-10-02,10,10,0.09713295695811763
10,4,naive,21,2024-10-02,2024-10-03,2024-10-16,10,10,0.09438225702527506
10,4,naive,22,2024-10-16,2024-10-17,2024-10-30,10,10,0.2910184689506545
10,4,naive,23,2024-10-30,2024-10-31,2024-11-13,10,10,0.2042857282995065
10,4,naive,24,2024-11-13,2024-11-14,2024-11-27,10,10,0.19677619255803666
10,4,naive,25,2024-11-27,2024-11-28,2024-12-11,10,10,0.10999772716674186
10,4,naive,26,2024-12-11,2024-12-12,2024-12-25,10,9,0.12380606904785121
10,4,naive,27,2024-12-25,2024-12-26,2024-12-31,4,4,0.5790509085166018
10,5,naive,1,2023-12-27,2023-12-28,2024-01-10,10,9,0.08175018089613607
10,5,naive,2,2024-01-10,2024-01-11,2024-01-24,10,10,0.14216388147417514
10,5,naive,3,2024-01-24,2024-01-25,2024-02-07,10,10,0.13791201705403752
10,5,naive,4,2024-02-07,2024-02-08,2024-02-21,10,6,0.06071375466422905
10,5,naive,5,2024-02-21,2024-02-22,2024-03-06,10,10,0.1526834135554005
10,5,naive,6,2024-03-06,2024-03-07,2024-03-20,10,10,0.08773224935697972
10,5,naive,7,2024-03-20,2024-03-21,2024-04-03,10,10,0.1531766891153273
10,5,naive,8,2024-04-03,2024-04-04,2024-04-17,10,10,0.1664321699916972
10,5,naive,9,2024-04-17,2024-04-18,2024-05-01,10,10,0.1897116515851721
10,5,naive,10,2024-05-01,2024-05-02,2024-05-15,10,10,0.23932162649844418
10,5,naive,11,2024-05-15,2024-05-16,2024-05-29,10,10,0.24628339844671482
10,5,naive,12,2024-05-29,2024-05-30,2024-06-12,10,10,0.08495600591597152
10,5,naive,13,2024-06-12,2024-06-13,2024-06-26,10,10,0.13890503712534025
10,5,naive,14,2024-06-26,2024-06-27,2024-07-10,10,10,0.08929136738155063
10,5,naive,15,2024-07-10,2024-07-11,2024-07-24,10,10,0.17933256875154047
10,5,naive,16,2024-07-24,2024-07-25,2024-08-07,10,10,0.11262752644856343
10,5,naive,17,2024-08-07,2024-08-08,2024-08-21,10,10,0.13084888021943977
10,5,naive,18,2024-08-21,2024-08-22,2024-09-04,10,10,0.09802951353537447
10,5,naive,19,2024-09-04,2024-09-05,2024-09-18,10,10,0.05687516566162583
10,5,naive,20,2024-09-18,2024-09-19,2024-10-02,10,10,0.0552602742018801
10,5,naive,21,2024-10-02,2024-10-03,2024-10-16,10,10,0.16950559331262952
10,5,naive,22,2024-10-16,2024-10-17,2024-10-30,10,10,0.037686405495167434
10,5,naive,23,2024-10-30,2024-10-31,2024-11-13,10,10,0.08566257065071461
10,5,naive,24,2024-11-13,2024-11-14,2024-11-27,10,10,0.10568307533014742
10,5,naive,25,2024-11-27,2024-11-28,2024-12-11,10,10,0.0779682619635951
10,5,naive,26,2024-12-11,2024-12-12,2024-12-25,10,9,0.05010796962814117
10,5,naive,27,2024-12-25,2024-12-26,2024-12-31,4,4,0.14778438076521627
10,6,naive,1,2023-12-27,2023-12-28,2024-01-10,10,9,0.0848887148007359
10,6,naive,2,2024-01-10,2024-01-11,2024-01-24,10,10,0.1766647440276362
10,6,naive,3,2024-01-24,2024-01-25,2024-02-07,10,10,0.13908921805675087
10,6,naive,4,2024-02-07,2024-02-08,2024-02-21,10,6,0.11797839468346423
10,6,naive,5,2024-02-21,2024-02-22,2024-03-06,10,10,0.29695917957897117
10,6,naive,6,2024-03-06,2024-03-07,2024-03-20,10,10,0.12653061397739257
10,6,naive,7,2024-03-20,2024-03-21,2024-04-03,10,10,0.15199941722339722
10,6,naive,8,2024-04-03,2024-04-04,2024-04-17,10,10,0.06910533815979414
10,6,naive,9,2024-04-17,2024-04-18,2024-05-01,10,10,0.24895156298219626
10,6,naive,10,2024-05-01,2024-05-02,2024-05-15,10,10,0.13519390295571393
10,6,naive,11,2024-05-15,2024-05-16,2024-05-29,10,10,0.26410778728081014
10,6,naive,12,2024-05-29,2024-05-30,2024-06-12,10,10,0.09244824152935305
10,6,naive,13,2024-06-12,2024-06-13,2024-06-26,10,10,0.1663219959758434
10,6,naive,14,2024-06-26,2024-06-27,2024-07-10,10,10,0.125894779216796
10,6,naive,15,2024-07-10,2024-07-11,2024-07-24,10,10,0.13405760426135713
10,6,naive,16,2024-07-24,2024-07-25,2024-08-07,10,10,0.1354498158990134
10,6,naive,17,2024-08-07,2024-08-08,2024-08-21,10,10,0.12572384287514926
10,6,naive,18,2024-08-21,2024-08-22,2024-09-04,10,10,0.18660200366068494
10,6,naive,19,2024-09-04,2024-09-05,2024-09-18,10,10,0.06410474370096447
10,6,naive,20,2024-09-18,2024-09-19,2024-10-02,10,10,0.11726466542299824
10,6,naive,21,2024-10-02,2024-10-03,2024-10-16,10,10,0.0892559676341568
10,6,naive,22,2024-10-16,2024-10-17,2024-10-30,10,10,0.09620280586571615
10,6,naive,23,2024-10-30,2024-10-31,2024-11-13,10,10,0.09711732860134736
10,6,naive,24,2024-11-13,2024-11-14,2024-11-27,10,10,0.060801675066292665
10,6,naive,25,2024-11-27,2024-11-28,2024-12-11,10,10,0.1653296637051398
10,6,naive,26,2024-12-11,2024-12-12,2024-12-25,10,9,0.10368733496900116
10,6,naive,27,2024-12-25,2024-12-26,2024-12-31,4,4,0.18005493588667315
10,7,naive,1,2023-12-27,2023-12-28,2024-01-10,10,9,2.0
10,7,naive,2,2024-01-10,2024-01-11,2024-01-24,10,10,0.330434414381234
10,7,naive,3,2024-01-24,2024-01-25,2024-02-07,10,10,0.26827097443171266
10,7,naive,4,2024-02-07,2024-02-08,2024-02-21,10,6,0.1895523471388189
10,7,naive,5,2024-02-21,2024-02-22,2024-03-06,10,10,0.3627075117610642
10,7,naive,6,2024-03-06,2024-03-07,2024-03-20,10,10,0.21749783372143794
10,7,naive,7,2024-03-20,2024-03-21,2024-04-03,10,10,0.2712660671520706
10,7,naive,8,2024-04-03,2024-04-04,2024-04-17,10,10,0.21233460873725707
10,7,naive,9,2024-04-17,2024-04-18,2024-05-01,10,10,0.3141680078130813
10,7,naive,10,2024-05-01,2024-05-02,2024-05-15,10,10,0.18073340983582886
10,7,naive,11,2024-05-15,2024-05-16,2024-05-29,10,10,0.35561635418859877
10,7,naive,12,2024-05-29,2024-05-30,2024-06-12,10,10,0.22247146681435642
10,7,naive,13,2024-06-12,2024-06-13,2024-06-26,10,10,0.16040267585508383
10,7,naive,14,2024-06-26,2024-06-27,2024-07-10,10,10,0.16780457355706802
10,7,naive,15,2024-07-10,2024-07-11,2024-07-24,10,10,0.30407110665378306
10,7,naive,16,2024-07-24,2024-07-25,2024-08-07,10,10,0.296863079209157
10,7,naive,17,2024-08-07,2024-08-08,2024-08-21,10,10,0.4003618111000935
10,7,naive,18,2024-08-21,2024-08-22,2024-09-04,10,10,0.282345133621896
10,7,naive,19,2024-09-04,2024-09-05,2024-09-18,10,10,0.3263089068780107
10,7,naive,20,2024-09-18,2024-09-19,2024-10-02,10,10,0.25446719168388116
10,7,naive,21,2024-10-02,2024-10-03,2024-10-16,10,10,0.2737014366392787
10,7,naive,22,2024-10-16,2024-10-17,2024-10-30,10,10,0.28786808412798365
10,7,naive,23,2024-10-30,2024-10-31,2024-11-13,10,10,0.36752924658775427
10,7,naive,24,2024-11-13,2024-11-14,2024-11-27,10,10,0.17889588790727806
10,7,naive,25,2024-11-27,2024-11-28,2024-12-11,10,10,0.16104438049146524
10,7,naive,26,2024-12-11,2024-12-12,2024-12-25,10,9,0.18376143969870534
10,7,naive,27,2024-12-25,2024-12-26,2024-12-31,4,4,0.7908400498000967
10,8,naive,1,2023-12-27,2023-12-28,2024-01-10,10,9,0.8667559001253714
10,8,naive,2,2024-01-10,2024-01-11,2024-01-24,10,10,0.3729547622513193
10,8,naive,3,2024-01-24,2024-01-25,2024-02-07,10,10,0.22711707429462297
10,8,naive,4,2024-02-07,2024-02-08,2024-02-21,10,6,0.27582107223114255
10,8,naive,5,2024-02-21,2024-02-22,2024-03-06,10,10,0.12656157496830753
10,8,naive,6,2024-03-06,2024-03-07,2024-03-20,10,10,0.11314411771676702
10,8,naive,7,2024-03-20,2024-03-21,2024-04-03,10,10,0.2692166165248778
10,8,naive,8,2024-04-03,2024-04-04,2024-04-17,10,10,0.2599640774255073
10,8,naive,9,2024-04-17,2024-04-18,2024-05-01,10,10,0.20419598520936866
10,8,naive,10,2024-05-01,2024-05-02,2024-05-15,10,10,0.19299518261099916
10,8,naive,11,2024-05-15,2024-05-16,2024-05-29,10,10,0.36906310492785793
10,8,naive,12,2024-05-29,2024-05-30,2024-06-12,10,10,0.15561315928554287
10,8,naive,13,2024-06-12,2024-06-13,2024-06-26,10,10,0.10114682958568258
10,8,naive,14,2024-06-26,2024-06-27,2024-07-10,10,10,0.4018736024088496
10,8,naive,15,2024-07-10,2024-07-11,2024-07-24,10,10,0.10915316398115525
10,8,naive,16,2024-07-24,2024-07-25,2024-08-07,10,10,0.20066192771601188
10,8,naive,17,2024-08-07,2024-08-08,2024-08-21,10,10,0.20380109925765233
10,8,naive,18,2024-08-21,2024-08-22,2024-09-04,10,10,0.23306898857276367
10,8,naive,19,2024-09-04,2024-09-05,2024-09-18,10,10,0.083686896102846
10,8,naive,20,2024-09-18,2024-09-19,2024-10-02,10,10,0.2536944315388699
10,8,naive,21,2024-10-02,2024-10-03,2024-10-16,10,10,0.21243659816622326
10,8,naive,22,2024-10-16,2024-10-17,2024-10-30,10,10,0.07780518247126396
10,8,naive,23,2024-10-30,2024-10-31,2024-11-13,10,10,0.1378599283751544
10,8,naive,24,2024-11-13,2024-11-14,2024-11-27,10,10,0.1517266530337935
10,8,naive,25,2024-11-27,2024-11-28,2024-12-11,10,10,0.10897310202786917
10,8,naive,26,2024-12-11,2024-12-12,2024-12-25,10,9,0.14315268738401213
10,8,naive,27,2024-12-25,2024-12-26,2024-12-31,4,4,0.24556719341575944
10,9,naive,1,2023-12-27,2023-12-28,2024-01-10,10,9,2.0
10,9,naive,2,2024-01-10,2024-01-11,2024-01-24,10,10,0.0863555605732707
10,9,naive,3,2024-01-24,2024-01-25,2024-02-07,10,10,0.2768607844713448
10,9,naive,4,2024-02-07,2024-02-08,2024-02-21,10,6,0.48991788227290045
10,9,naive,5,2024-02-21,2024-02-22,2024-03-06,10,10,0.0634300402896991
10,9,naive,6,2024-03-06,2024-03-07,2024-03-20,10,10,0.05570176057291474
10,9,naive,7,2024-03-20,2024-03-21,2024-04-03,10,10,0.3211044360765643
10,9,naive,8,2024-04-03,2024-04-04,2024-04-17,10,10,0.4120377756746681
10,9,naive,9,2024-04-17,2024-04-18,2024-05-01,10,10,0.42473247932963204
10,9,naive,10,2024-05-01,2024-05-02,2024-05-15,10,10,0.3277693948292347
10,9,naive,11,2024-05-15,2024-05-16,2024-05-29,10,10,0.4055271534910997
10,9,naive,12,2024-05-29,2024-05-30,2024-06-12,10,10,0.16569199901539897
10,9,naive,13,2024-06-12,2024-06-13,2024-06-26,10,10,0.17036709420964546
10,9,naive,14,2024-06-26,2024-06-27,2024-07-10,10,10,0.38990612107898115
10,9,naive,15,2024-07-10,2024-07-11,2024-07-24,10,10,0.5579755241199323
10,9,naive,16,2024-07-24,2024-07-25,2024-08-07,10,10,0.14695518503088434
10,9,naive,17,2024-08-07,2024-08-08,2024-08-21,10,10,0.14277553736951654
10,9,naive,18,2024-08-21,2024-08-22,2024-09-04,10,10,0.16520632078023206
10,9,naive,19,2024-09-04,2024-09-05,2024-09-18,10,10,0.18377847576854506
10,9,naive,20,2024-09-18,2024-09-19,2024-10-02,10,10,0.07160504428840563
10,9,naive,21,2024-10-02,2024-10-03,2024-10-16,10,10,0.2436660253899921
10,9,naive,22,2024-10-16,2024-10-17,2024-10-30,10,10,0.07557464293590932
10,9,naive,23,2024-10-30,2024-10-31,2024-11-13,10,10,0.12593864225196952
10,9,naive,24,2024-11-13,2024-11-14,2024-11-27,10,10,0.05464679377587555
10,9,naive,25,2024-11-27,2024-11-28,2024-12-11,10,10,0.07807445443992267
10,9,naive,26,2024-12-11,2024-12-12,2024-12-25,10,9,0.12060106674783089
10,9,naive,27,2024-12-25,2024-12-26,2024-12-31,4,4,0.2774853403179825
10,10,naive,1,2023-12-27,2023-12-28,2024-01-10,10,9,0.33498060337550994
10,10,naive,2,2024-01-10,2024-01-11,2024-01-24,10,10,0.11040102590450558
10,10,naive,3,2024-01-24,2024-01-25,2024-02-07,10,10,0.13226723755008843
10,10,naive,4,2024-02-07,2024-02-08,2024-02-21,10,6,0.10763970648884398
10,10,naive,5,2024-02-21,2024-02-22,2024-03-06,10,10,0.11143324581003289
10,10,naive,6,2024-03-06,2024-03-07,2024-03-20,10,10,0.2155394028844984
10,10,naive,7,2024-03-20,2024-03-21,2024-04-03,10,10,0.0857154527193018
10,10,naive,8,2024-04-03,2024-04-04,2024-04-17,10,10,0.1304814516615438
10,10,naive,9,2024-04-17,2024-04-18,2024-05-01,10,10,0.21673355815023543
10,10,naive,10,2024-05-01,2024-05-02,2024-05-15,10,10,0.12191274238322446
10,10,naive,11,2024-05-15,2024-05-16,2024-05-29,10,10,0.3610795335320042
10,10,naive,12,2024-05-29,2024-05-30,2024-06-12,10,10,0.26810339337547207
10,10,naive,13,2024-06-12,2024-06-13,2024-06-26,10,10,0.12237506725420944
10,10,naive,14,2024-06-26,2024-06-27,2024-07-10,10,10,0.06771584580276739
10,10,naive,15,2024-07-10,2024-07-11,2024-07-24,10,10,0.22446264416629638
10,10,naive,16,2024-07-24,2024-07-25,2024-08-07,10,10,0.09970061579026274
10,10,naive,17,2024-08-07,2024-08-08,2024-08-21,10,10,0.1400995233900963
10,10,naive,18,2024-08-21,2024-08-22,2024-09-04,10,10,0.07047224229052892
10,10,naive,19,2024-09-04,2024-09-05,2024-09-18,10,10,0.12194389591466737
10,10,naive,20,2024-09-18,2024-09-19,2024-10-02,10,10,0.05549688874022103
10,10,naive,21,2024-10-02,2024-10-03,2024-10-16,10,10,0.20408350200611652
10,10,naive,22,2024-10-16,2024-10-17,2024-10-30,10,10,0.05459853688752869
10,10,naive,23,2024-10-30,2024-10-31,2024-11-13,10,10,0.07234095931724824
10,10,naive,24,2024-11-13,2024-11-14,2024-11-27,10,10,0.088938660566097
10,10,naive,25,2024-11-27,2024-11-28,2024-12-11,10,10,0.07822627611414283
10,10,naive,26,2024-12-11,2024-12-12,2024-12-25,10,9,0.10154810234548022
10,10,naive,27,2024-12-25,2024-12-26,2024-12-31,4,4,0.1621176445989759
10,11,naive,1,2023-12-27,2023-12-28,2024-01-10,10,9,0.4933820716109056
10,11,naive,2,2024-01-10,2024-01-11,2024-01-24,10,10,1.611256188916756
10,11,naive,3,2024-01-24,2024-01-25,2024-02-07,10,10,1.8
10,11,naive,4,2024-02-07,2024-02-08,2024-02-21,10,6,0.058089011915923146
10,11,naive,5,2024-02-21,2024-02-22,2024-03-06,10,10,0.1292084245042758
10,11,naive,6,2024-03-06,2024-03-07,2024-03-20,10,10,0.14724157279038302
10,11,naive,7,2024-03-20,2024-03-21,2024-04-03,10,10,0.2773144304161521
10,11,naive,8,2024-04-03,2024-04-04,2024-04-17,10,10,0.15050601213111858
10,11,naive,9,2024-04-17,2024-04-18,2024-05-01,10,10,0.14719840809397952
10,11,naive,10,2024-05-01,2024-05-02,2024-05-15,10,10,0.22043847948620174
10,11,naive,11,2024-05-15,2024-05-16,2024-05-29,10,10,0.1938658772274238
10,11,naive,12,2024-05-29,2024-05-30,2024-06-12,10,10,0.07427069188560205
10,11,naive,13,2024-06-12,2024-06-13,2024-06-26,10,10,0.07768941564242818
10,11,naive,14,2024-06-26,2024-06-27,2024-07-10,10,10,0.3516487428220698
10,11,naive,15,2024-07-10,2024-07-11,2024-07-24,10,10,0.40821498604062056
10,11,naive,16,2024-07-24,2024-07-25,2024-08-07,10,10,0.09627820034053702
10,11,naive,17,2024-08-07,2024-08-08,2024-08-21,10,10,0.25020491801454847
10,11,naive,18,2024-08-21,2024-08-22,2024-09-04,10,10,0.09304518351287941
10,11,naive,19,2024-09-04,2024-09-05,2024-09-18,10,10,0.18897771432926924
10,11,naive,20,2024-09-18,2024-09-19,2024-10-02,10,10,0.11015714899934806
10,11,naive,21,2024-10-02,2024-10-03,2024-10-16,10,10,0.10750655726032024
10,11,naive,22,2024-10-16,2024-10-17,2024-10-30,10,10,0.13749680439928444
10,11,naive,23,2024-10-30,2024-10-31,2024-11-13,10,10,0.10862038451936579
10,11,naive,24,2024-11-13,2024-11-14,2024-11-27,10,10,0.5311171734892515
10,11,naive,25,2024-11-27,2024-11-28,2024-12-11,10,10,0.987298753334949
10,11,naive,26,2024-12-11,2024-12-12,2024-12-25,10,9,1.3333333333333333
10,11,naive,27,2024-12-25,2024-12-26,2024-12-31,4,4,0.5
10,12,naive,1,2023-12-27,2023-12-28,2024-01-10,10,9,1.5555555555555554
10,12,naive,2,2024-01-10,2024-01-11,2024-01-24,10,10,1.1564073196088787
10,12,naive,3,2024-01-24,2024-01-25,2024-02-07,10,10,1.4000000000000001
10,12,naive,4,2024-02-07,2024-02-08,2024-02-21,10,6,1.774211832807492
10,12,naive,5,2024-02-21,2024-02-22,2024-03-06,10,10,0.4
10,12,naive,6,2024-03-06,2024-03-07,2024-03-20,10,10,0.2
10,12,naive,7,2024-03-20,2024-03-21,2024-04-03,10,10,0.0
10,12,naive,8,2024-04-03,2024-04-04,2024-04-17,10,10,0.2
10,12,naive,9,2024-04-17,2024-04-18,2024-05-01,10,10,0.4
10,12,naive,10,2024-05-01,2024-05-02,2024-05-15,10,10,1.6
10,12,naive,11,2024-05-15,2024-05-16,2024-05-29,10,10,1.3502932433008294
10,12,naive,12,2024-05-29,2024-05-30,2024-06-12,10,10,1.4000000000000001
10,12,naive,13,2024-06-12,2024-06-13,2024-06-26,10,10,1.0803134824104885
10,12,naive,14,2024-06-26,2024-06-27,2024-07-10,10,10,1.1945749862599124
10,12,naive,15,2024-07-10,2024-07-11,2024-07-24,10,10,1.5541451850364754
10,12,naive,16,2024-07-24,2024-07-25,2024-08-07,10,10,1.2000000000000002
10,12,naive,17,2024-08-07,2024-08-08,2024-08-21,10,10,1.3471644142394479
10,12,naive,18,2024-08-21,2024-08-22,2024-09-04,10,10,1.5192429107072156
10,12,naive,19,2024-09-04,2024-09-05,2024-09-18,10,10,1.0846879059818224
10,12,naive,20,2024-09-18,2024-09-19,2024-10-02,10,10,0.8826307410118261
10,12,naive,21,2024-10-02,2024-10-03,2024-10-16,10,10,0.9145750633451573
10,12,naive,22,2024-10-16,2024-10-17,2024-10-30,10,10,0.8646874488795615
10,12,naive,23,2024-10-30,2024-10-31,2024-11-13,10,10,1.5822954740428772
10,12,naive,24,2024-11-13,2024-11-14,2024-11-27,10,10,0.7349399110473622
10,12,naive,25,2024-11-27,2024-11-28,2024-12-11,10,10,1.0726063173689133
10,12,naive,26,2024-12-11,2024-12-12,2024-12-25,10,9,0.8888888888888888
10,12,naive,27,2024-12-25,2024-12-26,2024-12-31,4,4,0.0
10,13,naive,1,2023-12-27,2023-12-28,2024-01-10,10,9,0.0
10,13,naive,2,2024-01-10,2024-01-11,2024-01-24,10,10,0.0
10,13,naive,3,2024-01-24,2024-01-25,2024-02-07,10,10,0.2
10,13,naive,4,2024-02-07,2024-02-08,2024-02-21,10,6,0.0
10,13,naive,5,2024-02-21,2024-02-22,2024-03-06,10,10,0.0
10,13,naive,6,2024-03-06,2024-03-07,2024-03-20,10,10,0.6000000000000001
10,13,naive,7,2024-03-20,2024-03-21,2024-04-03,10,10,0.8
10,13,naive,8,2024-04-03,2024-04-04,2024-04-17,10,10,0.0
10,13,naive,9,2024-04-17,2024-04-18,2024-05-01,10,10,1.6
10,13,naive,10,2024-05-01,2024-05-02,2024-05-15,10,10,1.1043747070197518
10,13,naive,11,2024-05-15,2024-05-16,2024-05-29,10,10,0.0
10,13,naive,12,2024-05-29,2024-05-30,2024-06-12,10,10,0.4
10,13,naive,13,2024-06-12,2024-06-13,2024-06-26,10,10,0.2
10,13,naive,14,2024-06-26,2024-06-27,2024-07-10,10,10,0.2
10,13,naive,15,2024-07-10,2024-07-11,2024-07-24,10,10,1.7167668911804022
10,13,naive,16,2024-07-24,2024-07-25,2024-08-07,10,10,0.6000000000000001
10,13,naive,17,2024-08-07,2024-08-08,2024-08-21,10,10,0.6000000000000001
10,13,naive,18,2024-08-21,2024-08-22,2024-09-04,10,10,0.6000000000000001
10,13,naive,19,2024-09-04,2024-09-05,2024-09-18,10,10,1.8938658355706612
10,13,naive,20,2024-09-18,2024-09-19,2024-10-02,10,10,0.2
10,13,naive,21,2024-10-02,2024-10-03,2024-10-16,10,10,0.8
10,13,naive,22,2024-10-16,2024-10-17,2024-10-30,10,10,0.0
10,13,naive,23,2024-10-30,2024-10-31,2024-11-13,10,10,0.0
10,13,naive,24,2024-11-13,2024-11-14,2024-11-27,10,10,0.0
10,13,naive,25,2024-11-27,2024-11-28,2024-12-11,10,10,0.2
10,13,naive,26,2024-12-11,2024-12-12,2024-12-25,10,9,1.819268118693888
10,13,naive,27,2024-12-25,2024-12-26,2024-12-31,4,4,0.5
10,1,moving_average,1,2023-12-27,2023-12-28,2024-01-10,10,9,0.0782206050824204
10,1,moving_average,2,2024-01-10,2024-01-11,2024-01-24,10,10,0.16409201397669743
10,1,moving_average,3,2024-01-24,2024-01-25,2024-02-07,10,10,0.17164853672378164
10,1,moving_average,4,2024-02-07,2024-02-08,2024-02-21,10,6,0.04298759204049091
10,1,moving_average,5,2024-02-21,2024-02-22,2024-03-06,10,10,0.08826690951512793
10,1,moving_average,6,2024-03-06,2024-03-07,2024-03-20,10,10,0.12315319974154522
10,1,moving_average,7,2024-03-20,2024-03-21,2024-04-03,10,10,0.11830409433882681
10,1,moving_average,8,2024-04-03,2024-04-04,2024-04-17,10,10,0.08756985774112905
10,1,moving_average,9,2024-04-17,2024-04-18,2024-05-01,10,10,0.22997646578858366
10,1,moving_average,10,2024-05-01,2024-05-02,2024-05-15,10,10,0.29936664651387596
10,1,moving_average,11,2024-05-15,2024-05-16,2024-05-29,10,10,0.1232883563009249
10,1,moving_average,12,2024-05-29,2024-05-30,2024-06-12,10,10,0.13247176746587636
10,1,moving_average,13,2024-06-12,2024-06-13,2024-06-26,10,10,0.11164125331638086
10,1,moving_average,14,2024-06-26,2024-06-27,2024-07-10,10,10,0.048891610197946495
10,1,moving_average,15,2024-07-10,2024-07-11,2024-07-24,10,10,0.06649393649593993
10,1,moving_average,16,2024-07-24,2024-07-25,2024-08-07,10,10,0.0891759415341667
10,1,moving_average,17,2024-08-07,2024-08-08,2024-08-21,10,10,0.09235393800169855
10,1,moving_average,18,2024-08-21,2024-08-22,2024-09-04,10,10,0.06809289515174254
10,1,moving_average,19,2024-09-04,2024-09-05,2024-09-18,10,10,0.10041390712961765
10,1,moving_average,20,2024-09-18,2024-09-19,2024-10-02,10,10,0.04183638067713859
10,1,moving_average,21,2024-10-02,2024-10-03,2024-10-16,10,10,0.05668727255031189
10,1,moving_average,22,2024-10-16,2024-10-17,2024-10-30,10,10,0.06760257592331981
10,1,moving_average,23,2024-10-30,2024-10-31,2024-11-13,10,10,0.06476767515235476
10,1,moving_average,24,2024-11-13,2024-11-14,2024-11-27,10,10,0.08063279794490132
10,1,moving_average,25,2024-11-27,2024-11-28,2024-12-11,10,10,0.09991964964224923
10,1,moving_average,26,2024-12-11,2024-12-12,2024-12-25,10,9,0.06429801914879038
10,1,moving_average,27,2024-12-25,2024-12-26,2024-12-31,4,4,0.0758251542041927
10,2,moving_average,1,2023-12-27,2023-12-28,2024-01-10,10,9,0.296672649936697
10,2,moving_average,2,2024-01-10,2024-01-11,2024-01-24,10,10,0.24288768406021954
10,2,moving_average,3,2024-01-24,2024-01-25,2024-02-07,10,10,0.0803848500086085
10,2,moving_average,4,2024-02-07,2024-02-08,2024-02-21,10,6,0.0776695343440173
10,2,moving_average,5,2024-02-21,2024-02-22,2024-03-06,10,10,0.10017806897334391
10,2,moving_average,6,2024-03-06,2024-03-07,2024-03-20,10,10,0.05942105276860559
10,2,moving_average,7,2024-03-20,2024-03-21,2024-04-03,10,10,0.1927907102986154
10,2,moving_average,8,2024-04-03,2024-04-04,2024-04-17,10,10,0.12077777877391838
10,2,moving_average,9,2024-04-17,2024-04-18,2024-05-01,10,10,0.2794039207814063
10,2,moving_average,10,2024-05-01,2024-05-02,2024-05-15,10,10,0.1922196828480878
10,2,moving_average,11,2024-05-15,2024-05-16,2024-05-29,10,10,0.1689122686368883
10,2,moving_average,12,2024-05-29,2024-05-30,2024-06-12,10,10,0.17538331542522834
10,2,moving_average,13,2024-06-12,2024-06-13,2024-06-26,10,10,0.15732382682906174
10,2,moving_average,14,2024-06-26,2024-06-27,2024-07-10,10,10,0.12220169704230865
10,2,moving_average,15,2024-07-10,2024-07-11,2024-07-24,10,10,0.1733559367498988
10,2,moving_average,16,2024-07-24,2024-07-25,2024-08-07,10,10,0.0891466653798193
10,2,moving_average,17,2024-08-07,2024-08-08,2024-08-21,10,10,0.05842427518393546
10,2,moving_average,18,2024-08-21,2024-08-22,2024-09-04,10,10,0.08484668875825158
10,2,moving_average,19,2024-09-04,2024-09-05,2024-09-18,10,10,0.05661604710458093
10,2,moving_average,20,2024-09-18,2024-09-19,2024-10-02,10,10,0.07359631758639058
10,2,moving_average,21,2024-10-02,2024-10-03,2024-10-16,10,10,0.18868499580823556
10,2,moving_average,22,2024-10-16,2024-10-17,2024-10-30,10,10,0.11636389190442716
10,2,moving_average,23,2024-10-30,2024-10-31,2024-11-13,10,10,0.12835119434426226
10,2,moving_average,24,2024-11-13,2024-11-14,2024-11-27,10,10,0.10574337143943469
10,2,moving_average,25,2024-11-27,2024-11-28,2024-12-11,10,10,0.17446813463645863
10,2,moving_average,26,2024-12-11,2024-12-12,2024-12-25,10,9,0.08648633052613079
10,2,moving_average,27,2024-12-25,2024-12-26,2024-12-31,4,4,0.12364349827776397
10,3,moving_average,1,2023-12-27,2023-12-28,2024-01-10,10,9,0.10670473297758683
10,3,moving_average,2,2024-01-10,2024-01-11,2024-01-24,10,10,0.18633607425148224
10,3,moving_average,3,2024-01-24,2024-01-25,2024-02-07,10,10,0.11167295694270654
10,3,moving_average,4,2024-02-07,2024-02-08,2024-02-21,10,6,0.13488597445234685
10,3,moving_average,5,2024-02-21,2024-02-22,2024-03-06,10,10,0.06552294423683189
10,3,moving_average,6,2024-03-06,2024-03-07,2024-03-20,10,10,0.10744599606273209
10,3,moving_average,7,2024-03-20,2024-03-21,2024-04-03,10,10,0.12266583374551172
10,3,moving_average,8,2024-04-03,2024-04-04,2024-04-17,10,10,0.10787750090522011
10,3,moving_average,9,2024-04-17,2024-04-18,2024-05-01,10,10,0.23833789640378542
10,3,moving_average,10,2024-05-01,2024-05-02,2024-05-15,10,10,0.18037789450860509
10,3,moving_average,11,2024-05-15,2024-05-16,2024-05-29,10,10,0.35006295379952546
10,3,moving_average,12,2024-05-29,2024-05-30,2024-06-12,10,10,0.09773124354335827
10,3,moving_average,13,2024-06-12,2024-06-13,2024-06-26,10,10,0.054336668721375304
10,3,moving_average,14,2024-06-26,2024-06-27,2024-07-10,10,10,0.1085334146687676
10,3,moving_average,15,2024-07-10,2024-07-11,2024-07-24,10,10,0.11002793596496628
10,3,moving_average,16,2024-07-24,2024-07-25,2024-08-07,10,10,0.1599724308797772
10,3,moving_average,17,2024-08-07,2024-08-08,2024-08-21,10,10,0.32668198504235674
10,3,moving_average,18,2024-08-21,2024-08-22,2024-09-04,10,10,0.1543050105014515
10,3,moving_average,19,2024-09-04,2024-09-05,2024-09-18,10,10,0.23693839719811166
10,3,moving_average,20,2024-09-18,2024-09-19,2024-10-02,10,10,0.12252043069042823
10,3,moving_average,21,2024-10-02,2024-10-03,2024-10-16,10,10,0.12036068205041456
10,3,moving_average,22,2024-10-16,2024-10-17,2024-10-30,10,10,0.09416662475838347
10,3,moving_average,23,2024-10-30,2024-10-31,2024-11-13,10,10,0.08984762536252311
10,3,moving_average,24,2024-11-13,2024-11-14,2024-11-27,10,10,0.12799882310186797
10,3,moving_average,25,2024-11-27,2024-11-28,2024-12-11,10,10,0.31702763646330634
10,3,moving_average,26,2024-12-11,2024-12-12,2024-12-25,10,9,0.15119701654213985
10,3,moving_average,27,2024-12-25,2024-12-26,2024-12-31,4,4,0.553842847792791
10,4,moving_average,1,2023-12-27,2023-12-28,2024-01-10,10,9,0.16586587446579568
10,4,moving_average,2,2024-01-10,2024-01-11,2024-01-24,10,10,0.10612027747791178
10,4,moving_average,3,2024-01-24,2024-01-25,2024-02-07,10,10,0.13969850093608324
10,4,moving_average,4,2024-02-07,2024-02-08,2024-02-21,10,6,0.13927474932348705
10,4,moving_average,5,2024-02-21,2024-02-22,2024-03-06,10,10,0.12247196507828802
10,4,moving_average,6,2024-03-06,2024-03-07,2024-03-20,10,10,0.05898225575278583
10,4,moving_average,7,2024-03-20,2024-03-21,2024-04-03,10,10,0.163611296252287
10,4,moving_average,8,2024-04-03,2024-04-04,2024-04-17,10,10,0.12399383976002709
10,4,moving_average,9,2024-04-17,2024-04-18,2024-05-01,10,10,0.28011204372910875
10,4,moving_average,10,2024-05-01,2024-05-02,2024-05-15,10,10,0.15516116625571544
10,4,moving_average,11,2024-05-15,2024-05-16,2024-05-29,10,10,0.18882895746425032
10,4,moving_average,12,2024-05-29,2024-05-30,2024-06-12,10,10,0.09570710539321464
10,4,moving_average,13,2024-06-12,2024-06-13,2024-06-26,10,10,0.07591243859243763
10,4,moving_average,14,2024-06-26,2024-06-27,2024-07-10,10,10,0.0919668902884137
10,4,moving_average,15,2024-07-10,2024-07-11,2024-07-24,10,10,0.09170633606801867
10,4,moving_average,16,2024-07-24,2024-07-25,2024-08-07,10,10,0.11283096441143659
10,4,moving_average,17,2024-08-07,2024-08-08,2024-08-21,10,10,0.22745862388736635
10,4,moving_average,18,2024-08-21,2024-08-22,2024-09-04,10,10,0.10712797963655168
10,4,moving_average,19,2024-09-04,2024-09-05,2024-09-18,10,10,0.11624713994687493
10,4,moving_average,20,2024-09-18,2024-09-19,2024-10-02,10,10,0.11541683902388399
10,4,moving_average,21,2024-10-02,2024-10-03,2024-10-16,10,10,0.13913684203338914
10,4,moving_average,22,2024-10-16,2024-10-17,2024-10-30,10,10,0.2524047150054411
10,4,moving_average,23,2024-10-30,2024-10-31,2024-11-13,10,10,0.09892768931898999
10,4,moving_average,24,2024-11-13,2024-11-14,2024-11-27,10,10,0.11309893999190333
10,4,moving_average,25,2024-11-27,2024-11-28,2024-12-11,10,10,0.10770125422998796
10,4,moving_average,26,2024-12-11,2024-12-12,2024-12-25,10,9,0.10832035706702606
10,4,moving_average,27,2024-12-25,2024-12-26,2024-12-31,4,4,0.5626953207800414
10,5,moving_average,1,2023-12-27,2023-12-28,2024-01-10,10,9,0.09047455987199185
10,5,moving_average,2,2024-01-10,2024-01-11,2024-01-24,10,10,0.033705855913618736
10,5,moving_average,3,2024-01-24,2024-01-25,2024-02-07,10,10,0.1633589867447266
10,5,moving_average,4,2024-02-07,2024-02-08,2024-02-21,10,6,0.0642578861313433
10,5,moving_average,5,2024-02-21,2024-02-22,2024-03-06,10,10,0.09667758628895104
10,5,moving_average,6,2024-03-06,2024-03-07,2024-03-20,10,10,0.0771141738330705
10,5,moving_average,7,2024-03-20,2024-03-21,2024-04-03,10,10,0.09025474880893115
10,5,moving_average,8,2024-04-03,2024-04-04,2024-04-17,10,10,0.05945674049866691
10,5,moving_average,9,2024-04-17,2024-04-18,2024-05-01,10,10,0.22705758301128287
10,5,moving_average,10,2024-05-01,2024-05-02,2024-05-15,10,10,0.178609770469864
10,5,moving_average,11,2024-05-15,2024-05-16,2024-05-29,10,10,0.3207926261553294
10,5,moving_average,12,2024-05-29,2024-05-30,2024-06-12,10,10,0.09934891955569289
10,5,moving_average,13,2024-06-12,2024-06-13,2024-06-26,10,10,0.05089925786020369
10,5,moving_average,14,2024-06-26,2024-06-27,2024-07-10,10,10,0.0814095815960856
10,5,moving_average,15,2024-07-10,2024-07-11,2024-07-24,10,10,0.05826503360613971
10,5,moving_average,16,2024-07-24,2024-07-25,2024-08-07,10,10,0.10036318484263357
10,5,moving_average,17,2024-08-07,2024-08-08,2024-08-21,10,10,0.1210731433190533
10,5,moving_average,18,2024-08-21,2024-08-22,2024-09-04,10,10,0.0866473547609717
10,5,moving_average,19,2024-09-04,2024-09-05,2024-09-18,10,10,0.07080907513596625
10,5,moving_average,20,2024-09-18,2024-09-19,2024-10-02,10,10,0.06413751850911752
10,5,moving_average,21,2024-10-02,2024-10-03,2024-10-16,10,10,0.10368056713417484
10,5,moving_average,22,2024-10-16,2024-10-17,2024-10-30,10,10,0.039492705682416855
10,5,moving_average,23,2024-10-30,2024-10-31,2024-11-13,10,10,0.10885633662736127
10,5,moving_average,24,2024-11-13,2024-11-14,2024-11-27,10,10,0.06893779986638032
10,5,moving_average,25,2024-11-27,2024-11-28,2024-12-11,10,10,0.06455008032744054
10,5,moving_average,26,2024-12-11,2024-12-12,2024-12-25,10,9,0.041862572688227434
10,5,moving_average,27,2024-12-25,2024-12-26,2024-12-31,4,4,0.13372482588634096
10,6,moving_average,1,2023-12-27,2023-12-28,2024-01-10,10,9,0.09921316240710666
10,6,moving_average,2,2024-01-10,2024-01-11,2024-01-24,10,10,0.15563722756570864
10,6,moving_average,3,2024-01-24,2024-01-25,2024-02-07,10,10,0.09969609810440294
10,6,moving_average,4,2024-02-07,2024-02-08,2024-02-21,10,6,0.11721270726846783
10,6,moving_average,5,2024-02-21,2024-02-22,2024-03-06,10,10,0.17201282499623105
10,6,moving_average,6,2024-03-06,2024-03-07,2024-03-20,10,10,0.11616918038716464
10,6,moving_average,7,2024-03-20,2024-03-21,2024-04-03,10,10,0.1436075967285448
10,6,moving_average,8,2024-04-03,2024-04-04,2024-04-17,10,10,0.08302489095474017
10,6,moving_average,9,2024-04-17,2024-04-18,2024-05-01,10,10,0.25181507515383944
10,6,moving_average,10,2024-05-01,2024-05-02,2024-05-15,10,10,0.14740207176369566
10,6,moving_average,11,2024-05-15,2024-05-16,2024-05-29,10,10,0.29081970810094016
10,6,moving_average,12,2024-05-29,2024-05-30,2024-06-12,10,10,0.09401125853650057
10,6,moving_average,13,2024-06-12,2024-06-13,2024-06-26,10,10,0.05769425614586335
10,6,moving_average,14,2024-06-26,2024-06-27,2024-07-10,10,10,0.1412998111851128
10,6,moving_average,15,2024-07-10,2024-07-11,2024-07-24,10,10,0.09700235871397989
10,6,moving_average,16,2024-07-24,2024-07-25,2024-08-07,10,10,0.13417660222631964
10,6,moving_average,17,2024-08-07,2024-08-08,2024-08-21,10,10,0.13133441191734926
10,6,moving_average,18,2024-08-21,2024-08-22,2024-09-04,10,10,0.13473282209773585
10,6,moving_average,19,2024-09-04,2024-09-05,2024-09-18,10,10,0.0846707096686058
10,6,moving_average,20,2024-09-18,2024-09-19,2024-10-02,10,10,0.11034426358566832
10,6,moving_average,21,2024-10-02,2024-10-03,2024-10-16,10,10,0.07975930104747896
10,6,moving_average,22,2024-10-16,2024-10-17,2024-10-30,10,10,0.09008497266465484
10,6,moving_average,23,2024-10-30,2024-10-31,2024-11-13,10,10,0.1285977729670873
10,6,moving_average,24,2024-11-13,2024-11-14,2024-11-27,10,10,0.06737376572639235
10,6,moving_average,25,2024-11-27,2024-11-28,2024-12-11,10,10,0.13654805059505745
10,6,moving_average,26,2024-12-11,2024-12-12,2024-12-25,10,9,0.06502984953251176
10,6,moving_average,27,2024-12-25,2024-12-26,2024-12-31,4,4,0.1937276396448182
10,7,moving_average,1,2023-12-27,2023-12-28,2024-01-10,10,9,0.21738400299882804
10,7,moving_average,2,2024-01-10,2024-01-11,2024-01-24,10,10,0.3309208833992771
10,7,moving_average,3,2024-01-24,2024-01-25,2024-02-07,10,10,0.22287125815398323
10,7,moving_average,4,2024-02-07,2024-02-08,2024-02-21,10,6,0.18136489783643764
10,7,moving_average,5,2024-02-21,2024-02-22,2024-03-06,10,10,0.20211777746463033
10,7,moving_average,6,2024-03-06,2024-03-07,2024-03-20,10,10,0.14868307053822402
10,7,moving_average,7,2024-03-20,2024-03-21,2024-04-03,10,10,0.23596795252618807
10,7,moving_average,8,2024-04-03,2024-04-04,2024-04-17,10,10,0.20373885372204548
10,7,moving_average,9,2024-04-17,2024-04-18,2024-05-01,10,10,0.3782827854804078
10,7,moving_average,10,2024-05-01,2024-05-02,2024-05-15,10,10,0.3147789233132267
10,7,moving_average,11,2024-05-15,2024-05-16,2024-05-29,10,10,0.4396862529994701
10,7,moving_average,12,2024-05-29,2024-05-30,2024-06-12,10,10,0.183016000797952
10,7,moving_average,13,2024-06-12,2024-06-13,2024-06-26,10,10,0.1685783814688313
10,7,moving_average,14,2024-06-26,2024-06-27,2024-07-10,10,10,0.10242972500152842
10,7,moving_average,15,2024-07-10,2024-07-11,2024-07-24,10,10,0.16295852813149342
10,7,moving_average,16,2024-07-24,2024-07-25,2024-08-07,10,10,0.21728545393827403
10,7,moving_average,17,2024-08-07,2024-08-08,2024-08-21,10,10,0.3728567622435296
10,7,moving_average,18,2024-08-21,2024-08-22,2024-09-04,10,10,0.26488193409376043
10,7,moving_average,19,2024-09-04,2024-09-05,2024-09-18,10,10,0.4444950442475394
10,7,moving_average,20,2024-09-18,2024-09-19,2024-10-02,10,10,0.39807730122809154
10,7,moving_average,21,2024-10-02,2024-10-03,2024-10-16,10,10,0.2270432818786072
10,7,moving_average,22,2024-10-16,2024-10-17,2024-10-30,10,10,0.14422575159343576
10,7,moving_average,23,2024-10-30,2024-10-31,2024-11-13,10,10,0.28134473920960484
10,7,moving_average,24,2024-11-13,2024-11-14,2024-11-27,10,10,0.19299124767329104
10,7,moving_average,25,2024-11-27,2024-11-28,2024-12-11,10,10,0.2562222878333306
10,7,moving_average,26,2024-12-11,2024-12-12,2024-12-25,10,9,0.1862943477084407
10,7,moving_average,27,2024-12-25,2024-12-26,2024-12-31,4,4,0.7855546034554526
10,8,moving_average,1,2023-12-27,2023-12-28,2024-01-10,10,9,0.27118274648147545
10,8,moving_average,2,2024-01-10,2024-01-11,2024-01-24,10,10,0.3611408613680315
10,8,moving_average,3,2024-01-24,2024-01-25,2024-02-07,10,10,0.21193099598983567
10,8,moving_average,4,2024-02-07,2024-02-08,2024-02-21,10,6,0.3195548858070625
10,8,moving_average,5,2024-02-21,2024-02-22,2024-03-06,10,10,0.11769608929100668
10,8,moving_average,6,2024-03-06,2024-03-07,2024-03-20,10,10,0.1142397514212708
10,8,moving_average,7,2024-03-20,2024-03-21,2024-04-03,10,10,0.2719937869809325
10,8,moving_average,8,2024-04-03,2024-04-04,2024-04-17,10,10,0.2855667180671388
10,8,moving_average,9,2024-04-17,2024-04-18,2024-05-01,10,10,0.3110046405571485
10,8,moving_average,10,2024-05-01,2024-05-02,2024-05-15,10,10,0.2009417563227412
10,8,moving_average,11,2024-05-15,2024-05-16,2024-05-29,10,10,0.3708454659008606
10,8,moving_average,12,2024-05-29,2024-05-30,2024-06-12,10,10,0.08792555410712283
10,8,moving_average,13,2024-06-12,2024-06-13,2024-06-26,10,10,0.10166198008643519
10,8,moving_average,14,2024-06-26,2024-06-27,2024-07-10,10,10,0.22765685262641067
10,8,moving_average,15,2024-07-10,2024-07-11,2024-07-24,10,10,0.1019780150476569
10,8,moving_average,16,2024-07-24,2024-07-25,2024-08-07,10,10,0.19035556717870655
10,8,moving_average,17,2024-08-07,2024-08-08,2024-08-21,10,10,0.20628103344176424
10,8,moving_average,18,2024-08-21,2024-08-22,2024-09-04,10,10,0.07850425106407127
10,8,moving_average,19,2024-09-04,2024-09-05,2024-09-18,10,10,0.07695222748847112
10,8,moving_average,20,2024-09-18,2024-09-19,2024-10-02,10,10,0.12390563874534709
10,8,moving_average,21,2024-10-02,2024-10-03,2024-10-16,10,10,0.14373219833806786
10,8,moving_average,22,2024-10-16,2024-10-17,2024-10-30,10,10,0.04874572277325968
10,8,moving_average,23,2024-10-30,2024-10-31,2024-11-13,10,10,0.09800751454919177
10,8,moving_average,24,2024-11-13,2024-11-14,2024-11-27,10,10,0.13063432617251433
10,8,moving_average,25,2024-11-27,2024-11-28,2024-12-11,10,10,0.17409795552208135
10,8,moving_average,26,2024-12-11,2024-12-12,2024-12-25,10,9,0.07470072099054761
10,8,moving_average,27,2024-12-25,2024-12-26,2024-12-31,4,4,0.20999039188487492
10,9,moving_average,1,2023-12-27,2023-12-28,2024-01-10,10,9,0.1553215559349251
10,9,moving_average,2,2024-01-10,2024-01-11,2024-01-24,10,10,0.09624870017007434
10,9,moving_average,3,2024-01-24,2024-01-25,2024-02-07,10,10,0.10487805259416526
10,9,moving_average,4,2024-02-07,2024-02-08,2024-02-21,10,6,0.48775277287173485
10,9,moving_average,5,2024-02-21,2024-02-22,2024-03-06,10,10,0.16465069016278133
10,9,moving_average,6,2024-03-06,2024-03-07,2024-03-20,10,10,0.06133124443424437
10,9,moving_average,7,2024-03-20,2024-03-21,2024-04-03,10,10,0.272628987737995
10,9,moving_average,8,2024-04-03,2024-04-04,2024-04-17,10,10,0.3609521471785123
10,9,moving_average,9,2024-04-17,2024-04-18,2024-05-01,10,10,0.2468730918880128
10,9,moving_average,10,2024-05-01,2024-05-02,2024-05-15,10,10,0.3337966288488042
10,9,moving_average,11,2024-05-15,2024-05-16,2024-05-29,10,10,0.3515225588825184
10,9,moving_average,12,2024-05-29,2024-05-30,2024-06-12,10,10,0.11539057842218164
10,9,moving_average,13,2024-06-12,2024-06-13,2024-06-26,10,10,0.0989489630438196
10,9,moving_average,14,2024-06-26,2024-06-27,2024-07-10,10,10,0.37705148406275724
10,9,moving_average,15,2024-07-10,2024-07-11,2024-07-24,10,10,0.09521665867329397
10,9,moving_average,16,2024-07-24,2024-07-25,2024-08-07,10,10,0.14255361425374233
10,9,moving_average,17,2024-08-07,2024-08-08,2024-08-21,10,10,0.18870911740756358
10,9,moving_average,18,2024-08-21,2024-08-22,2024-09-04,10,10,0.1423862509743516
10,9,moving_average,19,2024-09-04,2024-09-05,2024-09-18,10,10,0.11662975172228725
10,9,moving_average,20,2024-09-18,2024-09-19,2024-10-02,10,10,0.13878670820458458
10,9,moving_average,21,2024-10-02,2024-10-03,2024-10-16,10,10,0.14324189906478357
10,9,moving_average,22,2024-10-16,2024-10-17,2024-10-30,10,10,0.09356859751140839
10,9,moving_average,23,2024-10-30,2024-10-31,2024-11-13,10,10,0.11022891883957052
10,9,moving_average,24,2024-11-13,2024-11-14,2024-11-27,10,10,0.052031949210362305
10,9,moving_average,25,2024-11-27,2024-11-28,2024-12-11,10,10,0.11307236674074049
10,9,moving_average,26,2024-12-11,2024-12-12,2024-12-25,10,9,0.0887425375087205
10,9,moving_average,27,2024-12-25,2024-12-26,2024-12-31,4,4,0.2453596799770965
10,10,moving_average,1,2023-12-27,2023-12-28,2024-01-10,10,9,0.17147875103768415
10,10,moving_average,2,2024-01-10,2024-01-11,2024-01-24,10,10,0.10443034915569549
10,10,moving_average,3,2024-01-24,2024-01-25,2024-02-07,10,10,0.13614570159002473
10,10,moving_average,4,2024-02-07,2024-02-08,2024-02-21,10,6,0.11025351583438009
10,10,moving_average,5,2024-02-21,2024-02-22,2024-03-06,10,10,0.10483889273566777
10,10,moving_average,6,2024-03-06,2024-03-07,2024-03-20,10,10,0.0957429445995401
10,10,moving_average,7,2024-03-20,2024-03-21,2024-04-03,10,10,0.08587555887074885
10,10,moving_average,8,2024-04-03,2024-04-04,2024-04-17,10,10,0.17819409163473188
10,10,moving_average,9,2024-04-17,2024-04-18,2024-05-01,10,10,0.19366836517010616
10,10,moving_average,10,2024-05-01,2024-05-02,2024-05-15,10,10,0.13240360544898486
10,10,moving_average,11,2024-05-15,2024-05-16,2024-05-29,10,10,0.225328746823865
10,10,moving_average,12,2024-05-29,2024-05-30,2024-06-12,10,10,0.12841636278808022
10,10,moving_average,13,2024-06-12,2024-06-13,2024-06-26,10,10,0.051221270245288775
10,10,moving_average,14,2024-06-26,2024-06-27,2024-07-10,10,10,0.0813442239617406
10,10,moving_average,15,2024-07-10,2024-07-11,2024-07-24,10,10,0.07845753760566038
10,10,moving_average,16,2024-07-24,2024-07-25,2024-08-07,10,10,0.08172634119692161
10,10,moving_average,17,2024-08-07,2024-08-08,2024-08-21,10,10,0.14975888436269755
10,10,moving_average,18,2024-08-21,2024-08-22,2024-09-04,10,10,0.09262027831845471
10,10,moving_average,19,2024-09-04,2024-09-05,2024-09-18,10,10,0.06312945856458117
10,10,moving_average,20,2024-09-18,2024-09-19,2024-10-02,10,10,0.07626479243124705
10,10,moving_average,21,2024-10-02,2024-10-03,2024-10-16,10,10,0.16094707539854022
10,10,moving_average,22,2024-10-16,2024-10-17,2024-10-30,10,10,0.05113944590306716
10,10,moving_average,23,2024-10-30,2024-10-31,2024-11-13,10,10,0.05660176285180403
10,10,moving_average,24,2024-11-13,2024-11-14,2024-11-27,10,10,0.11735361537460678
10,10,moving_average,25,2024-11-27,2024-11-28,2024-12-11,10,10,0.07621478997143735
10,10,moving_average,26,2024-12-11,2024-12-12,2024-12-25,10,9,0.07909584005114319
10,10,moving_average,27,2024-12-25,2024-12-26,2024-12-31,4,4,0.1442977911765929
10,11,moving_average,1,2023-12-27,2023-12-28,2024-01-10,10,9,0.09025644374627476
10,11,moving_average,2,2024-01-10,2024-01-11,2024-01-24,10,10,1.615352869176481
10,11,moving_average,3,2024-01-24,2024-01-25,2024-02-07,10,10,1.291330206740097
10,11,moving_average,4,2024-02-07,2024-02-08,2024-02-21,10,6,0.43120534833976987
10,11,moving_average,5,2024-02-21,2024-02-22,2024-03-06,10,10,0.08206663405840207
10,11,moving_average,6,2024-03-06,2024-03-07,2024-03-20,10,10,0.1510349891424491
10,11,moving_average,7,2024-03-20,2024-03-21,2024-04-03,10,10,0.12286748113214184
10,11,moving_average,8,2024-04-03,2024-04-04,2024-04-17,10,10,0.2256322003849984
10,11,moving_average,9,2024-04-17,2024-04-18,2024-05-01,10,10,0.37752859010460904
10,11,moving_average,10,2024-05-01,2024-05-02,2024-05-15,10,10,0.3161735665200502
10,11,moving_average,11,2024-05-15,2024-05-16,2024-05-29,10,10,0.17883909477789928
10,11,moving_average,12,2024-05-29,2024-05-30,2024-06-12,10,10,0.07742758253215959
10,11,moving_average,13,2024-06-12,2024-06-13,2024-06-26,10,10,0.07349395415755483
10,11,moving_average,14,2024-06-26,2024-06-27,2024-07-10,10,10,0.28328036399974693
10,11,moving_average,15,2024-07-10,2024-07-11,2024-07-24,10,10,0.14128437849750036
10,11,moving_average,16,2024-07-24,2024-07-25,2024-08-07,10,10,0.11325180119479389
10,11,moving_average,17,2024-08-07,2024-08-08,2024-08-21,10,10,0.2432178060247804
10,11,moving_average,18,2024-08-21,2024-08-22,2024-09-04,10,10,0.08843650913729645
10,11,moving_average,19,2024-09-04,2024-09-05,2024-09-18,10,10,0.1520835621605387
10,11,moving_average,20,2024-09-18,2024-09-19,2024-10-02,10,10,0.10021192931231555
10,11,moving_average,21,2024-10-02,2024-10-03,2024-10-16,10,10,0.09110546929060044
10,11,moving_average,22,2024-10-16,2024-10-17,2024-10-30,10,10,0.2386402837074916
10,11,moving_average,23,2024-10-30,2024-10-31,2024-11-13,10,10,0.11566172951832537
10,11,moving_average,24,2024-11-13,2024-11-14,2024-11-27,10,10,0.5589225998190815
10,11,moving_average,25,2024-11-27,2024-11-28,2024-12-11,10,10,1.656456936218956
10,11,moving_average,26,2024-12-11,2024-12-12,2024-12-25,10,9,1.0692880698490166
10,11,moving_average,27,2024-12-25,2024-12-26,2024-12-31,4,4,1.51806398188632
10,12,moving_average,1,2023-12-27,2023-12-28,2024-01-10,10,9,0.9168552239351769
10,12,moving_average,2,2024-01-10,2024-01-11,2024-01-24,10,10,1.1790718512184746
10,12,moving_average,3,2024-01-24,2024-01-25,2024-02-07,10,10,0.936098379667437
10,12,moving_average,4,2024-02-07,2024-02-08,2024-02-21,10,6,1.9073360204496466
10,12,moving_average,5,2024-02-21,2024-02-22,2024-03-06,10,10,1.76809271719993
10,12,moving_average,6,2024-03-06,2024-03-07,2024-03-20,10,10,1.1983390716050977
10,12,moving_average,7,2024-03-20,2024-03-21,2024-04-03,10,10,0.3861274405827251
10,12,moving_average,8,2024-04-03,2024-04-04,2024-04-17,10,10,0.2
10,12,moving_average,9,2024-04-17,2024-04-18,2024-05-01,10,10,0.638855321354125
10,12,moving_average,10,2024-05-01,2024-05-02,2024-05-15,10,10,1.349680836024111
10,12,moving_average,11,2024-05-15,2024-05-16,2024-05-29,10,10,1.2630096686350656
10,12,moving_average,12,2024-05-29,2024-05-30,2024-06-12,10,10,1.236627360552781
10,12,moving_average,13,2024-06-12,2024-06-13,2024-06-26,10,10,0.580019332070362
10,12,moving_average,14,2024-06-26,2024-06-27,2024-07-10,10,10,0.9030749744198003
10,12,moving_average,15,2024-07-10,2024-07-11,2024-07-24,10,10,1.3190654073045374
10,12,moving_average,16,2024-07-24,2024-07-25,2024-08-07,10,10,1.22041366484593
10,12,moving_average,17,2024-08-07,2024-08-08,2024-08-21,10,10,1.2557957413095808
10,12,moving_average,18,2024-08-21,2024-08-22,2024-09-04,10,10,1.2402308146252454
10,12,moving_average,19,2024-09-04,2024-09-05,2024-09-18,10,10,1.2283177625845094
10,12,moving_average,20,2024-09-18,2024-09-19,2024-10-02,10,10,0.8528673530176907
10,12,moving_average,21,2024-10-02,2024-10-03,2024-10-16,10,10,0.9030996099578792
10,12,moving_average,22,2024-10-16,2024-10-17,2024-10-30,10,10,0.7370807197627907
10,12,moving_average,23,2024-10-30,2024-10-31,2024-11-13,10,10,0.9838902792167125
10,12,moving_average,24,2024-11-13,2024-11-14,2024-11-27,10,10,0.184709039665821
10,12,moving_average,25,2024-11-27,2024-11-28,2024-12-11,10,10,1.0642840175225763
10,12,moving_average,26,2024-12-11,2024-12-12,2024-12-25,10,9,1.3213577337796485
10,12,moving_average,27,2024-12-25,2024-12-26,2024-12-31,4,4,0.8483956121580641
10,13,moving_average,1,2023-12-27,2023-12-28,2024-01-10,10,9,2.0
10,13,moving_average,2,2024-01-10,2024-01-11,2024-01-24,10,10,0.0
10,13,moving_average,3,2024-01-24,2024-01-25,2024-02-07,10,10,0.2
10,13,moving_average,4,2024-02-07,2024-02-08,2024-02-21,10,6,0.5522116392161623
10,13,moving_average,5,2024-02-21,2024-02-22,2024-03-06,10,10,0.0
10,13,moving_average,6,2024-03-06,2024-03-07,2024-03-20,10,10,0.6000000000000001
10,13,moving_average,7,2024-03-20,2024-03-21,2024-04-03,10,10,1.6729746881451413
10,13,moving_average,8,2024-04-03,2024-04-04,2024-04-17,10,10,2.0
10,13,moving_average,9,2024-04-17,2024-04-18,2024-05-01,10,10,1.6
10,13,moving_average,10,2024-05-01,2024-05-02,2024-05-15,10,10,1.1075127581659332
10,13,moving_average,11,2024-05-15,2024-05-16,2024-05-29,10,10,2.0
10,13,moving_average,12,2024-05-29,2024-05-30,2024-06-12,10,10,0.4
10,13,moving_average,13,2024-06-12,2024-06-13,2024-06-26,10,10,1.9362366050746525
10,13,moving_average,14,2024-06-26,2024-06-27,2024-07-10,10,10,1.580880096477261
10,13,moving_average,15,2024-07-10,2024-07-11,2024-07-24,10,10,1.8548946816761491
10,13,moving_average,16,2024-07-24,2024-07-25,2024-08-07,10,10,1.8357227003727077
10,13,moving_average,17,2024-08-07,2024-08-08,2024-08-21,10,10,1.6922006249369426
10,13,moving_average,18,2024-08-21,2024-08-22,2024-09-04,10,10,1.79077974924884
10,13,moving_average,19,2024-09-04,2024-09-05,2024-09-18,10,10,1.8142979931384453
10,13,moving_average,20,2024-09-18,2024-09-19,2024-10-02,10,10,1.8463039472430518
10,13,moving_average,21,2024-10-02,2024-10-03,2024-10-16,10,10,0.9860234431680555
10,13,moving_average,22,2024-10-16,2024-10-17,2024-10-30,10,10,2.0
10,13,moving_average,23,2024-10-30,2024-10-31,2024-11-13,10,10,0.0
10,13,moving_average,24,2024-11-13,2024-11-14,2024-11-27,10,10,0.0
10,13,moving_average,25,2024-11-27,2024-11-28,2024-12-11,10,10,0.2
10,13,moving_average,26,2024-12-11,2024-12-12,2024-12-25,10,9,0.8663821351895554
10,13,moving_average,27,2024-12-25,2024-12-26,2024-12-31,4,4,0.5
10,1,ridge_base_alpha_0.01,1,2023-12-27,2023-12-28,2024-01-10,10,9,0.12478428652102387
10,1,ridge_base_alpha_0.01,2,2024-01-10,2024-01-11,2024-01-24,10,10,0.23973006797029886
10,1,ridge_base_alpha_0.01,3,2024-01-24,2024-01-25,2024-02-07,10,10,0.06736417050411882
10,1,ridge_base_alpha_0.01,4,2024-02-07,2024-02-08,2024-02-21,10,6,0.10109266927454404
10,1,ridge_base_alpha_0.01,5,2024-02-21,2024-02-22,2024-03-06,10,10,0.0682975002962061
10,1,ridge_base_alpha_0.01,6,2024-03-06,2024-03-07,2024-03-20,10,10,0.09284536375472913
10,1,ridge_base_alpha_0.01,7,2024-03-20,2024-03-21,2024-04-03,10,10,0.1247882444768324
10,1,ridge_base_alpha_0.01,8,2024-04-03,2024-04-04,2024-04-17,10,10,0.07312751837345244
10,1,ridge_base_alpha_0.01,9,2024-04-17,2024-04-18,2024-05-01,10,10,0.20871419855609355
10,1,ridge_base_alpha_0.01,10,2024-05-01,2024-05-02,2024-05-15,10,10,0.21952391628444523
10,1,ridge_base_alpha_0.01,11,2024-05-15,2024-05-16,2024-05-29,10,10,0.1079120499277674
10,1,ridge_base_alpha_0.01,12,2024-05-29,2024-05-30,2024-06-12,10,10,0.1250793056301028
10,1,ridge_base_alpha_0.01,13,2024-06-12,2024-06-13,2024-06-26,10,10,0.10199757002297159
10,1,ridge_base_alpha_0.01,14,2024-06-26,2024-06-27,2024-07-10,10,10,0.05731310675244503
10,1,ridge_base_alpha_0.01,15,2024-07-10,2024-07-11,2024-07-24,10,10,0.0613331736100782
10,1,ridge_base_alpha_0.01,16,2024-07-24,2024-07-25,2024-08-07,10,10,0.08785300305688801
10,1,ridge_base_alpha_0.01,17,2024-08-07,2024-08-08,2024-08-21,10,10,0.1025401495784752
10,1,ridge_base_alpha_0.01,18,2024-08-21,2024-08-22,2024-09-04,10,10,0.07846194689881912
10,1,ridge_base_alpha_0.01,19,2024-09-04,2024-09-05,2024-09-18,10,10,0.14831484542498116
10,1,ridge_base_alpha_0.01,20,2024-09-18,2024-09-19,2024-10-02,10,10,0.09882566341254011
10,1,ridge_base_alpha_0.01,21,2024-10-02,2024-10-03,2024-10-16,10,10,0.11291312132458564
10,1,ridge_base_alpha_0.01,22,2024-10-16,2024-10-17,2024-10-30,10,10,0.14957724060964725
10,1,ridge_base_alpha_0.01,23,2024-10-30,2024-10-31,2024-11-13,10,10,0.13018109928042695
10,1,ridge_base_alpha_0.01,24,2024-11-13,2024-11-14,2024-11-27,10,10,0.15430749816570874
10,1,ridge_base_alpha_0.01,25,2024-11-27,2024-11-28,2024-12-11,10,10,0.057588461501074995
10,1,ridge_base_alpha_0.01,26,2024-12-11,2024-12-12,2024-12-25,10,9,0.08791384510858215
10,1,ridge_base_alpha_0.01,27,2024-12-25,2024-12-26,2024-12-31,4,4,0.0791105581356589
10,3,ridge_base_alpha_0.01,1,2023-12-27,2023-12-28,2024-01-10,10,9,0.07570928142209984
10,3,ridge_base_alpha_0.01,2,2024-01-10,2024-01-11,2024-01-24,10,10,0.15707223465545875
10,3,ridge_base_alpha_0.01,3,2024-01-24,2024-01-25,2024-02-07,10,10,0.10475293672099271
10,3,ridge_base_alpha_0.01,4,2024-02-07,2024-02-08,2024-02-21,10,6,0.11416887069593157
10,3,ridge_base_alpha_0.01,5,2024-02-21,2024-02-22,2024-03-06,10,10,0.07538671020049265
10,3,ridge_base_alpha_0.01,6,2024-03-06,2024-03-07,2024-03-20,10,10,0.10366314808076833
10,3,ridge_base_alpha_0.01,7,2024-03-20,2024-03-21,2024-04-03,10,10,0.12397373292898338
10,3,ridge_base_alpha_0.01,8,2024-04-03,2024-04-04,2024-04-17,10,10,0.0956764101561858
10,3,ridge_base_alpha_0.01,9,2024-04-17,2024-04-18,2024-05-01,10,10,0.2665217231811425
10,3,ridge_base_alpha_0.01,10,2024-05-01,2024-05-02,2024-05-15,10,10,0.11294102842660758
10,3,ridge_base_alpha_0.01,11,2024-05-15,2024-05-16,2024-05-29,10,10,0.3351328560012679
10,3,ridge_base_alpha_0.01,12,2024-05-29,2024-05-30,2024-06-12,10,10,0.08928381057001906
10,3,ridge_base_alpha_0.01,13,2024-06-12,2024-06-13,2024-06-26,10,10,0.06449259664694157
10,3,ridge_base_alpha_0.01,14,2024-06-26,2024-06-27,2024-07-10,10,10,0.13017445078898002
10,3,ridge_base_alpha_0.01,15,2024-07-10,2024-07-11,2024-07-24,10,10,0.0691807361229254
10,3,ridge_base_alpha_0.01,16,2024-07-24,2024-07-25,2024-08-07,10,10,0.1614452383826468
10,3,ridge_base_alpha_0.01,17,2024-08-07,2024-08-08,2024-08-21,10,10,0.32034612163009824
10,3,ridge_base_alpha_0.01,18,2024-08-21,2024-08-22,2024-09-04,10,10,0.12089024754837377
10,3,ridge_base_alpha_0.01,19,2024-09-04,2024-09-05,2024-09-18,10,10,0.24042997152291928
10,3,ridge_base_alpha_0.01,20,2024-09-18,2024-09-19,2024-10-02,10,10,0.07979973510605859
10,3,ridge_base_alpha_0.01,21,2024-10-02,2024-10-03,2024-10-16,10,10,0.13798676766283957
10,3,ridge_base_alpha_0.01,22,2024-10-16,2024-10-17,2024-10-30,10,10,0.09879047609084579
10,3,ridge_base_alpha_0.01,23,2024-10-30,2024-10-31,2024-11-13,10,10,0.06076462018153059
10,3,ridge_base_alpha_0.01,24,2024-11-13,2024-11-14,2024-11-27,10,10,0.1192595026836661
10,3,ridge_base_alpha_0.01,25,2024-11-27,2024-11-28,2024-12-11,10,10,0.26843926862159234
10,3,ridge_base_alpha_0.01,26,2024-12-11,2024-12-12,2024-12-25,10,9,0.07775869909121517
10,3,ridge_base_alpha_0.01,27,2024-12-25,2024-12-26,2024-12-31,4,4,0.5369427791019588
10,4,ridge_base_alpha_0.01,1,2023-12-27,2023-12-28,2024-01-10,10,9,0.1670572524159444
10,4,ridge_base_alpha_0.01,2,2024-01-10,2024-01-11,2024-01-24,10,10,0.18208672413534283
10,4,ridge_base_alpha_0.01,3,2024-01-24,2024-01-25,2024-02-07,10,10,0.07702144357163665
10,4,ridge_base_alpha_0.01,4,2024-02-07,2024-02-08,2024-02-21,10,6,0.1357777800496765
10,4,ridge_base_alpha_0.01,5,2024-02-21,2024-02-22,2024-03-06,10,10,0.09742196495249561
10,4,ridge_base_alpha_0.01,6,2024-03-06,2024-03-07,2024-03-20,10,10,0.05815794544052271
10,4,ridge_base_alpha_0.01,7,2024-03-20,2024-03-21,2024-04-03,10,10,0.1746275440944472
10,4,ridge_base_alpha_0.01,8,2024-04-03,2024-04-04,2024-04-17,10,10,0.10457488675985432
10,4,ridge_base_alpha_0.01,9,2024-04-17,2024-04-18,2024-05-01,10,10,0.30878650916154604
10,4,ridge_base_alpha_0.01,10,2024-05-01,2024-05-02,2024-05-15,10,10,0.25649253013144313
10,4,ridge_base_alpha_0.01,11,2024-05-15,2024-05-16,2024-05-29,10,10,0.27647493351159436
10,4,ridge_base_alpha_0.01,12,2024-05-29,2024-05-30,2024-06-12,10,10,0.1335184952068091
10,4,ridge_base_alpha_0.01,13,2024-06-12,2024-06-13,2024-06-26,10,10,0.11274753637204318
10,4,ridge_base_alpha_0.01,14,2024-06-26,2024-06-27,2024-07-10,10,10,0.1519143380244884
10,4,ridge_base_alpha_0.01,15,2024-07-10,2024-07-11,2024-07-24,10,10,0.14014035240677566
10,4,ridge_base_alpha_0.01,16,2024-07-24,2024-07-25,2024-08-07,10,10,0.09966015254287039
10,4,ridge_base_alpha_0.01,17,2024-08-07,2024-08-08,2024-08-21,10,10,0.2347308775141016
10,4,ridge_base_alpha_0.01,18,2024-08-21,2024-08-22,2024-09-04,10,10,0.11419284088541382
10,4,ridge_base_alpha_0.01,19,2024-09-04,2024-09-05,2024-09-18,10,10,0.14201816845154933
10,4,ridge_base_alpha_0.01,20,2024-09-18,2024-09-19,2024-10-02,10,10,0.2123456552382706
10,4,ridge_base_alpha_0.01,21,2024-10-02,2024-10-03,2024-10-16,10,10,0.3285117804241114
10,4,ridge_base_alpha_0.01,22,2024-10-16,2024-10-17,2024-10-30,10,10,0.14438228348295198
10,4,ridge_base_alpha_0.01,23,2024-10-30,2024-10-31,2024-11-13,10,10,0.08513420749598641
10,4,ridge_base_alpha_0.01,24,2024-11-13,2024-11-14,2024-11-27,10,10,0.09868867208210313
10,4,ridge_base_alpha_0.01,25,2024-11-27,2024-11-28,2024-12-11,10,10,0.09600780805241697
10,4,ridge_base_alpha_0.01,26,2024-12-11,2024-12-12,2024-12-25,10,9,0.120033180130017
10,4,ridge_base_alpha_0.01,27,2024-12-25,2024-12-26,2024-12-31,4,4,0.5792390237765775
10,5,ridge_base_alpha_0.01,1,2023-12-27,2023-12-28,2024-01-10,10,9,0.17131761967561546
10,5,ridge_base_alpha_0.01,2,2024-01-10,2024-01-11,2024-01-24,10,10,0.11343287306884903
10,5,ridge_base_alpha_0.01,3,2024-01-24,2024-01-25,2024-02-07,10,10,0.1040552078422298
10,5,ridge_base_alpha_0.01,4,2024-02-07,2024-02-08,2024-02-21,10,6,0.08606098095123305
10,5,ridge_base_alpha_0.01,5,2024-02-21,2024-02-22,2024-03-06,10,10,0.06336871168974943
10,5,ridge_base_alpha_0.01,6,2024-03-06,2024-03-07,2024-03-20,10,10,0.08772102712490594
10,5,ridge_base_alpha_0.01,7,2024-03-20,2024-03-21,2024-04-03,10,10,0.10269378136224122
10,5,ridge_base_alpha_0.01,8,2024-04-03,2024-04-04,2024-04-17,10,10,0.07282676935149739
10,5,ridge_base_alpha_0.01,9,2024-04-17,2024-04-18,2024-05-01,10,10,0.2640137970271093
10,5,ridge_base_alpha_0.01,10,2024-05-01,2024-05-02,2024-05-15,10,10,0.10382716901949439
10,5,ridge_base_alpha_0.01,11,2024-05-15,2024-05-16,2024-05-29,10,10,0.2637087073153065
10,5,ridge_base_alpha_0.01,12,2024-05-29,2024-05-30,2024-06-12,10,10,0.07940489698345958
10,5,ridge_base_alpha_0.01,13,2024-06-12,2024-06-13,2024-06-26,10,10,0.051993298202311744
10,5,ridge_base_alpha_0.01,14,2024-06-26,2024-06-27,2024-07-10,10,10,0.0833178727001439
10,5,ridge_base_alpha_0.01,15,2024-07-10,2024-07-11,2024-07-24,10,10,0.06549900860720947
10,5,ridge_base_alpha_0.01,16,2024-07-24,2024-07-25,2024-08-07,10,10,0.10446635101630058
10,5,ridge_base_alpha_0.01,17,2024-08-07,2024-08-08,2024-08-21,10,10,0.11750098887344791
10,5,ridge_base_alpha_0.01,18,2024-08-21,2024-08-22,2024-09-04,10,10,0.07895932890755271
10,5,ridge_base_alpha_0.01,19,2024-09-04,2024-09-05,2024-09-18,10,10,0.07006739894814466
10,5,ridge_base_alpha_0.01,20,2024-09-18,2024-09-19,2024-10-02,10,10,0.07555526004600042
10,5,ridge_base_alpha_0.01,21,2024-10-02,2024-10-03,2024-10-16,10,10,0.0706090132772056
10,5,ridge_base_alpha_0.01,22,2024-10-16,2024-10-17,2024-10-30,10,10,0.04104139273423869
10,5,ridge_base_alpha_0.01,23,2024-10-30,2024-10-31,2024-11-13,10,10,0.1171223357774499
10,5,ridge_base_alpha_0.01,24,2024-11-13,2024-11-14,2024-11-27,10,10,0.07683096617581803
10,5,ridge_base_alpha_0.01,25,2024-11-27,2024-11-28,2024-12-11,10,10,0.04815591839998838
10,5,ridge_base_alpha_0.01,26,2024-12-11,2024-12-12,2024-12-25,10,9,0.0380334017944797
10,5,ridge_base_alpha_0.01,27,2024-12-25,2024-12-26,2024-12-31,4,4,0.14127856959282822
10,6,ridge_base_alpha_0.01,1,2023-12-27,2023-12-28,2024-01-10,10,9,0.14206452344418377
10,6,ridge_base_alpha_0.01,2,2024-01-10,2024-01-11,2024-01-24,10,10,0.1081321565725017
10,6,ridge_base_alpha_0.01,3,2024-01-24,2024-01-25,2024-02-07,10,10,0.1127500760649697
10,6,ridge_base_alpha_0.01,4,2024-02-07,2024-02-08,2024-02-21,10,6,0.10682722093391786
10,6,ridge_base_alpha_0.01,5,2024-02-21,2024-02-22,2024-03-06,10,10,0.15858648908561992
10,6,ridge_base_alpha_0.01,6,2024-03-06,2024-03-07,2024-03-20,10,10,0.125615477210956
10,6,ridge_base_alpha_0.01,7,2024-03-20,2024-03-21,2024-04-03,10,10,0.16045704571094122
10,6,ridge_base_alpha_0.01,8,2024-04-03,2024-04-04,2024-04-17,10,10,0.1334892348277127
10,6,ridge_base_alpha_0.01,9,2024-04-17,2024-04-18,2024-05-01,10,10,0.18734757952010817
10,6,ridge_base_alpha_0.01,10,2024-05-01,2024-05-02,2024-05-15,10,10,0.10951366295106427
10,6,ridge_base_alpha_0.01,11,2024-05-15,2024-05-16,2024-05-29,10,10,0.31328929420101237
10,6,ridge_base_alpha_0.01,12,2024-05-29,2024-05-30,2024-06-12,10,10,0.12474910819054769
10,6,ridge_base_alpha_0.01,13,2024-06-12,2024-06-13,2024-06-26,10,10,0.09329734593295443
10,6,ridge_base_alpha_0.01,14,2024-06-26,2024-06-27,2024-07-10,10,10,0.11445615698127878
10,6,ridge_base_alpha_0.01,15,2024-07-10,2024-07-11,2024-07-24,10,10,0.1152070451110882
10,6,ridge_base_alpha_0.01,16,2024-07-24,2024-07-25,2024-08-07,10,10,0.1439643864792514
10,6,ridge_base_alpha_0.01,17,2024-08-07,2024-08-08,2024-08-21,10,10,0.16785494841324966
10,6,ridge_base_alpha_0.01,18,2024-08-21,2024-08-22,2024-09-04,10,10,0.11503049196129032
10,6,ridge_base_alpha_0.01,19,2024-09-04,2024-09-05,2024-09-18,10,10,0.052631178839550374
10,6,ridge_base_alpha_0.01,20,2024-09-18,2024-09-19,2024-10-02,10,10,0.1156642630020025
10,6,ridge_base_alpha_0.01,21,2024-10-02,2024-10-03,2024-10-16,10,10,0.07575126154247791
10,6,ridge_base_alpha_0.01,22,2024-10-16,2024-10-17,2024-10-30,10,10,0.0883493144122752
10,6,ridge_base_alpha_0.01,23,2024-10-30,2024-10-31,2024-11-13,10,10,0.125786199948932
10,6,ridge_base_alpha_0.01,24,2024-11-13,2024-11-14,2024-11-27,10,10,0.06739731668443846
10,6,ridge_base_alpha_0.01,25,2024-11-27,2024-11-28,2024-12-11,10,10,0.14358663554313336
10,6,ridge_base_alpha_0.01,26,2024-12-11,2024-12-12,2024-12-25,10,9,0.11580827935393159
10,6,ridge_base_alpha_0.01,27,2024-12-25,2024-12-26,2024-12-31,4,4,0.21872548944640968
10,7,ridge_base_alpha_0.01,1,2023-12-27,2023-12-28,2024-01-10,10,9,0.12479968581052077
10,7,ridge_base_alpha_0.01,2,2024-01-10,2024-01-11,2024-01-24,10,10,0.2993748498796955
10,7,ridge_base_alpha_0.01,3,2024-01-24,2024-01-25,2024-02-07,10,10,0.19197468738552623
10,7,ridge_base_alpha_0.01,4,2024-02-07,2024-02-08,2024-02-21,10,6,0.19828049837326656
10,7,ridge_base_alpha_0.01,5,2024-02-21,2024-02-22,2024-03-06,10,10,0.17898767577955044
10,7,ridge_base_alpha_0.01,6,2024-03-06,2024-03-07,2024-03-20,10,10,0.14921072313164807
10,7,ridge_base_alpha_0.01,7,2024-03-20,2024-03-21,2024-04-03,10,10,0.22298690545850486
10,7,ridge_base_alpha_0.01,8,2024-04-03,2024-04-04,2024-04-17,10,10,0.16924490972544395
10,7,ridge_base_alpha_0.01,9,2024-04-17,2024-04-18,2024-05-01,10,10,0.3313296052494663
10,7,ridge_base_alpha_0.01,10,2024-05-01,2024-05-02,2024-05-15,10,10,0.2033218458802853
10,7,ridge_base_alpha_0.01,11,2024-05-15,2024-05-16,2024-05-29,10,10,0.390154235024719
10,7,ridge_base_alpha_0.01,12,2024-05-29,2024-05-30,2024-06-12,10,10,0.16617642599141472
10,7,ridge_base_alpha_0.01,13,2024-06-12,2024-06-13,2024-06-26,10,10,0.15137016377787926
10,7,ridge_base_alpha_0.01,14,2024-06-26,2024-06-27,2024-07-10,10,10,0.10764659268866705
10,7,ridge_base_alpha_0.01,15,2024-07-10,2024-07-11,2024-07-24,10,10,0.17079011545505376
10,7,ridge_base_alpha_0.01,16,2024-07-24,2024-07-25,2024-08-07,10,10,0.19365703357248576
10,7,ridge_base_alpha_0.01,17,2024-08-07,2024-08-08,2024-08-21,10,10,0.3760663883883032
10,7,ridge_base_alpha_0.01,18,2024-08-21,2024-08-22,2024-09-04,10,10,0.34324720925342045
10,7,ridge_base_alpha_0.01,19,2024-09-04,2024-09-05,2024-09-18,10,10,0.2795372776115861
10,7,ridge_base_alpha_0.01,20,2024-09-18,2024-09-19,2024-10-02,10,10,0.3663068597661284
10,7,ridge_base_alpha_0.01,21,2024-10-02,2024-10-03,2024-10-16,10,10,0.4143744366484485
10,7,ridge_base_alpha_0.01,22,2024-10-16,2024-10-17,2024-10-30,10,10,0.22819818332252
10,7,ridge_base_alpha_0.01,23,2024-10-30,2024-10-31,2024-11-13,10,10,0.317067935690555
10,7,ridge_base_alpha_0.01,24,2024-11-13,2024-11-14,2024-11-27,10,10,0.3296409599052109
10,7,ridge_base_alpha_0.01,25,2024-11-27,2024-11-28,2024-12-11,10,10,0.18927649255600007
10,7,ridge_base_alpha_0.01,26,2024-12-11,2024-12-12,2024-12-25,10,9,0.1720261260793397
10,7,ridge_base_alpha_0.01,27,2024-12-25,2024-12-26,2024-12-31,4,4,0.7568954439684942
10,8,ridge_base_alpha_0.01,1,2023-12-27,2023-12-28,2024-01-10,10,9,0.3726702217789992
10,8,ridge_base_alpha_0.01,2,2024-01-10,2024-01-11,2024-01-24,10,10,0.26278379761122134
10,8,ridge_base_alpha_0.01,3,2024-01-24,2024-01-25,2024-02-07,10,10,0.1816024740719233
10,8,ridge_base_alpha_0.01,4,2024-02-07,2024-02-08,2024-02-21,10,6,0.2943421055718175
10,8,ridge_base_alpha_0.01,5,2024-02-21,2024-02-22,2024-03-06,10,10,0.2335867056526258
10,8,ridge_base_alpha_0.01,6,2024-03-06,2024-03-07,2024-03-20,10,10,0.1821237397777456
10,8,ridge_base_alpha_0.01,7,2024-03-20,2024-03-21,2024-04-03,10,10,0.36466301040083265
10,8,ridge_base_alpha_0.01,8,2024-04-03,2024-04-04,2024-04-17,10,10,0.36759292441090685
10,8,ridge_base_alpha_0.01,9,2024-04-17,2024-04-18,2024-05-01,10,10,0.22735228523963388
10,8,ridge_base_alpha_0.01,10,2024-05-01,2024-05-02,2024-05-15,10,10,0.10645802900476616
10,8,ridge_base_alpha_0.01,11,2024-05-15,2024-05-16,2024-05-29,10,10,0.3426183761151352
10,8,ridge_base_alpha_0.01,12,2024-05-29,2024-05-30,2024-06-12,10,10,0.10037029100504023
10,8,ridge_base_alpha_0.01,13,2024-06-12,2024-06-13,2024-06-26,10,10,0.11814062620102742
10,8,ridge_base_alpha_0.01,14,2024-06-26,2024-06-27,2024-07-10,10,10,0.1813539850069249
10,8,ridge_base_alpha_0.01,15,2024-07-10,2024-07-11,2024-07-24,10,10,0.09561144663342076
10,8,ridge_base_alpha_0.01,16,2024-07-24,2024-07-25,2024-08-07,10,10,0.18924964549074963
10,8,ridge_base_alpha_0.01,17,2024-08-07,2024-08-08,2024-08-21,10,10,0.20494956390819224
10,8,ridge_base_alpha_0.01,18,2024-08-21,2024-08-22,2024-09-04,10,10,0.09339992637253389
10,8,ridge_base_alpha_0.01,19,2024-09-04,2024-09-05,2024-09-18,10,10,0.08202547991987402
10,8,ridge_base_alpha_0.01,20,2024-09-18,2024-09-19,2024-10-02,10,10,0.1524772636516012
10,8,ridge_base_alpha_0.01,21,2024-10-02,2024-10-03,2024-10-16,10,10,0.10045053749018318
10,8,ridge_base_alpha_0.01,22,2024-10-16,2024-10-17,2024-10-30,10,10,0.037511952818585076
10,8,ridge_base_alpha_0.01,23,2024-10-30,2024-10-31,2024-11-13,10,10,0.09870702149959112
10,8,ridge_base_alpha_0.01,24,2024-11-13,2024-11-14,2024-11-27,10,10,0.12432741145838577
10,8,ridge_base_alpha_0.01,25,2024-11-27,2024-11-28,2024-12-11,10,10,0.14032479508823617
10,8,ridge_base_alpha_0.01,26,2024-12-11,2024-12-12,2024-12-25,10,9,0.07312213621570265
10,8,ridge_base_alpha_0.01,27,2024-12-25,2024-12-26,2024-12-31,4,4,0.18400202939943996
10,9,ridge_base_alpha_0.01,1,2023-12-27,2023-12-28,2024-01-10,10,9,0.18933381203899566
10,9,ridge_base_alpha_0.01,2,2024-01-10,2024-01-11,2024-01-24,10,10,0.24587269965873237
10,9,ridge_base_alpha_0.01,3,2024-01-24,2024-01-25,2024-02-07,10,10,0.11309696271231162
10,9,ridge_base_alpha_0.01,4,2024-02-07,2024-02-08,2024-02-21,10,6,0.44925809599037025
10,9,ridge_base_alpha_0.01,5,2024-02-21,2024-02-22,2024-03-06,10,10,0.17709173988222268
10,9,ridge_base_alpha_0.01,6,2024-03-06,2024-03-07,2024-03-20,10,10,0.05993173666549711
10,9,ridge_base_alpha_0.01,7,2024-03-20,2024-03-21,2024-04-03,10,10,0.26605026193237
10,9,ridge_base_alpha_0.01,8,2024-04-03,2024-04-04,2024-04-17,10,10,0.3076103385589692
10,9,ridge_base_alpha_0.01,9,2024-04-17,2024-04-18,2024-05-01,10,10,0.2487061687353423
10,9,ridge_base_alpha_0.01,10,2024-05-01,2024-05-02,2024-05-15,10,10,0.3969938517746938
10,9,ridge_base_alpha_0.01,11,2024-05-15,2024-05-16,2024-05-29,10,10,0.3231044579021793
10,9,ridge_base_alpha_0.01,12,2024-05-29,2024-05-30,2024-06-12,10,10,0.13691342216079216
10,9,ridge_base_alpha_0.01,13,2024-06-12,2024-06-13,2024-06-26,10,10,0.12219683075911202
10,9,ridge_base_alpha_0.01,14,2024-06-26,2024-06-27,2024-07-10,10,10,0.31915443960416007
10,9,ridge_base_alpha_0.01,15,2024-07-10,2024-07-11,2024-07-24,10,10,0.06647925951814646
10,9,ridge_base_alpha_0.01,16,2024-07-24,2024-07-25,2024-08-07,10,10,0.14374652909937788
10,9,ridge_base_alpha_0.01,17,2024-08-07,2024-08-08,2024-08-21,10,10,0.17929362140975252
10,9,ridge_base_alpha_0.01,18,2024-08-21,2024-08-22,2024-09-04,10,10,0.1283261511224718
10,9,ridge_base_alpha_0.01,19,2024-09-04,2024-09-05,2024-09-18,10,10,0.13265939959167192
10,9,ridge_base_alpha_0.01,20,2024-09-18,2024-09-19,2024-10-02,10,10,0.07721195286520302
10,9,ridge_base_alpha_0.01,21,2024-10-02,2024-10-03,2024-10-16,10,10,0.1582852631528966
10,9,ridge_base_alpha_0.01,22,2024-10-16,2024-10-17,2024-10-30,10,10,0.06835448560988171
10,9,ridge_base_alpha_0.01,23,2024-10-30,2024-10-31,2024-11-13,10,10,0.12486360443298766
10,9,ridge_base_alpha_0.01,24,2024-11-13,2024-11-14,2024-11-27,10,10,0.07959367571866938
10,9,ridge_base_alpha_0.01,25,2024-11-27,2024-11-28,2024-12-11,10,10,0.09445105581348756
10,9,ridge_base_alpha_0.01,26,2024-12-11,2024-12-12,2024-12-25,10,9,0.07738253569408335
10,9,ridge_base_alpha_0.01,27,2024-12-25,2024-12-26,2024-12-31,4,4,0.2585720903581173
10,11,ridge_base_alpha_0.01,1,2023-12-27,2023-12-28,2024-01-10,10,9,0.11728457525418085
10,11,ridge_base_alpha_0.01,2,2024-01-10,2024-01-11,2024-01-24,10,10,1.5957451859493206
10,11,ridge_base_alpha_0.01,3,2024-01-24,2024-01-25,2024-02-07,10,10,0.8491309097414844
10,11,ridge_base_alpha_0.01,4,2024-02-07,2024-02-08,2024-02-21,10,6,0.14253069420869696
10,11,ridge_base_alpha_0.01,5,2024-02-21,2024-02-22,2024-03-06,10,10,0.16466537291800998
10,11,ridge_base_alpha_0.01,6,2024-03-06,2024-03-07,2024-03-20,10,10,0.1585113060192581
10,11,ridge_base_alpha_0.01,7,2024-03-20,2024-03-21,2024-04-03,10,10,0.16004293878382947
10,11,ridge_base_alpha_0.01,8,2024-04-03,2024-04-04,2024-04-17,10,10,0.23182481117338805
10,11,ridge_base_alpha_0.01,9,2024-04-17,2024-04-18,2024-05-01,10,10,0.1318982557268847
10,11,ridge_base_alpha_0.01,10,2024-05-01,2024-05-02,2024-05-15,10,10,0.3463193594142445
10,11,ridge_base_alpha_0.01,11,2024-05-15,2024-05-16,2024-05-29,10,10,0.2236927127684782
10,11,ridge_base_alpha_0.01,12,2024-05-29,2024-05-30,2024-06-12,10,10,0.17566381400496078
10,11,ridge_base_alpha_0.01,13,2024-06-12,2024-06-13,2024-06-26,10,10,0.12324047574027433
10,11,ridge_base_alpha_0.01,14,2024-06-26,2024-06-27,2024-07-10,10,10,0.17546544623726593
10,11,ridge_base_alpha_0.01,15,2024-07-10,2024-07-11,2024-07-24,10,10,0.2152068182152095
10,11,ridge_base_alpha_0.01,16,2024-07-24,2024-07-25,2024-08-07,10,10,0.09879280635948721
10,11,ridge_base_alpha_0.01,17,2024-08-07,2024-08-08,2024-08-21,10,10,0.25862273190163115
10,11,ridge_base_alpha_0.01,18,2024-08-21,2024-08-22,2024-09-04,10,10,0.1896192020383688
10,11,ridge_base_alpha_0.01,19,2024-09-04,2024-09-05,2024-09-18,10,10,0.2224476056226879
10,11,ridge_base_alpha_0.01,20,2024-09-18,2024-09-19,2024-10-02,10,10,0.08395558551284699
10,11,ridge_base_alpha_0.01,21,2024-10-02,2024-10-03,2024-10-16,10,10,0.17938853901500756
10,11,ridge_base_alpha_0.01,22,2024-10-16,2024-10-17,2024-10-30,10,10,0.1373240758041115
10,11,ridge_base_alpha_0.01,23,2024-10-30,2024-10-31,2024-11-13,10,10,0.11203003705138587
10,11,ridge_base_alpha_0.01,24,2024-11-13,2024-11-14,2024-11-27,10,10,0.5395159487943184
10,11,ridge_base_alpha_0.01,25,2024-11-27,2024-11-28,2024-12-11,10,10,1.5405448355494267
10,11,ridge_base_alpha_0.01,26,2024-12-11,2024-12-12,2024-12-25,10,9,1.4386361331965958
10,11,ridge_base_alpha_0.01,27,2024-12-25,2024-12-26,2024-12-31,4,4,1.7706496788063515
10,12,ridge_base_alpha_0.01,1,2023-12-27,2023-12-28,2024-01-10,10,9,0.7951604282570737
10,12,ridge_base_alpha_0.01,2,2024-01-10,2024-01-11,2024-01-24,10,10,1.1634865646192833
10,12,ridge_base_alpha_0.01,3,2024-01-24,2024-01-25,2024-02-07,10,10,0.8087263934185496
10,12,ridge_base_alpha_0.01,4,2024-02-07,2024-02-08,2024-02-21,10,6,1.892250882582235
10,12,ridge_base_alpha_0.01,5,2024-02-21,2024-02-22,2024-03-06,10,10,1.6601263587321782
10,12,ridge_base_alpha_0.01,6,2024-03-06,2024-03-07,2024-03-20,10,10,1.8800511578161132
10,12,ridge_base_alpha_0.01,7,2024-03-20,2024-03-21,2024-04-03,10,10,2.0
10,12,ridge_base_alpha_0.01,8,2024-04-03,2024-04-04,2024-04-17,10,10,1.8564179569932275
10,12,ridge_base_alpha_0.01,9,2024-04-17,2024-04-18,2024-05-01,10,10,1.680103983595943
10,12,ridge_base_alpha_0.01,10,2024-05-01,2024-05-02,2024-05-15,10,10,0.7829185689891922
10,12,ridge_base_alpha_0.01,11,2024-05-15,2024-05-16,2024-05-29,10,10,1.2874753884068468
10,12,ridge_base_alpha_0.01,12,2024-05-29,2024-05-30,2024-06-12,10,10,1.2350379190768543
10,12,ridge_base_alpha_0.01,13,2024-06-12,2024-06-13,2024-06-26,10,10,0.631996974287321
10,12,ridge_base_alpha_0.01,14,2024-06-26,2024-06-27,2024-07-10,10,10,1.041708372329185
10,12,ridge_base_alpha_0.01,15,2024-07-10,2024-07-11,2024-07-24,10,10,1.3486178376354874
10,12,ridge_base_alpha_0.01,16,2024-07-24,2024-07-25,2024-08-07,10,10,1.1362901833924328
10,12,ridge_base_alpha_0.01,17,2024-08-07,2024-08-08,2024-08-21,10,10,1.2521665660459398
10,12,ridge_base_alpha_0.01,18,2024-08-21,2024-08-22,2024-09-04,10,10,1.216493788702044
10,12,ridge_base_alpha_0.01,19,2024-09-04,2024-09-05,2024-09-18,10,10,0.9713212203726083
10,12,ridge_base_alpha_0.01,20,2024-09-18,2024-09-19,2024-10-02,10,10,0.987432637003842
10,12,ridge_base_alpha_0.01,21,2024-10-02,2024-10-03,2024-10-16,10,10,0.9783632499307781
10,12,ridge_base_alpha_0.01,22,2024-10-16,2024-10-17,2024-10-30,10,10,0.8116791202867862
10,12,ridge_base_alpha_0.01,23,2024-10-30,2024-10-31,2024-11-13,10,10,1.0452979703954988
10,12,ridge_base_alpha_0.01,24,2024-11-13,2024-11-14,2024-11-27,10,10,0.3442161491982276
10,12,ridge_base_alpha_0.01,25,2024-11-27,2024-11-28,2024-12-11,10,10,1.139219275519895
10,12,ridge_base_alpha_0.01,26,2024-12-11,2024-12-12,2024-12-25,10,9,1.310408658713613
10,12,ridge_base_alpha_0.01,27,2024-12-25,2024-12-26,2024-12-31,4,4,2.0
10,13,ridge_base_alpha_0.01,1,2023-12-27,2023-12-28,2024-01-10,10,9,2.0
10,13,ridge_base_alpha_0.01,2,2024-01-10,2024-01-11,2024-01-24,10,10,2.0
10,13,ridge_base_alpha_0.01,3,2024-01-24,2024-01-25,2024-02-07,10,10,1.9674676088229657
10,13,ridge_base_alpha_0.01,4,2024-02-07,2024-02-08,2024-02-21,10,6,2.0
10,13,ridge_base_alpha_0.01,5,2024-02-21,2024-02-22,2024-03-06,10,10,2.0
10,13,ridge_base_alpha_0.01,6,2024-03-06,2024-03-07,2024-03-20,10,10,1.6334500352631747
10,13,ridge_base_alpha_0.01,7,2024-03-20,2024-03-21,2024-04-03,10,10,1.5668953216755164
10,13,ridge_base_alpha_0.01,8,2024-04-03,2024-04-04,2024-04-17,10,10,2.0
10,13,ridge_base_alpha_0.01,9,2024-04-17,2024-04-18,2024-05-01,10,10,1.5406232179972603
10,13,ridge_base_alpha_0.01,10,2024-05-01,2024-05-02,2024-05-15,10,10,0.9615153102192615
10,13,ridge_base_alpha_0.01,11,2024-05-15,2024-05-16,2024-05-29,10,10,2.0
10,13,ridge_base_alpha_0.01,12,2024-05-29,2024-05-30,2024-06-12,10,10,1.8439285159327277
10,13,ridge_base_alpha_0.01,13,2024-06-12,2024-06-13,2024-06-26,10,10,1.9340191304227314
10,13,ridge_base_alpha_0.01,14,2024-06-26,2024-06-27,2024-07-10,10,10,1.9185087402869134
10,13,ridge_base_alpha_0.01,15,2024-07-10,2024-07-11,2024-07-24,10,10,1.7096550323281652
10,13,ridge_base_alpha_0.01,16,2024-07-24,2024-07-25,2024-08-07,10,10,1.56737802644221
10,13,ridge_base_alpha_0.01,17,2024-08-07,2024-08-08,2024-08-21,10,10,1.65520570258217
10,13,ridge_base_alpha_0.01,18,2024-08-21,2024-08-22,2024-09-04,10,10,1.5460562346423763
10,13,ridge_base_alpha_0.01,19,2024-09-04,2024-09-05,2024-09-18,10,10,1.88688192743197
10,13,ridge_base_alpha_0.01,20,2024-09-18,2024-09-19,2024-10-02,10,10,1.980160487622026
10,13,ridge_base_alpha_0.01,21,2024-10-02,2024-10-03,2024-10-16,10,10,1.6010187104670763
10,13,ridge_base_alpha_0.01,22,2024-10-16,2024-10-17,2024-10-30,10,10,2.0
10,13,ridge_base_alpha_0.01,23,2024-10-30,2024-10-31,2024-11-13,10,10,2.0
10,13,ridge_base_alpha_0.01,24,2024-11-13,2024-11-14,2024-11-27,10,10,2.0
10,13,ridge_base_alpha_0.01,25,2024-11-27,2024-11-28,2024-12-11,10,10,1.975443134817325
10,13,ridge_base_alpha_0.01,26,2024-12-11,2024-12-12,2024-12-25,10,9,1.918410802447491
10,13,ridge_base_alpha_0.01,27,2024-12-25,2024-12-26,2024-12-31,4,4,1.6389514465833601
10,1,ridge_base_alpha_0.1,1,2023-12-27,2023-12-28,2024-01-10,10,9,0.1334653404924296
10,1,ridge_base_alpha_0.1,2,2024-01-10,2024-01-11,2024-01-24,10,10,0.24910195782698016
10,1,ridge_base_alpha_0.1,3,2024-01-24,2024-01-25,2024-02-07,10,10,0.06559032367736749
10,1,ridge_base_alpha_0.1,4,2024-02-07,2024-02-08,2024-02-21,10,6,0.10744438292124459
10,1,ridge_base_alpha_0.1,5,2024-02-21,2024-02-22,2024-03-06,10,10,0.0673717814941793
10,1,ridge_base_alpha_0.1,6,2024-03-06,2024-03-07,2024-03-20,10,10,0.09030458661278096
10,1,ridge_base_alpha_0.1,7,2024-03-20,2024-03-21,2024-04-03,10,10,0.12593872195283867
10,1,ridge_base_alpha_0.1,8,2024-04-03,2024-04-04,2024-04-17,10,10,0.07318972237413379
10,1,ridge_base_alpha_0.1,9,2024-04-17,2024-04-18,2024-05-01,10,10,0.20755706315269618
10,1,ridge_base_alpha_0.1,10,2024-05-01,2024-05-02,2024-05-15,10,10,0.2097167141531262
10,1,ridge_base_alpha_0.1,11,2024-05-15,2024-05-16,2024-05-29,10,10,0.10637542456273359
10,1,ridge_base_alpha_0.1,12,2024-05-29,2024-05-30,2024-06-12,10,10,0.12411539899506692
10,1,ridge_base_alpha_0.1,13,2024-06-12,2024-06-13,2024-06-26,10,10,0.09985710479843764
10,1,ridge_base_alpha_0.1,14,2024-06-26,2024-06-27,2024-07-10,10,10,0.05884599497954701
10,1,ridge_base_alpha_0.1,15,2024-07-10,2024-07-11,2024-07-24,10,10,0.061041838013321185
10,1,ridge_base_alpha_0.1,16,2024-07-24,2024-07-25,2024-08-07,10,10,0.08827359311717153
10,1,ridge_base_alpha_0.1,17,2024-08-07,2024-08-08,2024-08-21,10,10,0.1032839602083767
10,1,ridge_base_alpha_0.1,18,2024-08-21,2024-08-22,2024-09-04,10,10,0.0818102953735667
10,1,ridge_base_alpha_0.1,19,2024-09-04,2024-09-05,2024-09-18,10,10,0.15330062580020676
10,1,ridge_base_alpha_0.1,20,2024-09-18,2024-09-19,2024-10-02,10,10,0.107580152308214
10,1,ridge_base_alpha_0.1,21,2024-10-02,2024-10-03,2024-10-16,10,10,0.11900767710973942
10,1,ridge_base_alpha_0.1,22,2024-10-16,2024-10-17,2024-10-30,10,10,0.15995855744582843
10,1,ridge_base_alpha_0.1,23,2024-10-30,2024-10-31,2024-11-13,10,10,0.14197074385415087
10,1,ridge_base_alpha_0.1,24,2024-11-13,2024-11-14,2024-11-27,10,10,0.16821689499691175
10,1,ridge_base_alpha_0.1,25,2024-11-27,2024-11-28,2024-12-11,10,10,0.059017465007582995
10,1,ridge_base_alpha_0.1,26,2024-12-11,2024-12-12,2024-12-25,10,9,0.09543962803196607
10,1,ridge_base_alpha_0.1,27,2024-12-25,2024-12-26,2024-12-31,4,4,0.08485476410099166
10,3,ridge_base_alpha_0.1,1,2023-12-27,2023-12-28,2024-01-10,10,9,0.07544827909033314
10,3,ridge_base_alpha_0.1,2,2024-01-10,2024-01-11,2024-01-24,10,10,0.15286353356780247
10,3,ridge_base_alpha_0.1,3,2024-01-24,2024-01-25,2024-02-07,10,10,0.11183510882298656
10,3,ridge_base_alpha_0.1,4,2024-02-07,2024-02-08,2024-02-21,10,6,0.11116768004158346
10,3,ridge_base_alpha_0.1,5,2024-02-21,2024-02-22,2024-03-06,10,10,0.07726988170269851
10,3,ridge_base_alpha_0.1,6,2024-03-06,2024-03-07,2024-03-20,10,10,0.10327682869437611
10,3,ridge_base_alpha_0.1,7,2024-03-20,2024-03-21,2024-04-03,10,10,0.12557045440147588
10,3,ridge_base_alpha_0.1,8,2024-04-03,2024-04-04,2024-04-17,10,10,0.0986483099076315
10,3,ridge_base_alpha_0.1,9,2024-04-17,2024-04-18,2024-05-01,10,10,0.26947053369402385
10,3,ridge_base_alpha_0.1,10,2024-05-01,2024-05-02,2024-05-15,10,10,0.12202974290096975
10,3,ridge_base_alpha_0.1,11,2024-05-15,2024-05-16,2024-05-29,10,10,0.3326625602156631
10,3,ridge_base_alpha_0.1,12,2024-05-29,2024-05-30,2024-06-12,10,10,0.0877713103469374
10,3,ridge_base_alpha_0.1,13,2024-06-12,2024-06-13,2024-06-26,10,10,0.06652172748307932
10,3,ridge_base_alpha_0.1,14,2024-06-26,2024-06-27,2024-07-10,10,10,0.13341912156102112
10,3,ridge_base_alpha_0.1,15,2024-07-10,2024-07-11,2024-07-24,10,10,0.06521614543457493
10,3,ridge_base_alpha_0.1,16,2024-07-24,2024-07-25,2024-08-07,10,10,0.16213250903346857
10,3,ridge_base_alpha_0.1,17,2024-08-07,2024-08-08,2024-08-21,10,10,0.3211633574151198
10,3,ridge_base_alpha_0.1,18,2024-08-21,2024-08-22,2024-09-04,10,10,0.12309712927287662
10,3,ridge_base_alpha_0.1,19,2024-09-04,2024-09-05,2024-09-18,10,10,0.23706323691389428
10,3,ridge_base_alpha_0.1,20,2024-09-18,2024-09-19,2024-10-02,10,10,0.0884160600954988
10,3,ridge_base_alpha_0.1,21,2024-10-02,2024-10-03,2024-10-16,10,10,0.14122821362695032
10,3,ridge_base_alpha_0.1,22,2024-10-16,2024-10-17,2024-10-30,10,10,0.10259724604226564
10,3,ridge_base_alpha_0.1,23,2024-10-30,2024-10-31,2024-11-13,10,10,0.0580781196483717
10,3,ridge_base_alpha_0.1,24,2024-11-13,2024-11-14,2024-11-27,10,10,0.11713706092637191
10,3,ridge_base_alpha_0.1,25,2024-11-27,2024-11-28,2024-12-11,10,10,0.2608731448748833
10,3,ridge_base_alpha_0.1,26,2024-12-11,2024-12-12,2024-12-25,10,9,0.07750673712908553
10,3,ridge_base_alpha_0.1,27,2024-12-25,2024-12-26,2024-12-31,4,4,0.5396256962028344
10,4,ridge_base_alpha_0.1,1,2023-12-27,2023-12-28,2024-01-10,10,9,0.16715853561208907
10,4,ridge_base_alpha_0.1,2,2024-01-10,2024-01-11,2024-01-24,10,10,0.18262451017584672
10,4,ridge_base_alpha_0.1,3,2024-01-24,2024-01-25,2024-02-07,10,10,0.07747520377144035
10,4,ridge_base_alpha_0.1,4,2024-02-07,2024-02-08,2024-02-21,10,6,0.13589795854416534
10,4,ridge_base_alpha_0.1,5,2024-02-21,2024-02-22,2024-03-06,10,10,0.09795487121873846
10,4,ridge_base_alpha_0.1,6,2024-03-06,2024-03-07,2024-03-20,10,10,0.05812690142393323
10,4,ridge_base_alpha_0.1,7,2024-03-20,2024-03-21,2024-04-03,10,10,0.17461073940730598
10,4,ridge_base_alpha_0.1,8,2024-04-03,2024-04-04,2024-04-17,10,10,0.10534237939692226
10,4,ridge_base_alpha_0.1,9,2024-04-17,2024-04-18,2024-05-01,10,10,0.30996281655698077
10,4,ridge_base_alpha_0.1,10,2024-05-01,2024-05-02,2024-05-15,10,10,0.2610057031548682
10,4,ridge_base_alpha_0.1,11,2024-05-15,2024-05-16,2024-05-29,10,10,0.27931586381662227
10,4,ridge_base_alpha_0.1,12,2024-05-29,2024-05-30,2024-06-12,10,10,0.1366200868540724
10,4,ridge_base_alpha_0.1,13,2024-06-12,2024-06-13,2024-06-26,10,10,0.11478323340166485
10,4,ridge_base_alpha_0.1,14,2024-06-26,2024-06-27,2024-07-10,10,10,0.15345064467599284
10,4,ridge_base_alpha_0.1,15,2024-07-10,2024-07-11,2024-07-24,10,10,0.14109708786418992
10,4,ridge_base_alpha_0.1,16,2024-07-24,2024-07-25,2024-08-07,10,10,0.09949327389398432
10,4,ridge_base_alpha_0.1,17,2024-08-07,2024-08-08,2024-08-21,10,10,0.23578423849636707
10,4,ridge_base_alpha_0.1,18,2024-08-21,2024-08-22,2024-09-04,10,10,0.11395012118961033
10,4,ridge_base_alpha_0.1,19,2024-09-04,2024-09-05,2024-09-18,10,10,0.14352834902967665
10,4,ridge_base_alpha_0.1,20,2024-09-18,2024-09-19,2024-10-02,10,10,0.21416832640315878
10,4,ridge_base_alpha_0.1,21,2024-10-02,2024-10-03,2024-10-16,10,10,0.3316221263124324
10,4,ridge_base_alpha_0.1,22,2024-10-16,2024-10-17,2024-10-30,10,10,0.14460038288592095
10,4,ridge_base_alpha_0.1,23,2024-10-30,2024-10-31,2024-11-13,10,10,0.08494762969658505
10,4,ridge_base_alpha_0.1,24,2024-11-13,2024-11-14,2024-11-27,10,10,0.09881546811493867
10,4,ridge_base_alpha_0.1,25,2024-11-27,2024-11-28,2024-12-11,10,10,0.09638190411588746
10,4,ridge_base_alpha_0.1,26,2024-12-11,2024-12-12,2024-12-25,10,9,0.1201996853837531
10,4,ridge_base_alpha_0.1,27,2024-12-25,2024-12-26,2024-12-31,4,4,0.57983739369222
10,5,ridge_base_alpha_0.1,1,2023-12-27,2023-12-28,2024-01-10,10,9,0.1954044432036102
10,5,ridge_base_alpha_0.1,2,2024-01-10,2024-01-11,2024-01-24,10,10,0.14644010317211145
10,5,ridge_base_alpha_0.1,3,2024-01-24,2024-01-25,2024-02-07,10,10,0.11373425433165424
10,5,ridge_base_alpha_0.1,4,2024-02-07,2024-02-08,2024-02-21,10,6,0.09734911322225966
10,5,ridge_base_alpha_0.1,5,2024-02-21,2024-02-22,2024-03-06,10,10,0.05634843162965947
10,5,ridge_base_alpha_0.1,6,2024-03-06,2024-03-07,2024-03-20,10,10,0.09138646741458606
10,5,ridge_base_alpha_0.1,7,2024-03-20,2024-03-21,2024-04-03,10,10,0.10778735823022506
10,5,ridge_base_alpha_0.1,8,2024-04-03,2024-04-04,2024-04-17,10,10,0.07651622974307692
10,5,ridge_base_alpha_0.1,9,2024-04-17,2024-04-18,2024-05-01,10,10,0.27242511372277695
10,5,ridge_base_alpha_0.1,10,2024-05-01,2024-05-02,2024-05-15,10,10,0.09522690786644222
10,5,ridge_base_alpha_0.1,11,2024-05-15,2024-05-16,2024-05-29,10,10,0.2568673548576648
10,5,ridge_base_alpha_0.1,12,2024-05-29,2024-05-30,2024-06-12,10,10,0.07342224158505653
10,5,ridge_base_alpha_0.1,13,2024-06-12,2024-06-13,2024-06-26,10,10,0.0521283007546004
10,5,ridge_base_alpha_0.1,14,2024-06-26,2024-06-27,2024-07-10,10,10,0.08425173866276608
10,5,ridge_base_alpha_0.1,15,2024-07-10,2024-07-11,2024-07-24,10,10,0.06911107439162552
10,5,ridge_base_alpha_0.1,16,2024-07-24,2024-07-25,2024-08-07,10,10,0.10715555931416301
10,5,ridge_base_alpha_0.1,17,2024-08-07,2024-08-08,2024-08-21,10,10,0.1183735608771245
10,5,ridge_base_alpha_0.1,18,2024-08-21,2024-08-22,2024-09-04,10,10,0.07783251278802503
10,5,ridge_base_alpha_0.1,19,2024-09-04,2024-09-05,2024-09-18,10,10,0.06951293285890907
10,5,ridge_base_alpha_0.1,20,2024-09-18,2024-09-19,2024-10-02,10,10,0.0788997233289822
10,5,ridge_base_alpha_0.1,21,2024-10-02,2024-10-03,2024-10-16,10,10,0.06428380485925235
10,5,ridge_base_alpha_0.1,22,2024-10-16,2024-10-17,2024-10-30,10,10,0.04284948838027097
10,5,ridge_base_alpha_0.1,23,2024-10-30,2024-10-31,2024-11-13,10,10,0.1191813180109326
10,5,ridge_base_alpha_0.1,24,2024-11-13,2024-11-14,2024-11-27,10,10,0.07946084558793393
10,5,ridge_base_alpha_0.1,25,2024-11-27,2024-11-28,2024-12-11,10,10,0.04462723090534562
10,5,ridge_base_alpha_0.1,26,2024-12-11,2024-12-12,2024-12-25,10,9,0.03518656107339548
10,5,ridge_base_alpha_0.1,27,2024-12-25,2024-12-26,2024-12-31,4,4,0.14050458812950384
10,6,ridge_base_alpha_0.1,1,2023-12-27,2023-12-28,2024-01-10,10,9,0.14787800987151134
10,6,ridge_base_alpha_0.1,2,2024-01-10,2024-01-11,2024-01-24,10,10,0.10360823866206913
10,6,ridge_base_alpha_0.1,3,2024-01-24,2024-01-25,2024-02-07,10,10,0.11524305176582282
10,6,ridge_base_alpha_0.1,4,2024-02-07,2024-02-08,2024-02-21,10,6,0.10889817649594327
10,6,ridge_base_alpha_0.1,5,2024-02-21,2024-02-22,2024-03-06,10,10,0.16358783679626465
10,6,ridge_base_alpha_0.1,6,2024-03-06,2024-03-07,2024-03-20,10,10,0.139522685690763
10,6,ridge_base_alpha_0.1,7,2024-03-20,2024-03-21,2024-04-03,10,10,0.16801359109825717
10,6,ridge_base_alpha_0.1,8,2024-04-03,2024-04-04,2024-04-17,10,10,0.14916112821861532
10,6,ridge_base_alpha_0.1,9,2024-04-17,2024-04-18,2024-05-01,10,10,0.1719893501057473
10,6,ridge_base_alpha_0.1,10,2024-05-01,2024-05-02,2024-05-15,10,10,0.10662223025503113
10,6,ridge_base_alpha_0.1,11,2024-05-15,2024-05-16,2024-05-29,10,10,0.31926867967361594
10,6,ridge_base_alpha_0.1,12,2024-05-29,2024-05-30,2024-06-12,10,10,0.13436163118102523
10,6,ridge_base_alpha_0.1,13,2024-06-12,2024-06-13,2024-06-26,10,10,0.11988592009971932
10,6,ridge_base_alpha_0.1,14,2024-06-26,2024-06-27,2024-07-10,10,10,0.10847367813438653
10,6,ridge_base_alpha_0.1,15,2024-07-10,2024-07-11,2024-07-24,10,10,0.12161512383728881
10,6,ridge_base_alpha_0.1,16,2024-07-24,2024-07-25,2024-08-07,10,10,0.14608351502536862
10,6,ridge_base_alpha_0.1,17,2024-08-07,2024-08-08,2024-08-21,10,10,0.17892182869228546
10,6,ridge_base_alpha_0.1,18,2024-08-21,2024-08-22,2024-09-04,10,10,0.11504180173384437
10,6,ridge_base_alpha_0.1,19,2024-09-04,2024-09-05,2024-09-18,10,10,0.04987283044434778
10,6,ridge_base_alpha_0.1,20,2024-09-18,2024-09-19,2024-10-02,10,10,0.11704548567572995
10,6,ridge_base_alpha_0.1,21,2024-10-02,2024-10-03,2024-10-16,10,10,0.07450838219886856
10,6,ridge_base_alpha_0.1,22,2024-10-16,2024-10-17,2024-10-30,10,10,0.08767586956161955
10,6,ridge_base_alpha_0.1,23,2024-10-30,2024-10-31,2024-11-13,10,10,0.12574065877849536
10,6,ridge_base_alpha_0.1,24,2024-11-13,2024-11-14,2024-11-27,10,10,0.06886604513883794
10,6,ridge_base_alpha_0.1,25,2024-11-27,2024-11-28,2024-12-11,10,10,0.14589637713515244
10,6,ridge_base_alpha_0.1,26,2024-12-11,2024-12-12,2024-12-25,10,9,0.13540250557889863
10,6,ridge_base_alpha_0.1,27,2024-12-25,2024-12-26,2024-12-31,4,4,0.24768237525335235
10,7,ridge_base_alpha_0.1,1,2023-12-27,2023-12-28,2024-01-10,10,9,0.18157650420263174
10,7,ridge_base_alpha_0.1,2,2024-01-10,2024-01-11,2024-01-24,10,10,0.3164067813802034
10,7,ridge_base_alpha_0.1,3,2024-01-24,2024-01-25,2024-02-07,10,10,0.1924672482748041
10,7,ridge_base_alpha_0.1,4,2024-02-07,2024-02-08,2024-02-21,10,6,0.19390175296630244
10,7,ridge_base_alpha_0.1,5,2024-02-21,2024-02-22,2024-03-06,10,10,0.18549847140515727
10,7,ridge_base_alpha_0.1,6,2024-03-06,2024-03-07,2024-03-20,10,10,0.1529651229030377
10,7,ridge_base_alpha_0.1,7,2024-03-20,2024-03-21,2024-04-03,10,10,0.22116316065854288
10,7,ridge_base_alpha_0.1,8,2024-04-03,2024-04-04,2024-04-17,10,10,0.16175509897179877
10,7,ridge_base_alpha_0.1,9,2024-04-17,2024-04-18,2024-05-01,10,10,0.3240956738654812
10,7,ridge_base_alpha_0.1,10,2024-05-01,2024-05-02,2024-05-15,10,10,0.17768522806511508
10,7,ridge_base_alpha_0.1,11,2024-05-15,2024-05-16,2024-05-29,10,10,0.3843975740387488
10,7,ridge_base_alpha_0.1,12,2024-05-29,2024-05-30,2024-06-12,10,10,0.1565947618978566
10,7,ridge_base_alpha_0.1,13,2024-06-12,2024-06-13,2024-06-26,10,10,0.1572101376741318
10,7,ridge_base_alpha_0.1,14,2024-06-26,2024-06-27,2024-07-10,10,10,0.11331623939218638
10,7,ridge_base_alpha_0.1,15,2024-07-10,2024-07-11,2024-07-24,10,10,0.1674906491029442
10,7,ridge_base_alpha_0.1,16,2024-07-24,2024-07-25,2024-08-07,10,10,0.19312880110382727
10,7,ridge_base_alpha_0.1,17,2024-08-07,2024-08-08,2024-08-21,10,10,0.37724218296192646
10,7,ridge_base_alpha_0.1,18,2024-08-21,2024-08-22,2024-09-04,10,10,0.3642780351067691
10,7,ridge_base_alpha_0.1,19,2024-09-04,2024-09-05,2024-09-18,10,10,0.2504402171907776
10,7,ridge_base_alpha_0.1,20,2024-09-18,2024-09-19,2024-10-02,10,10,0.3648381005501679
10,7,ridge_base_alpha_0.1,21,2024-10-02,2024-10-03,2024-10-16,10,10,0.4889025551272269
10,7,ridge_base_alpha_0.1,22,2024-10-16,2024-10-17,2024-10-30,10,10,0.330080996848727
10,7,ridge_base_alpha_0.1,23,2024-10-30,2024-10-31,2024-11-13,10,10,0.3810327484134396
10,7,ridge_base_alpha_0.1,24,2024-11-13,2024-11-14,2024-11-27,10,10,0.38579393900258907
10,7,ridge_base_alpha_0.1,25,2024-11-27,2024-11-28,2024-12-11,10,10,0.2338432402936611
10,7,ridge_base_alpha_0.1,26,2024-12-11,2024-12-12,2024-12-25,10,9,0.18091730579223045
10,7,ridge_base_alpha_0.1,27,2024-12-25,2024-12-26,2024-12-31,4,4,0.767285574661606
10,8,ridge_base_alpha_0.1,1,2023-12-27,2023-12-28,2024-01-10,10,9,0.3536039168486399
10,8,ridge_base_alpha_0.1,2,2024-01-10,2024-01-11,2024-01-24,10,10,0.23749316491692826
10,8,ridge_base_alpha_0.1,3,2024-01-24,2024-01-25,2024-02-07,10,10,0.17903459463073998
10,8,ridge_base_alpha_0.1,4,2024-02-07,2024-02-08,2024-02-21,10,6,0.30703217797653226
10,8,ridge_base_alpha_0.1,5,2024-02-21,2024-02-22,2024-03-06,10,10,0.287131720245345
10,8,ridge_base_alpha_0.1,6,2024-03-06,2024-03-07,2024-03-20,10,10,0.22973634624531383
10,8,ridge_base_alpha_0.1,7,2024-03-20,2024-03-21,2024-04-03,10,10,0.41170626215618084
10,8,ridge_base_alpha_0.1,8,2024-04-03,2024-04-04,2024-04-17,10,10,0.4800368283784991
10,8,ridge_base_alpha_0.1,9,2024-04-17,2024-04-18,2024-05-01,10,10,0.26541393900233395
10,8,ridge_base_alpha_0.1,10,2024-05-01,2024-05-02,2024-05-15,10,10,0.13043170123317618
10,8,ridge_base_alpha_0.1,11,2024-05-15,2024-05-16,2024-05-29,10,10,0.35120721661099225
10,8,ridge_base_alpha_0.1,12,2024-05-29,2024-05-30,2024-06-12,10,10,0.11970929674573066
10,8,ridge_base_alpha_0.1,13,2024-06-12,2024-06-13,2024-06-26,10,10,0.12407569594550388
10,8,ridge_base_alpha_0.1,14,2024-06-26,2024-06-27,2024-07-10,10,10,0.14180799234317407
10,8,ridge_base_alpha_0.1,15,2024-07-10,2024-07-11,2024-07-24,10,10,0.09583184780005773
10,8,ridge_base_alpha_0.1,16,2024-07-24,2024-07-25,2024-08-07,10,10,0.18818457988946957
10,8,ridge_base_alpha_0.1,17,2024-08-07,2024-08-08,2024-08-21,10,10,0.191358099041486
10,8,ridge_base_alpha_0.1,18,2024-08-21,2024-08-22,2024-09-04,10,10,0.08701367632821377
10,8,ridge_base_alpha_0.1,19,2024-09-04,2024-09-05,2024-09-18,10,10,0.08223565810730467
10,8,ridge_base_alpha_0.1,20,2024-09-18,2024-09-19,2024-10-02,10,10,0.15494489381186935
10,8,ridge_base_alpha_0.1,21,2024-10-02,2024-10-03,2024-10-16,10,10,0.09084928983702267
10,8,ridge_base_alpha_0.1,22,2024-10-16,2024-10-17,2024-10-30,10,10,0.03764486115540269
10,8,ridge_base_alpha_0.1,23,2024-10-30,2024-10-31,2024-11-13,10,10,0.09827935109359272
10,8,ridge_base_alpha_0.1,24,2024-11-13,2024-11-14,2024-11-27,10,10,0.12366141772293471
10,8,ridge_base_alpha_0.1,25,2024-11-27,2024-11-28,2024-12-11,10,10,0.13301626670483535
10,8,ridge_base_alpha_0.1,26,2024-12-11,2024-12-12,2024-12-25,10,9,0.07658404553252765
10,8,ridge_base_alpha_0.1,27,2024-12-25,2024-12-26,2024-12-31,4,4,0.1762533084461651
10,9,ridge_base_alpha_0.1,1,2023-12-27,2023-12-28,2024-01-10,10,9,0.25737347952706296
10,9,ridge_base_alpha_0.1,2,2024-01-10,2024-01-11,2024-01-24,10,10,0.3248139842034177
10,9,ridge_base_alpha_0.1,3,2024-01-24,2024-01-25,2024-02-07,10,10,0.1918228217238917
10,9,ridge_base_alpha_0.1,4,2024-02-07,2024-02-08,2024-02-21,10,6,0.4400613628272315
10,9,ridge_base_alpha_0.1,5,2024-02-21,2024-02-22,2024-03-06,10,10,0.132717520881816
10,9,ridge_base_alpha_0.1,6,2024-03-06,2024-03-07,2024-03-20,10,10,0.059168458742766196
10,9,ridge_base_alpha_0.1,7,2024-03-20,2024-03-21,2024-04-03,10,10,0.26351190702577015
10,9,ridge_base_alpha_0.1,8,2024-04-03,2024-04-04,2024-04-17,10,10,0.30381405310020465
10,9,ridge_base_alpha_0.1,9,2024-04-17,2024-04-18,2024-05-01,10,10,0.24552846142911222
10,9,ridge_base_alpha_0.1,10,2024-05-01,2024-05-02,2024-05-15,10,10,0.42634140991712705
10,9,ridge_base_alpha_0.1,11,2024-05-15,2024-05-16,2024-05-29,10,10,0.3500936810477774
10,9,ridge_base_alpha_0.1,12,2024-05-29,2024-05-30,2024-06-12,10,10,0.15725549168357086
10,9,ridge_base_alpha_0.1,13,2024-06-12,2024-06-13,2024-06-26,10,10,0.14701980173676454
10,9,ridge_base_alpha_0.1,14,2024-06-26,2024-06-27,2024-07-10,10,10,0.2981563180302931
10,9,ridge_base_alpha_0.1,15,2024-07-10,2024-07-11,2024-07-24,10,10,0.06454842346864062
10,9,ridge_base_alpha_0.1,16,2024-07-24,2024-07-25,2024-08-07,10,10,0.14387660716751668
10,9,ridge_base_alpha_0.1,17,2024-08-07,2024-08-08,2024-08-21,10,10,0.17631568745552212
10,9,ridge_base_alpha_0.1,18,2024-08-21,2024-08-22,2024-09-04,10,10,0.12183122809359344
10,9,ridge_base_alpha_0.1,19,2024-09-04,2024-09-05,2024-09-18,10,10,0.14183906527313003
10,9,ridge_base_alpha_0.1,20,2024-09-18,2024-09-19,2024-10-02,10,10,0.06402426845347615
10,9,ridge_base_alpha_0.1,21,2024-10-02,2024-10-03,2024-10-16,10,10,0.15943645379720073
10,9,ridge_base_alpha_0.1,22,2024-10-16,2024-10-17,2024-10-30,10,10,0.07474818799129627
10,9,ridge_base_alpha_0.1,23,2024-10-30,2024-10-31,2024-11-13,10,10,0.13165362793011265
10,9,ridge_base_alpha_0.1,24,2024-11-13,2024-11-14,2024-11-27,10,10,0.09194677144192502
10,9,ridge_base_alpha_0.1,25,2024-11-27,2024-11-28,2024-12-11,10,10,0.09246898467056094
10,9,ridge_base_alpha_0.1,26,2024-12-11,2024-12-12,2024-12-25,10,9,0.07399583272339538
10,9,ridge_base_alpha_0.1,27,2024-12-25,2024-12-26,2024-12-31,4,4,0.2593875809443216
10,11,ridge_base_alpha_0.1,1,2023-12-27,2023-12-28,2024-01-10,10,9,0.1367077145855658
10,11,ridge_base_alpha_0.1,2,2024-01-10,2024-01-11,2024-01-24,10,10,1.5944775436493228
10,11,ridge_base_alpha_0.1,3,2024-01-24,2024-01-25,2024-02-07,10,10,0.8127117325614437
10,11,ridge_base_alpha_0.1,4,2024-02-07,2024-02-08,2024-02-21,10,6,0.16816633698363825
10,11,ridge_base_alpha_0.1,5,2024-02-21,2024-02-22,2024-03-06,10,10,0.16651749596581872
10,11,ridge_base_alpha_0.1,6,2024-03-06,2024-03-07,2024-03-20,10,10,0.16214170736135236
10,11,ridge_base_alpha_0.1,7,2024-03-20,2024-03-21,2024-04-03,10,10,0.15655286091256107
10,11,ridge_base_alpha_0.1,8,2024-04-03,2024-04-04,2024-04-17,10,10,0.2531757568059272
10,11,ridge_base_alpha_0.1,9,2024-04-17,2024-04-18,2024-05-01,10,10,0.13757972587675302
10,11,ridge_base_alpha_0.1,10,2024-05-01,2024-05-02,2024-05-15,10,10,0.35094013263874624
10,11,ridge_base_alpha_0.1,11,2024-05-15,2024-05-16,2024-05-29,10,10,0.23628176623927855
10,11,ridge_base_alpha_0.1,12,2024-05-29,2024-05-30,2024-06-12,10,10,0.17938217711106905
10,11,ridge_base_alpha_0.1,13,2024-06-12,2024-06-13,2024-06-26,10,10,0.12707049399914722
10,11,ridge_base_alpha_0.1,14,2024-06-26,2024-06-27,2024-07-10,10,10,0.16575863342760527
10,11,ridge_base_alpha_0.1,15,2024-07-10,2024-07-11,2024-07-24,10,10,0.20980676818543378
10,11,ridge_base_alpha_0.1,16,2024-07-24,2024-07-25,2024-08-07,10,10,0.10084096445921538
10,11,ridge_base_alpha_0.1,17,2024-08-07,2024-08-08,2024-08-21,10,10,0.25954381133441656
10,11,ridge_base_alpha_0.1,18,2024-08-21,2024-08-22,2024-09-04,10,10,0.1867306693652039
10,11,ridge_base_alpha_0.1,19,2024-09-04,2024-09-05,2024-09-18,10,10,0.22606222872187756
10,11,ridge_base_alpha_0.1,20,2024-09-18,2024-09-19,2024-10-02,10,10,0.0882367503743938
10,11,ridge_base_alpha_0.1,21,2024-10-02,2024-10-03,2024-10-16,10,10,0.18364308912551136
10,11,ridge_base_alpha_0.1,22,2024-10-16,2024-10-17,2024-10-30,10,10,0.13713258949677995
10,11,ridge_base_alpha_0.1,23,2024-10-30,2024-10-31,2024-11-13,10,10,0.1115139654929243
10,11,ridge_base_alpha_0.1,24,2024-11-13,2024-11-14,2024-11-27,10,10,0.5421032900834397
10,11,ridge_base_alpha_0.1,25,2024-11-27,2024-11-28,2024-12-11,10,10,1.564163357784105
10,11,ridge_base_alpha_0.1,26,2024-12-11,2024-12-12,2024-12-25,10,9,1.4658064545657905
10,11,ridge_base_alpha_0.1,27,2024-12-25,2024-12-26,2024-12-31,4,4,1.7799613415198088
10,12,ridge_base_alpha_0.1,1,2023-12-27,2023-12-28,2024-01-10,10,9,0.7756016801918437
10,12,ridge_base_alpha_0.1,2,2024-01-10,2024-01-11,2024-01-24,10,10,1.1629584342720183
10,12,ridge_base_alpha_0.1,3,2024-01-24,2024-01-25,2024-02-07,10,10,0.8274197229469851
10,12,ridge_base_alpha_0.1,4,2024-02-07,2024-02-08,2024-02-21,10,6,1.8864291094208632
10,12,ridge_base_alpha_0.1,5,2024-02-21,2024-02-22,2024-03-06,10,10,1.668193545673545
10,12,ridge_base_alpha_0.1,6,2024-03-06,2024-03-07,2024-03-20,10,10,1.890889559644525
10,12,ridge_base_alpha_0.1,7,2024-03-20,2024-03-21,2024-04-03,10,10,2.0
10,12,ridge_base_alpha_0.1,8,2024-04-03,2024-04-04,2024-04-17,10,10,1.830225600139411
10,12,ridge_base_alpha_0.1,9,2024-04-17,2024-04-18,2024-05-01,10,10,1.6783384722939965
10,12,ridge_base_alpha_0.1,10,2024-05-01,2024-05-02,2024-05-15,10,10,0.7801036686809144
10,12,ridge_base_alpha_0.1,11,2024-05-15,2024-05-16,2024-05-29,10,10,1.3009610107009237
10,12,ridge_base_alpha_0.1,12,2024-05-29,2024-05-30,2024-06-12,10,10,1.243006160091879
10,12,ridge_base_alpha_0.1,13,2024-06-12,2024-06-13,2024-06-26,10,10,0.6748153753471701
10,12,ridge_base_alpha_0.1,14,2024-06-26,2024-06-27,2024-07-10,10,10,1.0771536357407128
10,12,ridge_base_alpha_0.1,15,2024-07-10,2024-07-11,2024-07-24,10,10,1.3765969834751113
10,12,ridge_base_alpha_0.1,16,2024-07-24,2024-07-25,2024-08-07,10,10,1.104134271785903
10,12,ridge_base_alpha_0.1,17,2024-08-07,2024-08-08,2024-08-21,10,10,1.2542961228068588
10,12,ridge_base_alpha_0.1,18,2024-08-21,2024-08-22,2024-09-04,10,10,1.2167906869904446
10,12,ridge_base_alpha_0.1,19,2024-09-04,2024-09-05,2024-09-18,10,10,0.932131521912176
10,12,ridge_base_alpha_0.1,20,2024-09-18,2024-09-19,2024-10-02,10,10,1.0252390664940627
10,12,ridge_base_alpha_0.1,21,2024-10-02,2024-10-03,2024-10-16,10,10,0.9855512377013618
10,12,ridge_base_alpha_0.1,22,2024-10-16,2024-10-17,2024-10-30,10,10,0.8470656252319801
10,12,ridge_base_alpha_0.1,23,2024-10-30,2024-10-31,2024-11-13,10,10,1.0529797924980961
10,12,ridge_base_alpha_0.1,24,2024-11-13,2024-11-14,2024-11-27,10,10,0.3622697281520518
10,12,ridge_base_alpha_0.1,25,2024-11-27,2024-11-28,2024-12-11,10,10,1.1579637834041057
10,12,ridge_base_alpha_0.1,26,2024-12-11,2024-12-12,2024-12-25,10,9,1.2912869631766888
10,12,ridge_base_alpha_0.1,27,2024-12-25,2024-12-26,2024-12-31,4,4,2.0
10,13,ridge_base_alpha_0.1,1,2023-12-27,2023-12-28,2024-01-10,10,9,2.0
10,13,ridge_base_alpha_0.1,2,2024-01-10,2024-01-11,2024-01-24,10,10,2.0
10,13,ridge_base_alpha_0.1,3,2024-01-24,2024-01-25,2024-02-07,10,10,1.9686355236772102
10,13,ridge_base_alpha_0.1,4,2024-02-07,2024-02-08,2024-02-21,10,6,2.0
10,13,ridge_base_alpha_0.1,5,2024-02-21,2024-02-22,2024-03-06,10,10,2.0
10,13,ridge_base_alpha_0.1,6,2024-03-06,2024-03-07,2024-03-20,10,10,1.623595671768065
10,13,ridge_base_alpha_0.1,7,2024-03-20,2024-03-21,2024-04-03,10,10,1.567448614420651
10,13,ridge_base_alpha_0.1,8,2024-04-03,2024-04-04,2024-04-17,10,10,2.0
10,13,ridge_base_alpha_0.1,9,2024-04-17,2024-04-18,2024-05-01,10,10,1.527357700400814
10,13,ridge_base_alpha_0.1,10,2024-05-01,2024-05-02,2024-05-15,10,10,0.9521040508991891
10,13,ridge_base_alpha_0.1,11,2024-05-15,2024-05-16,2024-05-29,10,10,2.0
10,13,ridge_base_alpha_0.1,12,2024-05-29,2024-05-30,2024-06-12,10,10,1.845852885087644
10,13,ridge_base_alpha_0.1,13,2024-06-12,2024-06-13,2024-06-26,10,10,1.9350504454727808
10,13,ridge_base_alpha_0.1,14,2024-06-26,2024-06-27,2024-07-10,10,10,1.9177640771502884
10,13,ridge_base_alpha_0.1,15,2024-07-10,2024-07-11,2024-07-24,10,10,1.708102214481176
10,13,ridge_base_alpha_0.1,16,2024-07-24,2024-07-25,2024-08-07,10,10,1.5644435465402264
10,13,ridge_base_alpha_0.1,17,2024-08-07,2024-08-08,2024-08-21,10,10,1.656247937346747
10,13,ridge_base_alpha_0.1,18,2024-08-21,2024-08-22,2024-09-04,10,10,1.5476380536005596
10,13,ridge_base_alpha_0.1,19,2024-09-04,2024-09-05,2024-09-18,10,10,1.887381650628013
10,13,ridge_base_alpha_0.1,20,2024-09-18,2024-09-19,2024-10-02,10,10,1.98049824435927
10,13,ridge_base_alpha_0.1,21,2024-10-02,2024-10-03,2024-10-16,10,10,1.6005167162823435
10,13,ridge_base_alpha_0.1,22,2024-10-16,2024-10-17,2024-10-30,10,10,2.0
10,13,ridge_base_alpha_0.1,23,2024-10-30,2024-10-31,2024-11-13,10,10,2.0
10,13,ridge_base_alpha_0.1,24,2024-11-13,2024-11-14,2024-11-27,10,10,2.0
10,13,ridge_base_alpha_0.1,25,2024-11-27,2024-11-28,2024-12-11,10,10,1.9757667045057623
10,13,ridge_base_alpha_0.1,26,2024-12-11,2024-12-12,2024-12-25,10,9,1.9197818780260811
10,13,ridge_base_alpha_0.1,27,2024-12-25,2024-12-26,2024-12-31,4,4,1.6438367290084468
10,1,ridge_base_alpha_1,1,2023-12-27,2023-12-28,2024-01-10,10,9,0.16499945399960633
10,1,ridge_base_alpha_1,2,2024-01-10,2024-01-11,2024-01-24,10,10,0.27741442178014125
10,1,ridge_base_alpha_1,3,2024-01-24,2024-01-25,2024-02-07,10,10,0.07146557630099877
10,1,ridge_base_alpha_1,4,2024-02-07,2024-02-08,2024-02-21,10,6,0.1283073555587126
10,1,ridge_base_alpha_1,5,2024-02-21,2024-02-22,2024-03-06,10,10,0.07037948891869937
10,1,ridge_base_alpha_1,6,2024-03-06,2024-03-07,2024-03-20,10,10,0.08479087332961435
10,1,ridge_base_alpha_1,7,2024-03-20,2024-03-21,2024-04-03,10,10,0.12387806539857223
10,1,ridge_base_alpha_1,8,2024-04-03,2024-04-04,2024-04-17,10,10,0.07905861320972281
10,1,ridge_base_alpha_1,9,2024-04-17,2024-04-18,2024-05-01,10,10,0.20053360814151633
10,1,ridge_base_alpha_1,10,2024-05-01,2024-05-02,2024-05-15,10,10,0.1745924489002958
10,1,ridge_base_alpha_1,11,2024-05-15,2024-05-16,2024-05-29,10,10,0.09862452662713671
10,1,ridge_base_alpha_1,12,2024-05-29,2024-05-30,2024-06-12,10,10,0.1205197484153549
10,1,ridge_base_alpha_1,13,2024-06-12,2024-06-13,2024-06-26,10,10,0.09148098554230327
10,1,ridge_base_alpha_1,14,2024-06-26,2024-06-27,2024-07-10,10,10,0.059783482468841256
10,1,ridge_base_alpha_1,15,2024-07-10,2024-07-11,2024-07-24,10,10,0.058946279109682614
10,1,ridge_base_alpha_1,16,2024-07-24,2024-07-25,2024-08-07,10,10,0.08826530051812644
10,1,ridge_base_alpha_1,17,2024-08-07,2024-08-08,2024-08-21,10,10,0.10486187597294583
10,1,ridge_base_alpha_1,18,2024-08-21,2024-08-22,2024-09-04,10,10,0.09133782535249027
10,1,ridge_base_alpha_1,19,2024-09-04,2024-09-05,2024-09-18,10,10,0.17052883649557515
10,1,ridge_base_alpha_1,20,2024-09-18,2024-09-19,2024-10-02,10,10,0.13638090364483366
10,1,ridge_base_alpha_1,21,2024-10-02,2024-10-03,2024-10-16,10,10,0.14264314695218816
10,1,ridge_base_alpha_1,22,2024-10-16,2024-10-17,2024-10-30,10,10,0.19579429690525743
10,1,ridge_base_alpha_1,23,2024-10-30,2024-10-31,2024-11-13,10,10,0.18774942334414288
10,1,ridge_base_alpha_1,24,2024-11-13,2024-11-14,2024-11-27,10,10,0.21452095697957035
10,1,ridge_base_alpha_1,25,2024-11-27,2024-11-28,2024-12-11,10,10,0.09093445784671267
10,1,ridge_base_alpha_1,26,2024-12-11,2024-12-12,2024-12-25,10,9,0.13206293927161633
10,1,ridge_base_alpha_1,27,2024-12-25,2024-12-26,2024-12-31,4,4,0.10266833223019761
10,3,ridge_base_alpha_1,1,2023-12-27,2023-12-28,2024-01-10,10,9,0.07498097783991202
10,3,ridge_base_alpha_1,2,2024-01-10,2024-01-11,2024-01-24,10,10,0.14383129217612997
10,3,ridge_base_alpha_1,3,2024-01-24,2024-01-25,2024-02-07,10,10,0.12600454451772566
10,3,ridge_base_alpha_1,4,2024-02-07,2024-02-08,2024-02-21,10,6,0.11398759454085684
10,3,ridge_base_alpha_1,5,2024-02-21,2024-02-22,2024-03-06,10,10,0.0794847226750872
10,3,ridge_base_alpha_1,6,2024-03-06,2024-03-07,2024-03-20,10,10,0.10551922163568694
10,3,ridge_base_alpha_1,7,2024-03-20,2024-03-21,2024-04-03,10,10,0.12662553312462269
10,3,ridge_base_alpha_1,8,2024-04-03,2024-04-04,2024-04-17,10,10,0.1129641963846183
10,3,ridge_base_alpha_1,9,2024-04-17,2024-04-18,2024-05-01,10,10,0.2662377958189753
10,3,ridge_base_alpha_1,10,2024-05-01,2024-05-02,2024-05-15,10,10,0.15352862663028427
10,3,ridge_base_alpha_1,11,2024-05-15,2024-05-16,2024-05-29,10,10,0.3275584938885813
10,3,ridge_base_alpha_1,12,2024-05-29,2024-05-30,2024-06-12,10,10,0.09037098257519897
10,3,ridge_base_alpha_1,13,2024-06-12,2024-06-13,2024-06-26,10,10,0.0694019329057362
10,3,ridge_base_alpha_1,14,2024-06-26,2024-06-27,2024-07-10,10,10,0.1381802962880243
10,3,ridge_base_alpha_1,15,2024-07-10,2024-07-11,2024-07-24,10,10,0.059132576887759004
10,3,ridge_base_alpha_1,16,2024-07-24,2024-07-25,2024-08-07,10,10,0.160272716661949
10,3,ridge_base_alpha_1,17,2024-08-07,2024-08-08,2024-08-21,10,10,0.32126059498741943
10,3,ridge_base_alpha_1,18,2024-08-21,2024-08-22,2024-09-04,10,10,0.12127395267496613
10,3,ridge_base_alpha_1,19,2024-09-04,2024-09-05,2024-09-18,10,10,0.24140154988243842
10,3,ridge_base_alpha_1,20,2024-09-18,2024-09-19,2024-10-02,10,10,0.10711005264532665
10,3,ridge_base_alpha_1,21,2024-10-02,2024-10-03,2024-10-16,10,10,0.14680116629299494
10,3,ridge_base_alpha_1,22,2024-10-16,2024-10-17,2024-10-30,10,10,0.10453836054108785
10,3,ridge_base_alpha_1,23,2024-10-30,2024-10-31,2024-11-13,10,10,0.053938494625680455
10,3,ridge_base_alpha_1,24,2024-11-13,2024-11-14,2024-11-27,10,10,0.1151919095412515
10,3,ridge_base_alpha_1,25,2024-11-27,2024-11-28,2024-12-11,10,10,0.243762283364251
10,3,ridge_base_alpha_1,26,2024-12-11,2024-12-12,2024-12-25,10,9,0.0914330037930775
10,3,ridge_base_alpha_1,27,2024-12-25,2024-12-26,2024-12-31,4,4,0.5581179957616368
10,4,ridge_base_alpha_1,1,2023-12-27,2023-12-28,2024-01-10,10,9,0.1656807154868177
10,4,ridge_base_alpha_1,2,2024-01-10,2024-01-11,2024-01-24,10,10,0.18508691874214245
10,4,ridge_base_alpha_1,3,2024-01-24,2024-01-25,2024-02-07,10,10,0.07832514990374186
10,4,ridge_base_alpha_1,4,2024-02-07,2024-02-08,2024-02-21,10,6,0.13555102560737323
10,4,ridge_base_alpha_1,5,2024-02-21,2024-02-22,2024-03-06,10,10,0.10103663208219249
10,4,ridge_base_alpha_1,6,2024-03-06,2024-03-07,2024-03-20,10,10,0.05726266261773767
10,4,ridge_base_alpha_1,7,2024-03-20,2024-03-21,2024-04-03,10,10,0.17414400175103126
10,4,ridge_base_alpha_1,8,2024-04-03,2024-04-04,2024-04-17,10,10,0.10682473301747884
10,4,ridge_base_alpha_1,9,2024-04-17,2024-04-18,2024-05-01,10,10,0.31310083827368973
10,4,ridge_base_alpha_1,10,2024-05-01,2024-05-02,2024-05-15,10,10,0.2693369195739541
10,4,ridge_base_alpha_1,11,2024-05-15,2024-05-16,2024-05-29,10,10,0.2839745549775777
10,4,ridge_base_alpha_1,12,2024-05-29,2024-05-30,2024-06-12,10,10,0.14217251441617057
10,4,ridge_base_alpha_1,13,2024-06-12,2024-06-13,2024-06-26,10,10,0.11881307197476874
10,4,ridge_base_alpha_1,14,2024-06-26,2024-06-27,2024-07-10,10,10,0.15615142674506866
10,4,ridge_base_alpha_1,15,2024-07-10,2024-07-11,2024-07-24,10,10,0.14334741458298056
10,4,ridge_base_alpha_1,16,2024-07-24,2024-07-25,2024-08-07,10,10,0.09872168691561248
10,4,ridge_base_alpha_1,17,2024-08-07,2024-08-08,2024-08-21,10,10,0.23744289341603575
10,4,ridge_base_alpha_1,18,2024-08-21,2024-08-22,2024-09-04,10,10,0.11398810651549662
10,4,ridge_base_alpha_1,19,2024-09-04,2024-09-05,2024-09-18,10,10,0.1463714290039481
10,4,ridge_base_alpha_1,20,2024-09-18,2024-09-19,2024-10-02,10,10,0.21766035219164237
10,4,ridge_base_alpha_1,21,2024-10-02,2024-10-03,2024-10-16,10,10,0.3374165116566009
10,4,ridge_base_alpha_1,22,2024-10-16,2024-10-17,2024-10-30,10,10,0.1451413740657825
10,4,ridge_base_alpha_1,23,2024-10-30,2024-10-31,2024-11-13,10,10,0.08516765961671119
10,4,ridge_base_alpha_1,24,2024-11-13,2024-11-14,2024-11-27,10,10,0.09891280801317505
10,4,ridge_base_alpha_1,25,2024-11-27,2024-11-28,2024-12-11,10,10,0.09728077708057337
10,4,ridge_base_alpha_1,26,2024-12-11,2024-12-12,2024-12-25,10,9,0.12051441536670128
10,4,ridge_base_alpha_1,27,2024-12-25,2024-12-26,2024-12-31,4,4,0.5810480506785652
10,5,ridge_base_alpha_1,1,2023-12-27,2023-12-28,2024-01-10,10,9,0.2587369361024991
10,5,ridge_base_alpha_1,2,2024-01-10,2024-01-11,2024-01-24,10,10,0.22322821226677303
10,5,ridge_base_alpha_1,3,2024-01-24,2024-01-25,2024-02-07,10,10,0.12358500802843152
10,5,ridge_base_alpha_1,4,2024-02-07,2024-02-08,2024-02-21,10,6,0.1352032929285522
10,5,ridge_base_alpha_1,5,2024-02-21,2024-02-22,2024-03-06,10,10,0.06199511139743979
10,5,ridge_base_alpha_1,6,2024-03-06,2024-03-07,2024-03-20,10,10,0.10211850975301523
10,5,ridge_base_alpha_1,7,2024-03-20,2024-03-21,2024-04-03,10,10,0.11856097776436265
10,5,ridge_base_alpha_1,8,2024-04-03,2024-04-04,2024-04-17,10,10,0.08618066844897766
10,5,ridge_base_alpha_1,9,2024-04-17,2024-04-18,2024-05-01,10,10,0.29589411231729573
10,5,ridge_base_alpha_1,10,2024-05-01,2024-05-02,2024-05-15,10,10,0.12078243298751115
10,5,ridge_base_alpha_1,11,2024-05-15,2024-05-16,2024-05-29,10,10,0.24850520401517634
10,5,ridge_base_alpha_1,12,2024-05-29,2024-05-30,2024-06-12,10,10,0.06455284363372171
10,5,ridge_base_alpha_1,13,2024-06-12,2024-06-13,2024-06-26,10,10,0.05177547656778744
10,5,ridge_base_alpha_1,14,2024-06-26,2024-06-27,2024-07-10,10,10,0.08507858738466707
10,5,ridge_base_alpha_1,15,2024-07-10,2024-07-11,2024-07-24,10,10,0.0708666570883483
10,5,ridge_base_alpha_1,16,2024-07-24,2024-07-25,2024-08-07,10,10,0.11009045136238871
10,5,ridge_base_alpha_1,17,2024-08-07,2024-08-08,2024-08-21,10,10,0.11416912289802449
10,5,ridge_base_alpha_1,18,2024-08-21,2024-08-22,2024-09-04,10,10,0.07260784796618834
10,5,ridge_base_alpha_1,19,2024-09-04,2024-09-05,2024-09-18,10,10,0.06900095108019584
10,5,ridge_base_alpha_1,20,2024-09-18,2024-09-19,2024-10-02,10,10,0.0918014968351148
10,5,ridge_base_alpha_1,21,2024-10-02,2024-10-03,2024-10-16,10,10,0.05788454099876498
10,5,ridge_base_alpha_1,22,2024-10-16,2024-10-17,2024-10-30,10,10,0.043843031604842236
10,5,ridge_base_alpha_1,23,2024-10-30,2024-10-31,2024-11-13,10,10,0.1252863717265347
10,5,ridge_base_alpha_1,24,2024-11-13,2024-11-14,2024-11-27,10,10,0.08997948476076889
10,5,ridge_base_alpha_1,25,2024-11-27,2024-11-28,2024-12-11,10,10,0.04834191274269284
10,5,ridge_base_alpha_1,26,2024-12-11,2024-12-12,2024-12-25,10,9,0.03547577652589635
10,5,ridge_base_alpha_1,27,2024-12-25,2024-12-26,2024-12-31,4,4,0.14127612397460496
10,6,ridge_base_alpha_1,1,2023-12-27,2023-12-28,2024-01-10,10,9,0.15290193856110787
10,6,ridge_base_alpha_1,2,2024-01-10,2024-01-11,2024-01-24,10,10,0.09961738064263866
10,6,ridge_base_alpha_1,3,2024-01-24,2024-01-25,2024-02-07,10,10,0.11489819271336872
10,6,ridge_base_alpha_1,4,2024-02-07,2024-02-08,2024-02-21,10,6,0.11210207039281146
10,6,ridge_base_alpha_1,5,2024-02-21,2024-02-22,2024-03-06,10,10,0.16913917918171478
10,6,ridge_base_alpha_1,6,2024-03-06,2024-03-07,2024-03-20,10,10,0.15459204472742036
10,6,ridge_base_alpha_1,7,2024-03-20,2024-03-21,2024-04-03,10,10,0.17623892247882553
10,6,ridge_base_alpha_1,8,2024-04-03,2024-04-04,2024-04-17,10,10,0.16492412529544495
10,6,ridge_base_alpha_1,9,2024-04-17,2024-04-18,2024-05-01,10,10,0.16452149496612334
10,6,ridge_base_alpha_1,10,2024-05-01,2024-05-02,2024-05-15,10,10,0.11304705014081096
10,6,ridge_base_alpha_1,11,2024-05-15,2024-05-16,2024-05-29,10,10,0.3278497380425871
10,6,ridge_base_alpha_1,12,2024-05-29,2024-05-30,2024-06-12,10,10,0.14333564392849216
10,6,ridge_base_alpha_1,13,2024-06-12,2024-06-13,2024-06-26,10,10,0.15201066179915776
10,6,ridge_base_alpha_1,14,2024-06-26,2024-06-27,2024-07-10,10,10,0.10822985538818806
10,6,ridge_base_alpha_1,15,2024-07-10,2024-07-11,2024-07-24,10,10,0.12267427384674992
10,6,ridge_base_alpha_1,16,2024-07-24,2024-07-25,2024-08-07,10,10,0.1481532353592201
10,6,ridge_base_alpha_1,17,2024-08-07,2024-08-08,2024-08-21,10,10,0.19662704120058377
10,6,ridge_base_alpha_1,18,2024-08-21,2024-08-22,2024-09-04,10,10,0.13178647721563677
10,6,ridge_base_alpha_1,19,2024-09-04,2024-09-05,2024-09-18,10,10,0.06209108332135324
10,6,ridge_base_alpha_1,20,2024-09-18,2024-09-19,2024-10-02,10,10,0.11863430237961325
10,6,ridge_base_alpha_1,21,2024-10-02,2024-10-03,2024-10-16,10,10,0.07164050081984605
10,6,ridge_base_alpha_1,22,2024-10-16,2024-10-17,2024-10-30,10,10,0.08626375981040724
10,6,ridge_base_alpha_1,23,2024-10-30,2024-10-31,2024-11-13,10,10,0.12554423069489284
10,6,ridge_base_alpha_1,24,2024-11-13,2024-11-14,2024-11-27,10,10,0.06886501883329131
10,6,ridge_base_alpha_1,25,2024-11-27,2024-11-28,2024-12-11,10,10,0.14840494494597073
10,6,ridge_base_alpha_1,26,2024-12-11,2024-12-12,2024-12-25,10,9,0.16168931192072572
10,6,ridge_base_alpha_1,27,2024-12-25,2024-12-26,2024-12-31,4,4,0.2917291490789157
10,7,ridge_base_alpha_1,1,2023-12-27,2023-12-28,2024-01-10,10,9,0.20790349370518219
10,7,ridge_base_alpha_1,2,2024-01-10,2024-01-11,2024-01-24,10,10,0.32535097937302215
10,7,ridge_base_alpha_1,3,2024-01-24,2024-01-25,2024-02-07,10,10,0.19843351411920593
10,7,ridge_base_alpha_1,4,2024-02-07,2024-02-08,2024-02-21,10,6,0.19026623003008664
10,7,ridge_base_alpha_1,5,2024-02-21,2024-02-22,2024-03-06,10,10,0.18787237470914994
10,7,ridge_base_alpha_1,6,2024-03-06,2024-03-07,2024-03-20,10,10,0.15507652025657426
10,7,ridge_base_alpha_1,7,2024-03-20,2024-03-21,2024-04-03,10,10,0.22081409480446915
10,7,ridge_base_alpha_1,8,2024-04-03,2024-04-04,2024-04-17,10,10,0.15823871008986035
10,7,ridge_base_alpha_1,9,2024-04-17,2024-04-18,2024-05-01,10,10,0.32263984158337367
10,7,ridge_base_alpha_1,10,2024-05-01,2024-05-02,2024-05-15,10,10,0.17676943097986145
10,7,ridge_base_alpha_1,11,2024-05-15,2024-05-16,2024-05-29,10,10,0.38110972952965844
10,7,ridge_base_alpha_1,12,2024-05-29,2024-05-30,2024-06-12,10,10,0.15326488177317257
10,7,ridge_base_alpha_1,13,2024-06-12,2024-06-13,2024-06-26,10,10,0.16220794905453834
10,7,ridge_base_alpha_1,14,2024-06-26,2024-06-27,2024-07-10,10,10,0.11741460644383848
10,7,ridge_base_alpha_1,15,2024-07-10,2024-07-11,2024-07-24,10,10,0.16538224413148897
10,7,ridge_base_alpha_1,16,2024-07-24,2024-07-25,2024-08-07,10,10,0.2004346198225375
10,7,ridge_base_alpha_1,17,2024-08-07,2024-08-08,2024-08-21,10,10,0.38204283857831517
10,7,ridge_base_alpha_1,18,2024-08-21,2024-08-22,2024-09-04,10,10,0.3729810621114884
10,7,ridge_base_alpha_1,19,2024-09-04,2024-09-05,2024-09-18,10,10,0.23769382666134653
10,7,ridge_base_alpha_1,20,2024-09-18,2024-09-19,2024-10-02,10,10,0.3654025782917587
10,7,ridge_base_alpha_1,21,2024-10-02,2024-10-03,2024-10-16,10,10,0.523941918920085
10,7,ridge_base_alpha_1,22,2024-10-16,2024-10-17,2024-10-30,10,10,0.37847517938745207
10,7,ridge_base_alpha_1,23,2024-10-30,2024-10-31,2024-11-13,10,10,0.4130581484633676
10,7,ridge_base_alpha_1,24,2024-11-13,2024-11-14,2024-11-27,10,10,0.4129597801781378
10,7,ridge_base_alpha_1,25,2024-11-27,2024-11-28,2024-12-11,10,10,0.2531344384263704
10,7,ridge_base_alpha_1,26,2024-12-11,2024-12-12,2024-12-25,10,9,0.19804530968398387
10,7,ridge_base_alpha_1,27,2024-12-25,2024-12-26,2024-12-31,4,4,0.7722556920997046
10,8,ridge_base_alpha_1,1,2023-12-27,2023-12-28,2024-01-10,10,9,0.3455938378294881
10,8,ridge_base_alpha_1,2,2024-01-10,2024-01-11,2024-01-24,10,10,0.20499427312881122
10,8,ridge_base_alpha_1,3,2024-01-24,2024-01-25,2024-02-07,10,10,0.182102460693753
10,8,ridge_base_alpha_1,4,2024-02-07,2024-02-08,2024-02-21,10,6,0.3369164151145071
10,8,ridge_base_alpha_1,5,2024-02-21,2024-02-22,2024-03-06,10,10,0.4080476261227777
10,8,ridge_base_alpha_1,6,2024-03-06,2024-03-07,2024-03-20,10,10,0.3724796391249836
10,8,ridge_base_alpha_1,7,2024-03-20,2024-03-21,2024-04-03,10,10,0.5471414505444434
10,8,ridge_base_alpha_1,8,2024-04-03,2024-04-04,2024-04-17,10,10,0.7213989510285146
10,8,ridge_base_alpha_1,9,2024-04-17,2024-04-18,2024-05-01,10,10,0.37864315865935727
10,8,ridge_base_alpha_1,10,2024-05-01,2024-05-02,2024-05-15,10,10,0.25394597820869713
10,8,ridge_base_alpha_1,11,2024-05-15,2024-05-16,2024-05-29,10,10,0.41693032473972774
10,8,ridge_base_alpha_1,12,2024-05-29,2024-05-30,2024-06-12,10,10,0.19868064126037843
10,8,ridge_base_alpha_1,13,2024-06-12,2024-06-13,2024-06-26,10,10,0.17646739427504946
10,8,ridge_base_alpha_1,14,2024-06-26,2024-06-27,2024-07-10,10,10,0.08514921449115236
10,8,ridge_base_alpha_1,15,2024-07-10,2024-07-11,2024-07-24,10,10,0.09579718297939761
10,8,ridge_base_alpha_1,16,2024-07-24,2024-07-25,2024-08-07,10,10,0.18775403995377696
10,8,ridge_base_alpha_1,17,2024-08-07,2024-08-08,2024-08-21,10,10,0.14363380563580708
10,8,ridge_base_alpha_1,18,2024-08-21,2024-08-22,2024-09-04,10,10,0.0737945052509217
10,8,ridge_base_alpha_1,19,2024-09-04,2024-09-05,2024-09-18,10,10,0.08549720242260707
10,8,ridge_base_alpha_1,20,2024-09-18,2024-09-19,2024-10-02,10,10,0.16979682697770318
10,8,ridge_base_alpha_1,21,2024-10-02,2024-10-03,2024-10-16,10,10,0.0921945693597791
10,8,ridge_base_alpha_1,22,2024-10-16,2024-10-17,2024-10-30,10,10,0.03641010579106158
10,8,ridge_base_alpha_1,23,2024-10-30,2024-10-31,2024-11-13,10,10,0.10037291760886771
10,8,ridge_base_alpha_1,24,2024-11-13,2024-11-14,2024-11-27,10,10,0.14501833796794703
10,8,ridge_base_alpha_1,25,2024-11-27,2024-11-28,2024-12-11,10,10,0.10921213191634745
10,8,ridge_base_alpha_1,26,2024-12-11,2024-12-12,2024-12-25,10,9,0.0841719339065714
10,8,ridge_base_alpha_1,27,2024-12-25,2024-12-26,2024-12-31,4,4,0.149509214049914
10,9,ridge_base_alpha_1,1,2023-12-27,2023-12-28,2024-01-10,10,9,0.4370597356938042
10,9,ridge_base_alpha_1,2,2024-01-10,2024-01-11,2024-01-24,10,10,0.4764598637804318
10,9,ridge_base_alpha_1,3,2024-01-24,2024-01-25,2024-02-07,10,10,0.36730372942347145
10,9,ridge_base_alpha_1,4,2024-02-07,2024-02-08,2024-02-21,10,6,0.4469414301331141
10,9,ridge_base_alpha_1,5,2024-02-21,2024-02-22,2024-03-06,10,10,0.06856277297118625
10,9,ridge_base_alpha_1,6,2024-03-06,2024-03-07,2024-03-20,10,10,0.0666216217049082
10,9,ridge_base_alpha_1,7,2024-03-20,2024-03-21,2024-04-03,10,10,0.260530265693533
10,9,ridge_base_alpha_1,8,2024-04-03,2024-04-04,2024-04-17,10,10,0.3317238547382477
10,9,ridge_base_alpha_1,9,2024-04-17,2024-04-18,2024-05-01,10,10,0.2232656355546189
10,9,ridge_base_alpha_1,10,2024-05-01,2024-05-02,2024-05-15,10,10,0.494041667069372
10,9,ridge_base_alpha_1,11,2024-05-15,2024-05-16,2024-05-29,10,10,0.4581873959338492
10,9,ridge_base_alpha_1,12,2024-05-29,2024-05-30,2024-06-12,10,10,0.24391614307754028
10,9,ridge_base_alpha_1,13,2024-06-12,2024-06-13,2024-06-26,10,10,0.22256888130387492
10,9,ridge_base_alpha_1,14,2024-06-26,2024-06-27,2024-07-10,10,10,0.25391233674840075
10,9,ridge_base_alpha_1,15,2024-07-10,2024-07-11,2024-07-24,10,10,0.06329399888923835
10,9,ridge_base_alpha_1,16,2024-07-24,2024-07-25,2024-08-07,10,10,0.1437302503104243
10,9,ridge_base_alpha_1,17,2024-08-07,2024-08-08,2024-08-21,10,10,0.15438201158730236
10,9,ridge_base_alpha_1,18,2024-08-21,2024-08-22,2024-09-04,10,10,0.11312435569652768
10,9,ridge_base_alpha_1,19,2024-09-04,2024-09-05,2024-09-18,10,10,0.16598172030989705
10,9,ridge_base_alpha_1,20,2024-09-18,2024-09-19,2024-10-02,10,10,0.044054092405741256
10,9,ridge_base_alpha_1,21,2024-10-02,2024-10-03,2024-10-16,10,10,0.16031542319578998
10,9,ridge_base_alpha_1,22,2024-10-16,2024-10-17,2024-10-30,10,10,0.10270907396428784
10,9,ridge_base_alpha_1,23,2024-10-30,2024-10-31,2024-11-13,10,10,0.15841991307891903
10,9,ridge_base_alpha_1,24,2024-11-13,2024-11-14,2024-11-27,10,10,0.12399128236599649
10,9,ridge_base_alpha_1,25,2024-11-27,2024-11-28,2024-12-11,10,10,0.08578447221260709
10,9,ridge_base_alpha_1,26,2024-12-11,2024-12-12,2024-12-25,10,9,0.06956783640891277
10,9,ridge_base_alpha_1,27,2024-12-25,2024-12-26,2024-12-31,4,4,0.25713870187622356
10,11,ridge_base_alpha_1,1,2023-12-27,2023-12-28,2024-01-10,10,9,0.2945202497228791
10,11,ridge_base_alpha_1,2,2024-01-10,2024-01-11,2024-01-24,10,10,1.5866747491647486
10,11,ridge_base_alpha_1,3,2024-01-24,2024-01-25,2024-02-07,10,10,0.8528178976533584
10,11,ridge_base_alpha_1,4,2024-02-07,2024-02-08,2024-02-21,10,6,0.2258625856444734
10,11,ridge_base_alpha_1,5,2024-02-21,2024-02-22,2024-03-06,10,10,0.19695783756113142
10,11,ridge_base_alpha_1,6,2024-03-06,2024-03-07,2024-03-20,10,10,0.2153334403564883
10,11,ridge_base_alpha_1,7,2024-03-20,2024-03-21,2024-04-03,10,10,0.18853408887410006
10,11,ridge_base_alpha_1,8,2024-04-03,2024-04-04,2024-04-17,10,10,0.37099800605010935
10,11,ridge_base_alpha_1,9,2024-04-17,2024-04-18,2024-05-01,10,10,0.0977929215860066
10,11,ridge_base_alpha_1,10,2024-05-01,2024-05-02,2024-05-15,10,10,0.37655574411734166
10,11,ridge_base_alpha_1,11,2024-05-15,2024-05-16,2024-05-29,10,10,0.3400579856562206
10,11,ridge_base_alpha_1,12,2024-05-29,2024-05-30,2024-06-12,10,10,0.2584495334152596
10,11,ridge_base_alpha_1,13,2024-06-12,2024-06-13,2024-06-26,10,10,0.21608773256177738
10,11,ridge_base_alpha_1,14,2024-06-26,2024-06-27,2024-07-10,10,10,0.09812169702847917
10,11,ridge_base_alpha_1,15,2024-07-10,2024-07-11,2024-07-24,10,10,0.2132640276450749
10,11,ridge_base_alpha_1,16,2024-07-24,2024-07-25,2024-08-07,10,10,0.13749130988290093
10,11,ridge_base_alpha_1,17,2024-08-07,2024-08-08,2024-08-21,10,10,0.2742120567772976
10,11,ridge_base_alpha_1,18,2024-08-21,2024-08-22,2024-09-04,10,10,0.20773950711816305
10,11,ridge_base_alpha_1,19,2024-09-04,2024-09-05,2024-09-18,10,10,0.2694142198771989
10,11,ridge_base_alpha_1,20,2024-09-18,2024-09-19,2024-10-02,10,10,0.13214551030337077
10,11,ridge_base_alpha_1,21,2024-10-02,2024-10-03,2024-10-16,10,10,0.24267334359064027
10,11,ridge_base_alpha_1,22,2024-10-16,2024-10-17,2024-10-30,10,10,0.1270562950959379
10,11,ridge_base_alpha_1,23,2024-10-30,2024-10-31,2024-11-13,10,10,0.114266345279332
10,11,ridge_base_alpha_1,24,2024-11-13,2024-11-14,2024-11-27,10,10,0.5538233233127244
10,11,ridge_base_alpha_1,25,2024-11-27,2024-11-28,2024-12-11,10,10,1.6375049873423013
10,11,ridge_base_alpha_1,26,2024-12-11,2024-12-12,2024-12-25,10,9,1.6264806141655883
10,11,ridge_base_alpha_1,27,2024-12-25,2024-12-26,2024-12-31,4,4,1.8493505673491801
10,12,ridge_base_alpha_1,1,2023-12-27,2023-12-28,2024-01-10,10,9,0.7669997019763932
10,12,ridge_base_alpha_1,2,2024-01-10,2024-01-11,2024-01-24,10,10,1.1620681646755384
10,12,ridge_base_alpha_1,3,2024-01-24,2024-01-25,2024-02-07,10,10,0.8514591581698611
10,12,ridge_base_alpha_1,4,2024-02-07,2024-02-08,2024-02-21,10,6,1.8847024805799948
10,12,ridge_base_alpha_1,5,2024-02-21,2024-02-22,2024-03-06,10,10,1.667899719184257
10,12,ridge_base_alpha_1,6,2024-03-06,2024-03-07,2024-03-20,10,10,1.8947686218998567
10,12,ridge_base_alpha_1,7,2024-03-20,2024-03-21,2024-04-03,10,10,2.0
10,12,ridge_base_alpha_1,8,2024-04-03,2024-04-04,2024-04-17,10,10,1.8139776227222173
10,12,ridge_base_alpha_1,9,2024-04-17,2024-04-18,2024-05-01,10,10,1.6759815986826432
10,12,ridge_base_alpha_1,10,2024-05-01,2024-05-02,2024-05-15,10,10,0.7804682385232328
10,12,ridge_base_alpha_1,11,2024-05-15,2024-05-16,2024-05-29,10,10,1.3080472298650048
10,12,ridge_base_alpha_1,12,2024-05-29,2024-05-30,2024-06-12,10,10,1.2539645776772026
10,12,ridge_base_alpha_1,13,2024-06-12,2024-06-13,2024-06-26,10,10,0.7032404040295411
10,12,ridge_base_alpha_1,14,2024-06-26,2024-06-27,2024-07-10,10,10,1.0960090022235054
10,12,ridge_base_alpha_1,15,2024-07-10,2024-07-11,2024-07-24,10,10,1.401674226388894
10,12,ridge_base_alpha_1,16,2024-07-24,2024-07-25,2024-08-07,10,10,1.081239598126166
10,12,ridge_base_alpha_1,17,2024-08-07,2024-08-08,2024-08-21,10,10,1.2575057712686741
10,12,ridge_base_alpha_1,18,2024-08-21,2024-08-22,2024-09-04,10,10,1.2211433688903623
10,12,ridge_base_alpha_1,19,2024-09-04,2024-09-05,2024-09-18,10,10,0.9097954222215172
10,12,ridge_base_alpha_1,20,2024-09-18,2024-09-19,2024-10-02,10,10,1.0575383124876807
10,12,ridge_base_alpha_1,21,2024-10-02,2024-10-03,2024-10-16,10,10,0.9970207767467385
10,12,ridge_base_alpha_1,22,2024-10-16,2024-10-17,2024-10-30,10,10,0.8734398889135822
10,12,ridge_base_alpha_1,23,2024-10-30,2024-10-31,2024-11-13,10,10,1.0550638964435353
10,12,ridge_base_alpha_1,24,2024-11-13,2024-11-14,2024-11-27,10,10,0.3820887319499672
10,12,ridge_base_alpha_1,25,2024-11-27,2024-11-28,2024-12-11,10,10,1.170033525553124
10,12,ridge_base_alpha_1,26,2024-12-11,2024-12-12,2024-12-25,10,9,1.2741616076381477
10,12,ridge_base_alpha_1,27,2024-12-25,2024-12-26,2024-12-31,4,4,2.0
10,13,ridge_base_alpha_1,1,2023-12-27,2023-12-28,2024-01-10,10,9,2.0
10,13,ridge_base_alpha_1,2,2024-01-10,2024-01-11,2024-01-24,10,10,2.0
10,13,ridge_base_alpha_1,3,2024-01-24,2024-01-25,2024-02-07,10,10,1.9718505563891608
10,13,ridge_base_alpha_1,4,2024-02-07,2024-02-08,2024-02-21,10,6,2.0
10,13,ridge_base_alpha_1,5,2024-02-21,2024-02-22,2024-03-06,10,10,2.0
10,13,ridge_base_alpha_1,6,2024-03-06,2024-03-07,2024-03-20,10,10,1.5945715542680303
10,13,ridge_base_alpha_1,7,2024-03-20,2024-03-21,2024-04-03,10,10,1.568810155280114
10,13,ridge_base_alpha_1,8,2024-04-03,2024-04-04,2024-04-17,10,10,2.0
10,13,ridge_base_alpha_1,9,2024-04-17,2024-04-18,2024-05-01,10,10,1.4847208388465765
10,13,ridge_base_alpha_1,10,2024-05-01,2024-05-02,2024-05-15,10,10,0.9160446775763929
10,13,ridge_base_alpha_1,11,2024-05-15,2024-05-16,2024-05-29,10,10,2.0
10,13,ridge_base_alpha_1,12,2024-05-29,2024-05-30,2024-06-12,10,10,1.8533532654805107
10,13,ridge_base_alpha_1,13,2024-06-12,2024-06-13,2024-06-26,10,10,1.9388040563547806
10,13,ridge_base_alpha_1,14,2024-06-26,2024-06-27,2024-07-10,10,10,1.9151355894479527
10,13,ridge_base_alpha_1,15,2024-07-10,2024-07-11,2024-07-24,10,10,1.70773451132205
10,13,ridge_base_alpha_1,16,2024-07-24,2024-07-25,2024-08-07,10,10,1.5597824785555154
10,13,ridge_base_alpha_1,17,2024-08-07,2024-08-08,2024-08-21,10,10,1.6592085582271556
10,13,ridge_base_alpha_1,18,2024-08-21,2024-08-22,2024-09-04,10,10,1.5531633140352907
10,13,ridge_base_alpha_1,19,2024-09-04,2024-09-05,2024-09-18,10,10,1.8889248699831764
10,13,ridge_base_alpha_1,20,2024-09-18,2024-09-19,2024-10-02,10,10,1.9817192519326676
10,13,ridge_base_alpha_1,21,2024-10-02,2024-10-03,2024-10-16,10,10,1.6003833522037387
10,13,ridge_base_alpha_1,22,2024-10-16,2024-10-17,2024-10-30,10,10,2.0
10,13,ridge_base_alpha_1,23,2024-10-30,2024-10-31,2024-11-13,10,10,2.0
10,13,ridge_base_alpha_1,24,2024-11-13,2024-11-14,2024-11-27,10,10,2.0
10,13,ridge_base_alpha_1,25,2024-11-27,2024-11-28,2024-12-11,10,10,1.9768466324985436
10,13,ridge_base_alpha_1,26,2024-12-11,2024-12-12,2024-12-25,10,9,1.9267421532756053
10,13,ridge_base_alpha_1,27,2024-12-25,2024-12-26,2024-12-31,4,4,1.6632870902652064
10,1,ridge_base_alpha_10,1,2023-12-27,2023-12-28,2024-01-10,10,9,0.21812172647911116
10,1,ridge_base_alpha_10,2,2024-01-10,2024-01-11,2024-01-24,10,10,0.3344949039971442
10,1,ridge_base_alpha_10,3,2024-01-24,2024-01-25,2024-02-07,10,10,0.14629266587618692
10,1,ridge_base_alpha_10,4,2024-02-07,2024-02-08,2024-02-21,10,6,0.1753001699931529
10,1,ridge_base_alpha_10,5,2024-02-21,2024-02-22,2024-03-06,10,10,0.11232045211480009
10,1,ridge_base_alpha_10,6,2024-03-06,2024-03-07,2024-03-20,10,10,0.08161858338148587
10,1,ridge_base_alpha_10,7,2024-03-20,2024-03-21,2024-04-03,10,10,0.11733631781661756
10,1,ridge_base_alpha_10,8,2024-04-03,2024-04-04,2024-04-17,10,10,0.10455004488277547
10,1,ridge_base_alpha_10,9,2024-04-17,2024-04-18,2024-05-01,10,10,0.189584973610803
10,1,ridge_base_alpha_10,10,2024-05-01,2024-05-02,2024-05-15,10,10,0.12160032111164712
10,1,ridge_base_alpha_10,11,2024-05-15,2024-05-16,2024-05-29,10,10,0.08818766504052733
10,1,ridge_base_alpha_10,12,2024-05-29,2024-05-30,2024-06-12,10,10,0.11576337166446998
10,1,ridge_base_alpha_10,13,2024-06-12,2024-06-13,2024-06-26,10,10,0.07883233833445404
10,1,ridge_base_alpha_10,14,2024-06-26,2024-06-27,2024-07-10,10,10,0.061898012269975905
10,1,ridge_base_alpha_10,15,2024-07-10,2024-07-11,2024-07-24,10,10,0.05546872846154909
10,1,ridge_base_alpha_10,16,2024-07-24,2024-07-25,2024-08-07,10,10,0.08742470364142087
10,1,ridge_base_alpha_10,17,2024-08-07,2024-08-08,2024-08-21,10,10,0.10891425134261434
10,1,ridge_base_alpha_10,18,2024-08-21,2024-08-22,2024-09-04,10,10,0.10882633118824173
10,1,ridge_base_alpha_10,19,2024-09-04,2024-09-05,2024-09-18,10,10,0.20604053629584007
10,1,ridge_base_alpha_10,20,2024-09-18,2024-09-19,2024-10-02,10,10,0.19850916245251307
10,1,ridge_base_alpha_10,21,2024-10-02,2024-10-03,2024-10-16,10,10,0.20994854313627084
10,1,ridge_base_alpha_10,22,2024-10-16,2024-10-17,2024-10-30,10,10,0.275550404187953
10,1,ridge_base_alpha_10,23,2024-10-30,2024-10-31,2024-11-13,10,10,0.29803191482499697
10,1,ridge_base_alpha_10,24,2024-11-13,2024-11-14,2024-11-27,10,10,0.3291118012811887
10,1,ridge_base_alpha_10,25,2024-11-27,2024-11-28,2024-12-11,10,10,0.23496361950874456
10,1,ridge_base_alpha_10,26,2024-12-11,2024-12-12,2024-12-25,10,9,0.2526547618450305
10,1,ridge_base_alpha_10,27,2024-12-25,2024-12-26,2024-12-31,4,4,0.19549386414033754
10,3,ridge_base_alpha_10,1,2023-12-27,2023-12-28,2024-01-10,10,9,0.07499473278854375
10,3,ridge_base_alpha_10,2,2024-01-10,2024-01-11,2024-01-24,10,10,0.13668713483809647
10,3,ridge_base_alpha_10,3,2024-01-24,2024-01-25,2024-02-07,10,10,0.13939448307801022
10,3,ridge_base_alpha_10,4,2024-02-07,2024-02-08,2024-02-21,10,6,0.11843905180548367
10,3,ridge_base_alpha_10,5,2024-02-21,2024-02-22,2024-03-06,10,10,0.0799697715323156
10,3,ridge_base_alpha_10,6,2024-03-06,2024-03-07,2024-03-20,10,10,0.10888188103287798
10,3,ridge_base_alpha_10,7,2024-03-20,2024-03-21,2024-04-03,10,10,0.12618137285535833
10,3,ridge_base_alpha_10,8,2024-04-03,2024-04-04,2024-04-17,10,10,0.126315839018837
10,3,ridge_base_alpha_10,9,2024-04-17,2024-04-18,2024-05-01,10,10,0.26449081618961184
10,3,ridge_base_alpha_10,10,2024-05-01,2024-05-02,2024-05-15,10,10,0.18188957083873514
10,3,ridge_base_alpha_10,11,2024-05-15,2024-05-16,2024-05-29,10,10,0.323460840676727
10,3,ridge_base_alpha_10,12,2024-05-29,2024-05-30,2024-06-12,10,10,0.09101977668572599
10,3,ridge_base_alpha_10,13,2024-06-12,2024-06-13,2024-06-26,10,10,0.07401267233285241
10,3,ridge_base_alpha_10,14,2024-06-26,2024-06-27,2024-07-10,10,10,0.1411024664399025
10,3,ridge_base_alpha_10,15,2024-07-10,2024-07-11,2024-07-24,10,10,0.06006111257751437
10,3,ridge_base_alpha_10,16,2024-07-24,2024-07-25,2024-08-07,10,10,0.15869129330759446
10,3,ridge_base_alpha_10,17,2024-08-07,2024-08-08,2024-08-21,10,10,0.3236959309037546
10,3,ridge_base_alpha_10,18,2024-08-21,2024-08-22,2024-09-04,10,10,0.11789005077661951
10,3,ridge_base_alpha_10,19,2024-09-04,2024-09-05,2024-09-18,10,10,0.24711112456403994
10,3,ridge_base_alpha_10,20,2024-09-18,2024-09-19,2024-10-02,10,10,0.13186839266320813
10,3,ridge_base_alpha_10,21,2024-10-02,2024-10-03,2024-10-16,10,10,0.1521128972491122
10,3,ridge_base_alpha_10,22,2024-10-16,2024-10-17,2024-10-30,10,10,0.10608688838922414
10,3,ridge_base_alpha_10,23,2024-10-30,2024-10-31,2024-11-13,10,10,0.051108979132257426
10,3,ridge_base_alpha_10,24,2024-11-13,2024-11-14,2024-11-27,10,10,0.11407062430495823
10,3,ridge_base_alpha_10,25,2024-11-27,2024-11-28,2024-12-11,10,10,0.22875435833435642
10,3,ridge_base_alpha_10,26,2024-12-11,2024-12-12,2024-12-25,10,9,0.12274207396613057
10,3,ridge_base_alpha_10,27,2024-12-25,2024-12-26,2024-12-31,4,4,0.5833715638780717
10,4,ridge_base_alpha_10,1,2023-12-27,2023-12-28,2024-01-10,10,9,0.16607374705338776
10,4,ridge_base_alpha_10,2,2024-01-10,2024-01-11,2024-01-24,10,10,0.18897635331774665
10,4,ridge_base_alpha_10,3,2024-01-24,2024-01-25,2024-02-07,10,10,0.07882586400140189
10,4,ridge_base_alpha_10,4,2024-02-07,2024-02-08,2024-02-21,10,6,0.1351720729802966
10,4,ridge_base_alpha_10,5,2024-02-21,2024-02-22,2024-03-06,10,10,0.10274371567021434
10,4,ridge_base_alpha_10,6,2024-03-06,2024-03-07,2024-03-20,10,10,0.05756667746195379
10,4,ridge_base_alpha_10,7,2024-03-20,2024-03-21,2024-04-03,10,10,0.17416113714587478
10,4,ridge_base_alpha_10,8,2024-04-03,2024-04-04,2024-04-17,10,10,0.10785607646477068
10,4,ridge_base_alpha_10,9,2024-04-17,2024-04-18,2024-05-01,10,10,0.31546175934801407
10,4,ridge_base_alpha_10,10,2024-05-01,2024-05-02,2024-05-15,10,10,0.2787439517758343
10,4,ridge_base_alpha_10,11,2024-05-15,2024-05-16,2024-05-29,10,10,0.28875232737665196
10,4,ridge_base_alpha_10,12,2024-05-29,2024-05-30,2024-06-12,10,10,0.14556009063827896
10,4,ridge_base_alpha_10,13,2024-06-12,2024-06-13,2024-06-26,10,10,0.12257874684677889
10,4,ridge_base_alpha_10,14,2024-06-26,2024-06-27,2024-07-10,10,10,0.15962986087955366
10,4,ridge_base_alpha_10,15,2024-07-10,2024-07-11,2024-07-24,10,10,0.14691257736445193
10,4,ridge_base_alpha_10,16,2024-07-24,2024-07-25,2024-08-07,10,10,0.09845655682019153
10,4,ridge_base_alpha_10,17,2024-08-07,2024-08-08,2024-08-21,10,10,0.23866885822205025
10,4,ridge_base_alpha_10,18,2024-08-21,2024-08-22,2024-09-04,10,10,0.11506601489492858
10,4,ridge_base_alpha_10,19,2024-09-04,2024-09-05,2024-09-18,10,10,0.14952088229020782
10,4,ridge_base_alpha_10,20,2024-09-18,2024-09-19,2024-10-02,10,10,0.22183302218193088
10,4,ridge_base_alpha_10,21,2024-10-02,2024-10-03,2024-10-16,10,10,0.3437910652559266
10,4,ridge_base_alpha_10,22,2024-10-16,2024-10-17,2024-10-30,10,10,0.14872666966894577
10,4,ridge_base_alpha_10,23,2024-10-30,2024-10-31,2024-11-13,10,10,0.08567896241906209
10,4,ridge_base_alpha_10,24,2024-11-13,2024-11-14,2024-11-27,10,10,0.09899492862717649
10,4,ridge_base_alpha_10,25,2024-11-27,2024-11-28,2024-12-11,10,10,0.09710399471054282
10,4,ridge_base_alpha_10,26,2024-12-11,2024-12-12,2024-12-25,10,9,0.12058089683525954
10,4,ridge_base_alpha_10,27,2024-12-25,2024-12-26,2024-12-31,4,4,0.5829262975187762
10,5,ridge_base_alpha_10,1,2023-12-27,2023-12-28,2024-01-10,10,9,0.3011755665337995
10,5,ridge_base_alpha_10,2,2024-01-10,2024-01-11,2024-01-24,10,10,0.2773702984958126
10,5,ridge_base_alpha_10,3,2024-01-24,2024-01-25,2024-02-07,10,10,0.12459029846335229
10,5,ridge_base_alpha_10,4,2024-02-07,2024-02-08,2024-02-21,10,6,0.16461198413282846
10,5,ridge_base_alpha_10,5,2024-02-21,2024-02-22,2024-03-06,10,10,0.0801328765877153
10,5,ridge_base_alpha_10,6,2024-03-06,2024-03-07,2024-03-20,10,10,0.1098727381616471
10,5,ridge_base_alpha_10,7,2024-03-20,2024-03-21,2024-04-03,10,10,0.1274326630666438
10,5,ridge_base_alpha_10,8,2024-04-03,2024-04-04,2024-04-17,10,10,0.105189291428823
10,5,ridge_base_alpha_10,9,2024-04-17,2024-04-18,2024-05-01,10,10,0.31409698654350426
10,5,ridge_base_alpha_10,10,2024-05-01,2024-05-02,2024-05-15,10,10,0.16994794585125433
10,5,ridge_base_alpha_10,11,2024-05-15,2024-05-16,2024-05-29,10,10,0.24508619314319022
10,5,ridge_base_alpha_10,12,2024-05-29,2024-05-30,2024-06-12,10,10,0.06690551897379886
10,5,ridge_base_alpha_10,13,2024-06-12,2024-06-13,2024-06-26,10,10,0.05227012104290671
10,5,ridge_base_alpha_10,14,2024-06-26,2024-06-27,2024-07-10,10,10,0.08528807024115743
10,5,ridge_base_alpha_10,15,2024-07-10,2024-07-11,2024-07-24,10,10,0.07287504732198716
10,5,ridge_base_alpha_10,16,2024-07-24,2024-07-25,2024-08-07,10,10,0.1103180438190488
10,5,ridge_base_alpha_10,17,2024-08-07,2024-08-08,2024-08-21,10,10,0.11006308960454897
10,5,ridge_base_alpha_10,18,2024-08-21,2024-08-22,2024-09-04,10,10,0.06670447219844415
10,5,ridge_base_alpha_10,19,2024-09-04,2024-09-05,2024-09-18,10,10,0.06853306797698865
10,5,ridge_base_alpha_10,20,2024-09-18,2024-09-19,2024-10-02,10,10,0.1039312373929484
10,5,ridge_base_alpha_10,21,2024-10-02,2024-10-03,2024-10-16,10,10,0.06310997299952081
10,5,ridge_base_alpha_10,22,2024-10-16,2024-10-17,2024-10-30,10,10,0.04489563380355121
10,5,ridge_base_alpha_10,23,2024-10-30,2024-10-31,2024-11-13,10,10,0.12993417105189348
10,5,ridge_base_alpha_10,24,2024-11-13,2024-11-14,2024-11-27,10,10,0.10233580326285462
10,5,ridge_base_alpha_10,25,2024-11-27,2024-11-28,2024-12-11,10,10,0.051041197822522734
10,5,ridge_base_alpha_10,26,2024-12-11,2024-12-12,2024-12-25,10,9,0.03754301536145154
10,5,ridge_base_alpha_10,27,2024-12-25,2024-12-26,2024-12-31,4,4,0.14303517447932176
10,6,ridge_base_alpha_10,1,2023-12-27,2023-12-28,2024-01-10,10,9,0.15393516828143278
10,6,ridge_base_alpha_10,2,2024-01-10,2024-01-11,2024-01-24,10,10,0.0991758330648141
10,6,ridge_base_alpha_10,3,2024-01-24,2024-01-25,2024-02-07,10,10,0.11473003253877688
10,6,ridge_base_alpha_10,4,2024-02-07,2024-02-08,2024-02-21,10,6,0.11297219116438431
10,6,ridge_base_alpha_10,5,2024-02-21,2024-02-22,2024-03-06,10,10,0.17026229121767644
10,6,ridge_base_alpha_10,6,2024-03-06,2024-03-07,2024-03-20,10,10,0.15829188424193186
10,6,ridge_base_alpha_10,7,2024-03-20,2024-03-21,2024-04-03,10,10,0.1784569600478566
10,6,ridge_base_alpha_10,8,2024-04-03,2024-04-04,2024-04-17,10,10,0.16863855414536083
10,6,ridge_base_alpha_10,9,2024-04-17,2024-04-18,2024-05-01,10,10,0.16383400047620097
10,6,ridge_base_alpha_10,10,2024-05-01,2024-05-02,2024-05-15,10,10,0.11534338810892548
10,6,ridge_base_alpha_10,11,2024-05-15,2024-05-16,2024-05-29,10,10,0.33016906804402657
10,6,ridge_base_alpha_10,12,2024-05-29,2024-05-30,2024-06-12,10,10,0.14691158191660486
10,6,ridge_base_alpha_10,13,2024-06-12,2024-06-13,2024-06-26,10,10,0.1601203474404831
10,6,ridge_base_alpha_10,14,2024-06-26,2024-06-27,2024-07-10,10,10,0.10916913228451963
10,6,ridge_base_alpha_10,15,2024-07-10,2024-07-11,2024-07-24,10,10,0.12290000522775568
10,6,ridge_base_alpha_10,16,2024-07-24,2024-07-25,2024-08-07,10,10,0.14858700300932468
10,6,ridge_base_alpha_10,17,2024-08-07,2024-08-08,2024-08-21,10,10,0.2015233283533113
10,6,ridge_base_alpha_10,18,2024-08-21,2024-08-22,2024-09-04,10,10,0.14173456906553503
10,6,ridge_base_alpha_10,19,2024-09-04,2024-09-05,2024-09-18,10,10,0.06710189909828111
10,6,ridge_base_alpha_10,20,2024-09-18,2024-09-19,2024-10-02,10,10,0.11916274021818052
10,6,ridge_base_alpha_10,21,2024-10-02,2024-10-03,2024-10-16,10,10,0.07257060862334606
10,6,ridge_base_alpha_10,22,2024-10-16,2024-10-17,2024-10-30,10,10,0.08594597691874414
10,6,ridge_base_alpha_10,23,2024-10-30,2024-10-31,2024-11-13,10,10,0.1255187262065188
10,6,ridge_base_alpha_10,24,2024-11-13,2024-11-14,2024-11-27,10,10,0.06968986267351934
10,6,ridge_base_alpha_10,25,2024-11-27,2024-11-28,2024-12-11,10,10,0.14941153948427488
10,6,ridge_base_alpha_10,26,2024-12-11,2024-12-12,2024-12-25,10,9,0.1687451192970957
10,6,ridge_base_alpha_10,27,2024-12-25,2024-12-26,2024-12-31,4,4,0.3056660843196699
10,7,ridge_base_alpha_10,1,2023-12-27,2023-12-28,2024-01-10,10,9,0.2112997483739667
10,7,ridge_base_alpha_10,2,2024-01-10,2024-01-11,2024-01-24,10,10,0.32654405810888015
10,7,ridge_base_alpha_10,3,2024-01-24,2024-01-25,2024-02-07,10,10,0.19926694913632434
10,7,ridge_base_alpha_10,4,2024-02-07,2024-02-08,2024-02-21,10,6,0.18963564079828849
10,7,ridge_base_alpha_10,5,2024-02-21,2024-02-22,2024-03-06,10,10,0.18814854435969386
10,7,ridge_base_alpha_10,6,2024-03-06,2024-03-07,2024-03-20,10,10,0.1553870898587127
10,7,ridge_base_alpha_10,7,2024-03-20,2024-03-21,2024-04-03,10,10,0.220788830483151
10,7,ridge_base_alpha_10,8,2024-04-03,2024-04-04,2024-04-17,10,10,0.1578088472483077
10,7,ridge_base_alpha_10,9,2024-04-17,2024-04-18,2024-05-01,10,10,0.32259457957646465
10,7,ridge_base_alpha_10,10,2024-05-01,2024-05-02,2024-05-15,10,10,0.17808529964198735
10,7,ridge_base_alpha_10,11,2024-05-15,2024-05-16,2024-05-29,10,10,0.38065462427879687
10,7,ridge_base_alpha_10,12,2024-05-29,2024-05-30,2024-06-12,10,10,0.15276720252385645
10,7,ridge_base_alpha_10,13,2024-06-12,2024-06-13,2024-06-26,10,10,0.16292660858410934
10,7,ridge_base_alpha_10,14,2024-06-26,2024-06-27,2024-07-10,10,10,0.11810006532426293
10,7,ridge_base_alpha_10,15,2024-07-10,2024-07-11,2024-07-24,10,10,0.16506412925644673
10,7,ridge_base_alpha_10,16,2024-07-24,2024-07-25,2024-08-07,10,10,0.20172285778373783
10,7,ridge_base_alpha_10,17,2024-08-07,2024-08-08,2024-08-21,10,10,0.3827848821359507
10,7,ridge_base_alpha_10,18,2024-08-21,2024-08-22,2024-09-04,10,10,0.37409116416395133
10,7,ridge_base_alpha_10,19,2024-09-04,2024-09-05,2024-09-18,10,10,0.23576650492151138
10,7,ridge_base_alpha_10,20,2024-09-18,2024-09-19,2024-10-02,10,10,0.36554819916918896
10,7,ridge_base_alpha_10,21,2024-10-02,2024-10-03,2024-10-16,10,10,0.5286571744961784
10,7,ridge_base_alpha_10,22,2024-10-16,2024-10-17,2024-10-30,10,10,0.3849438914780723
10,7,ridge_base_alpha_10,23,2024-10-30,2024-10-31,2024-11-13,10,10,0.41746939358563484
10,7,ridge_base_alpha_10,24,2024-11-13,2024-11-14,2024-11-27,10,10,0.41664982454475735
10,7,ridge_base_alpha_10,25,2024-11-27,2024-11-28,2024-12-11,10,10,0.25553372149849934
10,7,ridge_base_alpha_10,26,2024-12-11,2024-12-12,2024-12-25,10,9,0.2006468414658293
10,7,ridge_base_alpha_10,27,2024-12-25,2024-12-26,2024-12-31,4,4,0.7728923366014182
10,8,ridge_base_alpha_10,1,2023-12-27,2023-12-28,2024-01-10,10,9,0.34788794266469036
10,8,ridge_base_alpha_10,2,2024-01-10,2024-01-11,2024-01-24,10,10,0.2032409832897126
10,8,ridge_base_alpha_10,3,2024-01-24,2024-01-25,2024-02-07,10,10,0.1881573535655866
10,8,ridge_base_alpha_10,4,2024-02-07,2024-02-08,2024-02-21,10,6,0.3486296908253453
10,8,ridge_base_alpha_10,5,2024-02-21,2024-02-22,2024-03-06,10,10,0.45253658320040985
10,8,ridge_base_alpha_10,6,2024-03-06,2024-03-07,2024-03-20,10,10,0.4271858698667071
10,8,ridge_base_alpha_10,7,2024-03-20,2024-03-21,2024-04-03,10,10,0.601160343267149
10,8,ridge_base_alpha_10,8,2024-04-03,2024-04-04,2024-04-17,10,10,0.80279533370285
10,8,ridge_base_alpha_10,9,2024-04-17,2024-04-18,2024-05-01,10,10,0.4242828853153815
10,8,ridge_base_alpha_10,10,2024-05-01,2024-05-02,2024-05-15,10,10,0.3112480771319148
10,8,ridge_base_alpha_10,11,2024-05-15,2024-05-16,2024-05-29,10,10,0.4569948720025678
10,8,ridge_base_alpha_10,12,2024-05-29,2024-05-30,2024-06-12,10,10,0.23965822085445204
10,8,ridge_base_alpha_10,13,2024-06-12,2024-06-13,2024-06-26,10,10,0.21689910651034494
10,8,ridge_base_alpha_10,14,2024-06-26,2024-06-27,2024-07-10,10,10,0.095060102413284
10,8,ridge_base_alpha_10,15,2024-07-10,2024-07-11,2024-07-24,10,10,0.095342820938846
10,8,ridge_base_alpha_10,16,2024-07-24,2024-07-25,2024-08-07,10,10,0.18701493486824494
10,8,ridge_base_alpha_10,17,2024-08-07,2024-08-08,2024-08-21,10,10,0.12764713965755678
10,8,ridge_base_alpha_10,18,2024-08-21,2024-08-22,2024-09-04,10,10,0.06821884133877658
10,8,ridge_base_alpha_10,19,2024-09-04,2024-09-05,2024-09-18,10,10,0.08948146775471096
10,8,ridge_base_alpha_10,20,2024-09-18,2024-09-19,2024-10-02,10,10,0.17850530855152025
10,8,ridge_base_alpha_10,21,2024-10-02,2024-10-03,2024-10-16,10,10,0.11079478809713249
10,8,ridge_base_alpha_10,22,2024-10-16,2024-10-17,2024-10-30,10,10,0.038218789423016764
10,8,ridge_base_alpha_10,23,2024-10-30,2024-10-31,2024-11-13,10,10,0.10221438853661907
10,8,ridge_base_alpha_10,24,2024-11-13,2024-11-14,2024-11-27,10,10,0.15601186219221305
10,8,ridge_base_alpha_10,25,2024-11-27,2024-11-28,2024-12-11,10,10,0.09995867484492336
10,8,ridge_base_alpha_10,26,2024-12-11,2024-12-12,2024-12-25,10,9,0.08540133787748996
10,8,ridge_base_alpha_10,27,2024-12-25,2024-12-26,2024-12-31,4,4,0.1334048682093066
10,9,ridge_base_alpha_10,1,2023-12-27,2023-12-28,2024-01-10,10,9,0.5108677549092397
10,9,ridge_base_alpha_10,2,2024-01-10,2024-01-11,2024-01-24,10,10,0.5356133835740077
10,9,ridge_base_alpha_10,3,2024-01-24,2024-01-25,2024-02-07,10,10,0.4368899387926655
10,9,ridge_base_alpha_10,4,2024-02-07,2024-02-08,2024-02-21,10,6,0.4758470270601709
10,9,ridge_base_alpha_10,5,2024-02-21,2024-02-22,2024-03-06,10,10,0.053993803270251176
10,9,ridge_base_alpha_10,6,2024-03-06,2024-03-07,2024-03-20,10,10,0.07280290700391952
10,9,ridge_base_alpha_10,7,2024-03-20,2024-03-21,2024-04-03,10,10,0.25937879033916406
10,9,ridge_base_alpha_10,8,2024-04-03,2024-04-04,2024-04-17,10,10,0.3515423878054439
10,9,ridge_base_alpha_10,9,2024-04-17,2024-04-18,2024-05-01,10,10,0.2116233522396243
10,9,ridge_base_alpha_10,10,2024-05-01,2024-05-02,2024-05-15,10,10,0.525354154941347
10,9,ridge_base_alpha_10,11,2024-05-15,2024-05-16,2024-05-29,10,10,0.5085409755372735
10,9,ridge_base_alpha_10,12,2024-05-29,2024-05-30,2024-06-12,10,10,0.2935356702962974
10,9,ridge_base_alpha_10,13,2024-06-12,2024-06-13,2024-06-26,10,10,0.26469969686407996
10,9,ridge_base_alpha_10,14,2024-06-26,2024-06-27,2024-07-10,10,10,0.24494801118411447
10,9,ridge_base_alpha_10,15,2024-07-10,2024-07-11,2024-07-24,10,10,0.06294197051800003
10,9,ridge_base_alpha_10,16,2024-07-24,2024-07-25,2024-08-07,10,10,0.14350709152723334
10,9,ridge_base_alpha_10,17,2024-08-07,2024-08-08,2024-08-21,10,10,0.14054382252180717
10,9,ridge_base_alpha_10,18,2024-08-21,2024-08-22,2024-09-04,10,10,0.11403774930128091
10,9,ridge_base_alpha_10,19,2024-09-04,2024-09-05,2024-09-18,10,10,0.17871486759222333
10,9,ridge_base_alpha_10,20,2024-09-18,2024-09-19,2024-10-02,10,10,0.045040917074185095
10,9,ridge_base_alpha_10,21,2024-10-02,2024-10-03,2024-10-16,10,10,0.16057198064908082
10,9,ridge_base_alpha_10,22,2024-10-16,2024-10-17,2024-10-30,10,10,0.12022352733416208
10,9,ridge_base_alpha_10,23,2024-10-30,2024-10-31,2024-11-13,10,10,0.17426140531151457
10,9,ridge_base_alpha_10,24,2024-11-13,2024-11-14,2024-11-27,10,10,0.143626257008821
10,9,ridge_base_alpha_10,25,2024-11-27,2024-11-28,2024-12-11,10,10,0.08005913781035212
10,9,ridge_base_alpha_10,26,2024-12-11,2024-12-12,2024-12-25,10,9,0.06817229280609964
10,9,ridge_base_alpha_10,27,2024-12-25,2024-12-26,2024-12-31,4,4,0.25591020665215997
10,11,ridge_base_alpha_10,1,2023-12-27,2023-12-28,2024-01-10,10,9,0.4832736063694555
10,11,ridge_base_alpha_10,2,2024-01-10,2024-01-11,2024-01-24,10,10,1.5730860429512683
10,11,ridge_base_alpha_10,3,2024-01-24,2024-01-25,2024-02-07,10,10,0.9132672544836361
10,11,ridge_base_alpha_10,4,2024-02-07,2024-02-08,2024-02-21,10,6,0.25765982063374754
10,11,ridge_base_alpha_10,5,2024-02-21,2024-02-22,2024-03-06,10,10,0.2752540017211656
10,11,ridge_base_alpha_10,6,2024-03-06,2024-03-07,2024-03-20,10,10,0.3259032828892594
10,11,ridge_base_alpha_10,7,2024-03-20,2024-03-21,2024-04-03,10,10,0.30532030561661444
10,11,ridge_base_alpha_10,8,2024-04-03,2024-04-04,2024-04-17,10,10,0.5377460659212149
10,11,ridge_base_alpha_10,9,2024-04-17,2024-04-18,2024-05-01,10,10,0.14325731104572623
10,11,ridge_base_alpha_10,10,2024-05-01,2024-05-02,2024-05-15,10,10,0.43394391845082536
10,11,ridge_base_alpha_10,11,2024-05-15,2024-05-16,2024-05-29,10,10,0.5058020422664278
10,11,ridge_base_alpha_10,12,2024-05-29,2024-05-30,2024-06-12,10,10,0.45471348759563424
10,11,ridge_base_alpha_10,13,2024-06-12,2024-06-13,2024-06-26,10,10,0.44103330465368523
10,11,ridge_base_alpha_10,14,2024-06-26,2024-06-27,2024-07-10,10,10,0.19761657936338645
10,11,ridge_base_alpha_10,15,2024-07-10,2024-07-11,2024-07-24,10,10,0.2517667877384716
10,11,ridge_base_alpha_10,16,2024-07-24,2024-07-25,2024-08-07,10,10,0.24547821201169923
10,11,ridge_base_alpha_10,17,2024-08-07,2024-08-08,2024-08-21,10,10,0.3121422901483251
10,11,ridge_base_alpha_10,18,2024-08-21,2024-08-22,2024-09-04,10,10,0.27493865315173305
10,11,ridge_base_alpha_10,19,2024-09-04,2024-09-05,2024-09-18,10,10,0.38340154382062236
10,11,ridge_base_alpha_10,20,2024-09-18,2024-09-19,2024-10-02,10,10,0.3164683573388215
10,11,ridge_base_alpha_10,21,2024-10-02,2024-10-03,2024-10-16,10,10,0.39975393290554534
10,11,ridge_base_alpha_10,22,2024-10-16,2024-10-17,2024-10-30,10,10,0.1658649351903031
10,11,ridge_base_alpha_10,23,2024-10-30,2024-10-31,2024-11-13,10,10,0.11490274856154639
10,11,ridge_base_alpha_10,24,2024-11-13,2024-11-14,2024-11-27,10,10,0.5819501805583336
10,11,ridge_base_alpha_10,25,2024-11-27,2024-11-28,2024-12-11,10,10,1.7052445692293106
10,11,ridge_base_alpha_10,26,2024-12-11,2024-12-12,2024-12-25,10,9,1.8055139017175608
10,11,ridge_base_alpha_10,27,2024-12-25,2024-12-26,2024-12-31,4,4,1.9228471836051282
10,12,ridge_base_alpha_10,1,2023-12-27,2023-12-28,2024-01-10,10,9,0.7657993852435673
10,12,ridge_base_alpha_10,2,2024-01-10,2024-01-11,2024-01-24,10,10,1.1619370858518494
10,12,ridge_base_alpha_10,3,2024-01-24,2024-01-25,2024-02-07,10,10,0.8548758416045561
10,12,ridge_base_alpha_10,4,2024-02-07,2024-02-08,2024-02-21,10,6,1.8845034215526337
10,12,ridge_base_alpha_10,5,2024-02-21,2024-02-22,2024-03-06,10,10,1.6676766379114891
10,12,ridge_base_alpha_10,6,2024-03-06,2024-03-07,2024-03-20,10,10,1.8952375973062399
10,12,ridge_base_alpha_10,7,2024-03-20,2024-03-21,2024-04-03,10,10,2.0
10,12,ridge_base_alpha_10,8,2024-04-03,2024-04-04,2024-04-17,10,10,1.8114031869629479
10,12,ridge_base_alpha_10,9,2024-04-17,2024-04-18,2024-05-01,10,10,1.6755400899762443
10,12,ridge_base_alpha_10,10,2024-05-01,2024-05-02,2024-05-15,10,10,0.7807279524286789
10,12,ridge_base_alpha_10,11,2024-05-15,2024-05-16,2024-05-29,10,10,1.3090993777321582
10,12,ridge_base_alpha_10,12,2024-05-29,2024-05-30,2024-06-12,10,10,1.255969704180549
10,12,ridge_base_alpha_10,13,2024-06-12,2024-06-13,2024-06-26,10,10,0.7079366374259893
10,12,ridge_base_alpha_10,14,2024-06-26,2024-06-27,2024-07-10,10,10,1.0988668169364313
10,12,ridge_base_alpha_10,15,2024-07-10,2024-07-11,2024-07-24,10,10,1.4060628199829484
10,12,ridge_base_alpha_10,16,2024-07-24,2024-07-25,2024-08-07,10,10,1.0776086022884606
10,12,ridge_base_alpha_10,17,2024-08-07,2024-08-08,2024-08-21,10,10,1.2581781940624905
10,12,ridge_base_alpha_10,18,2024-08-21,2024-08-22,2024-09-04,10,10,1.2221859837539444
10,12,ridge_base_alpha_10,19,2024-09-04,2024-09-05,2024-09-18,10,10,0.909216699828108
10,12,ridge_base_alpha_10,20,2024-09-18,2024-09-19,2024-10-02,10,10,1.0633885470920639
10,12,ridge_base_alpha_10,21,2024-10-02,2024-10-03,2024-10-16,10,10,0.9994387615887028
10,12,ridge_base_alpha_10,22,2024-10-16,2024-10-17,2024-10-30,10,10,0.878002880657557
10,12,ridge_base_alpha_10,23,2024-10-30,2024-10-31,2024-11-13,10,10,1.0552751185200187
10,12,ridge_base_alpha_10,24,2024-11-13,2024-11-14,2024-11-27,10,10,0.38565775660550095
10,12,ridge_base_alpha_10,25,2024-11-27,2024-11-28,2024-12-11,10,10,1.1720878469547107
10,12,ridge_base_alpha_10,26,2024-12-11,2024-12-12,2024-12-25,10,9,1.2710339438062788
10,12,ridge_base_alpha_10,27,2024-12-25,2024-12-26,2024-12-31,4,4,2.0
10,13,ridge_base_alpha_10,1,2023-12-27,2023-12-28,2024-01-10,10,9,2.0
10,13,ridge_base_alpha_10,2,2024-01-10,2024-01-11,2024-01-24,10,10,2.0
10,13,ridge_base_alpha_10,3,2024-01-24,2024-01-25,2024-02-07,10,10,1.9764457164515727
10,13,ridge_base_alpha_10,4,2024-02-07,2024-02-08,2024-02-21,10,6,2.0
10,13,ridge_base_alpha_10,5,2024-02-21,2024-02-22,2024-03-06,10,10,2.0
10,13,ridge_base_alpha_10,6,2024-03-06,2024-03-07,2024-03-20,10,10,1.5479038501000255
10,13,ridge_base_alpha_10,7,2024-03-20,2024-03-21,2024-04-03,10,10,1.5678139456257716
10,13,ridge_base_alpha_10,8,2024-04-03,2024-04-04,2024-04-17,10,10,2.0
10,13,ridge_base_alpha_10,9,2024-04-17,2024-04-18,2024-05-01,10,10,1.3968278548402238
10,13,ridge_base_alpha_10,10,2024-05-01,2024-05-02,2024-05-15,10,10,0.9136407171157702
10,13,ridge_base_alpha_10,11,2024-05-15,2024-05-16,2024-05-29,10,10,2.0
10,13,ridge_base_alpha_10,12,2024-05-29,2024-05-30,2024-06-12,10,10,1.8728298748134322
10,13,ridge_base_alpha_10,13,2024-06-12,2024-06-13,2024-06-26,10,10,1.9471413583470483
10,13,ridge_base_alpha_10,14,2024-06-26,2024-06-27,2024-07-10,10,10,1.90956558962643
10,13,ridge_base_alpha_10,15,2024-07-10,2024-07-11,2024-07-24,10,10,1.715150463616704
10,13,ridge_base_alpha_10,16,2024-07-24,2024-07-25,2024-08-07,10,10,1.5663770666450472
10,13,ridge_base_alpha_10,17,2024-08-07,2024-08-08,2024-08-21,10,10,1.662182656432287
10,13,ridge_base_alpha_10,18,2024-08-21,2024-08-22,2024-09-04,10,10,1.565218078514954
10,13,ridge_base_alpha_10,19,2024-09-04,2024-09-05,2024-09-18,10,10,1.8924480072783056
10,13,ridge_base_alpha_10,20,2024-09-18,2024-09-19,2024-10-02,10,10,1.9844549800393168
10,13,ridge_base_alpha_10,21,2024-10-02,2024-10-03,2024-10-16,10,10,1.6248841376936998
10,13,ridge_base_alpha_10,22,2024-10-16,2024-10-17,2024-10-30,10,10,2.0
10,13,ridge_base_alpha_10,23,2024-10-30,2024-10-31,2024-11-13,10,10,2.0
10,13,ridge_base_alpha_10,24,2024-11-13,2024-11-14,2024-11-27,10,10,2.0
10,13,ridge_base_alpha_10,25,2024-11-27,2024-11-28,2024-12-11,10,10,1.978931212211993
10,13,ridge_base_alpha_10,26,2024-12-11,2024-12-12,2024-12-25,10,9,1.9486578586064145
10,13,ridge_base_alpha_10,27,2024-12-25,2024-12-26,2024-12-31,4,4,1.7182437141729046
10,2,ridge_dow_alpha_0.01,1,2023-12-27,2023-12-28,2024-01-10,10,9,0.20553439595372547
10,2,ridge_dow_alpha_0.01,2,2024-01-10,2024-01-11,2024-01-24,10,10,0.3072805758771226
10,2,ridge_dow_alpha_0.01,3,2024-01-24,2024-01-25,2024-02-07,10,10,0.16401470550562453
10,2,ridge_dow_alpha_0.01,4,2024-02-07,2024-02-08,2024-02-21,10,6,0.1104852167039605
10,2,ridge_dow_alpha_0.01,5,2024-02-21,2024-02-22,2024-03-06,10,10,0.08828365594242114
10,2,ridge_dow_alpha_0.01,6,2024-03-06,2024-03-07,2024-03-20,10,10,0.11886348429331306
10,2,ridge_dow_alpha_0.01,7,2024-03-20,2024-03-21,2024-04-03,10,10,0.15762274665832443
10,2,ridge_dow_alpha_0.01,8,2024-04-03,2024-04-04,2024-04-17,10,10,0.17838229315428306
10,2,ridge_dow_alpha_0.01,9,2024-04-17,2024-04-18,2024-05-01,10,10,0.22457592601911838
10,2,ridge_dow_alpha_0.01,10,2024-05-01,2024-05-02,2024-05-15,10,10,0.15617191981322343
10,2,ridge_dow_alpha_0.01,11,2024-05-15,2024-05-16,2024-05-29,10,10,0.17763510160157356
10,2,ridge_dow_alpha_0.01,12,2024-05-29,2024-05-30,2024-06-12,10,10,0.09288331181394505
10,2,ridge_dow_alpha_0.01,13,2024-06-12,2024-06-13,2024-06-26,10,10,0.13526175232689316
10,2,ridge_dow_alpha_0.01,14,2024-06-26,2024-06-27,2024-07-10,10,10,0.11952050047392733
10,2,ridge_dow_alpha_0.01,15,2024-07-10,2024-07-11,2024-07-24,10,10,0.11498339111839649
10,2,ridge_dow_alpha_0.01,16,2024-07-24,2024-07-25,2024-08-07,10,10,0.0767664375174171
10,2,ridge_dow_alpha_0.01,17,2024-08-07,2024-08-08,2024-08-21,10,10,0.06329347845335583
10,2,ridge_dow_alpha_0.01,18,2024-08-21,2024-08-22,2024-09-04,10,10,0.08896549579329993
10,2,ridge_dow_alpha_0.01,19,2024-09-04,2024-09-05,2024-09-18,10,10,0.05410665640064616
10,2,ridge_dow_alpha_0.01,20,2024-09-18,2024-09-19,2024-10-02,10,10,0.07069760242313114
10,2,ridge_dow_alpha_0.01,21,2024-10-02,2024-10-03,2024-10-16,10,10,0.2038412118690549
10,2,ridge_dow_alpha_0.01,22,2024-10-16,2024-10-17,2024-10-30,10,10,0.08281017607725244
10,2,ridge_dow_alpha_0.01,23,2024-10-30,2024-10-31,2024-11-13,10,10,0.13316405793183267
10,2,ridge_dow_alpha_0.01,24,2024-11-13,2024-11-14,2024-11-27,10,10,0.0968251230300285
10,2,ridge_dow_alpha_0.01,25,2024-11-27,2024-11-28,2024-12-11,10,10,0.14672339876705667
10,2,ridge_dow_alpha_0.01,26,2024-12-11,2024-12-12,2024-12-25,10,9,0.11325367525127711
10,2,ridge_dow_alpha_0.01,27,2024-12-25,2024-12-26,2024-12-31,4,4,0.13386080087996582
10,10,ridge_dow_alpha_0.01,1,2023-12-27,2023-12-28,2024-01-10,10,9,0.12755614996731568
10,10,ridge_dow_alpha_0.01,2,2024-01-10,2024-01-11,2024-01-24,10,10,0.10150849950683433
10,10,ridge_dow_alpha_0.01,3,2024-01-24,2024-01-25,2024-02-07,10,10,0.11880278645148448
10,10,ridge_dow_alpha_0.01,4,2024-02-07,2024-02-08,2024-02-21,10,6,0.12795824954889978
10,10,ridge_dow_alpha_0.01,5,2024-02-21,2024-02-22,2024-03-06,10,10,0.11341872903876996
10,10,ridge_dow_alpha_0.01,6,2024-03-06,2024-03-07,2024-03-20,10,10,0.10122794359179298
10,10,ridge_dow_alpha_0.01,7,2024-03-20,2024-03-21,2024-04-03,10,10,0.12002994734397637
10,10,ridge_dow_alpha_0.01,8,2024-04-03,2024-04-04,2024-04-17,10,10,0.11601947303316079
10,10,ridge_dow_alpha_0.01,9,2024-04-17,2024-04-18,2024-05-01,10,10,0.19960675656287757
10,10,ridge_dow_alpha_0.01,10,2024-05-01,2024-05-02,2024-05-15,10,10,0.1603448134402152
10,10,ridge_dow_alpha_0.01,11,2024-05-15,2024-05-16,2024-05-29,10,10,0.18227888318986044
10,10,ridge_dow_alpha_0.01,12,2024-05-29,2024-05-30,2024-06-12,10,10,0.11666043527883835
10,10,ridge_dow_alpha_0.01,13,2024-06-12,2024-06-13,2024-06-26,10,10,0.03555917170992698
10,10,ridge_dow_alpha_0.01,14,2024-06-26,2024-06-27,2024-07-10,10,10,0.0914713877959712
10,10,ridge_dow_alpha_0.01,15,2024-07-10,2024-07-11,2024-07-24,10,10,0.06133545114059871
10,10,ridge_dow_alpha_0.01,16,2024-07-24,2024-07-25,2024-08-07,10,10,0.07409454174380731
10,10,ridge_dow_alpha_0.01,17,2024-08-07,2024-08-08,2024-08-21,10,10,0.14460415127569587
10,10,ridge_dow_alpha_0.01,18,2024-08-21,2024-08-22,2024-09-04,10,10,0.07064410138967012
10,10,ridge_dow_alpha_0.01,19,2024-09-04,2024-09-05,2024-09-18,10,10,0.055455286607132885
10,10,ridge_dow_alpha_0.01,20,2024-09-18,2024-09-19,2024-10-02,10,10,0.06041021900530104
10,10,ridge_dow_alpha_0.01,21,2024-10-02,2024-10-03,2024-10-16,10,10,0.1599677355997483
10,10,ridge_dow_alpha_0.01,22,2024-10-16,2024-10-17,2024-10-30,10,10,0.056576500138237
10,10,ridge_dow_alpha_0.01,23,2024-10-30,2024-10-31,2024-11-13,10,10,0.059039511367045175
10,10,ridge_dow_alpha_0.01,24,2024-11-13,2024-11-14,2024-11-27,10,10,0.08942241171608178
10,10,ridge_dow_alpha_0.01,25,2024-11-27,2024-11-28,2024-12-11,10,10,0.0668950582569408
10,10,ridge_dow_alpha_0.01,26,2024-12-11,2024-12-12,2024-12-25,10,9,0.08285372274550964
10,10,ridge_dow_alpha_0.01,27,2024-12-25,2024-12-26,2024-12-31,4,4,0.17104156081322577
10,2,ridge_dow_alpha_0.1,1,2023-12-27,2023-12-28,2024-01-10,10,9,0.21066378793155238
10,2,ridge_dow_alpha_0.1,2,2024-01-10,2024-01-11,2024-01-24,10,10,0.3182499058565317
10,2,ridge_dow_alpha_0.1,3,2024-01-24,2024-01-25,2024-02-07,10,10,0.19953602079694926
10,2,ridge_dow_alpha_0.1,4,2024-02-07,2024-02-08,2024-02-21,10,6,0.14923333941159928
10,2,ridge_dow_alpha_0.1,5,2024-02-21,2024-02-22,2024-03-06,10,10,0.0991404377254565
10,2,ridge_dow_alpha_0.1,6,2024-03-06,2024-03-07,2024-03-20,10,10,0.1342181426176412
10,2,ridge_dow_alpha_0.1,7,2024-03-20,2024-03-21,2024-04-03,10,10,0.1512479003810435
10,2,ridge_dow_alpha_0.1,8,2024-04-03,2024-04-04,2024-04-17,10,10,0.19118591478159316
10,2,ridge_dow_alpha_0.1,9,2024-04-17,2024-04-18,2024-05-01,10,10,0.2148583303454785
10,2,ridge_dow_alpha_0.1,10,2024-05-01,2024-05-02,2024-05-15,10,10,0.14473698382821282
10,2,ridge_dow_alpha_0.1,11,2024-05-15,2024-05-16,2024-05-29,10,10,0.18450115311337245
10,2,ridge_dow_alpha_0.1,12,2024-05-29,2024-05-30,2024-06-12,10,10,0.0814429248798059
10,2,ridge_dow_alpha_0.1,13,2024-06-12,2024-06-13,2024-06-26,10,10,0.13079129475355475
10,2,ridge_dow_alpha_0.1,14,2024-06-26,2024-06-27,2024-07-10,10,10,0.1193666675217142
10,2,ridge_dow_alpha_0.1,15,2024-07-10,2024-07-11,2024-07-24,10,10,0.10716791826137113
10,2,ridge_dow_alpha_0.1,16,2024-07-24,2024-07-25,2024-08-07,10,10,0.07366457763796834
10,2,ridge_dow_alpha_0.1,17,2024-08-07,2024-08-08,2024-08-21,10,10,0.06483064812829951
10,2,ridge_dow_alpha_0.1,18,2024-08-21,2024-08-22,2024-09-04,10,10,0.09019802535040233
10,2,ridge_dow_alpha_0.1,19,2024-09-04,2024-09-05,2024-09-18,10,10,0.05310235921893787
10,2,ridge_dow_alpha_0.1,20,2024-09-18,2024-09-19,2024-10-02,10,10,0.07216410530161814
10,2,ridge_dow_alpha_0.1,21,2024-10-02,2024-10-03,2024-10-16,10,10,0.20503456093916284
10,2,ridge_dow_alpha_0.1,22,2024-10-16,2024-10-17,2024-10-30,10,10,0.08686047261058354
10,2,ridge_dow_alpha_0.1,23,2024-10-30,2024-10-31,2024-11-13,10,10,0.1346227437995945
10,2,ridge_dow_alpha_0.1,24,2024-11-13,2024-11-14,2024-11-27,10,10,0.10049721087761199
10,2,ridge_dow_alpha_0.1,25,2024-11-27,2024-11-28,2024-12-11,10,10,0.14502188001426494
10,2,ridge_dow_alpha_0.1,26,2024-12-11,2024-12-12,2024-12-25,10,9,0.12002560014906333
10,2,ridge_dow_alpha_0.1,27,2024-12-25,2024-12-26,2024-12-31,4,4,0.13382457496692432
10,10,ridge_dow_alpha_0.1,1,2023-12-27,2023-12-28,2024-01-10,10,9,0.12758893894877094
10,10,ridge_dow_alpha_0.1,2,2024-01-10,2024-01-11,2024-01-24,10,10,0.10133044309382805
10,10,ridge_dow_alpha_0.1,3,2024-01-24,2024-01-25,2024-02-07,10,10,0.11885801922506899
10,10,ridge_dow_alpha_0.1,4,2024-02-07,2024-02-08,2024-02-21,10,6,0.1354799867768515
10,10,ridge_dow_alpha_0.1,5,2024-02-21,2024-02-22,2024-03-06,10,10,0.11546455948837393
10,10,ridge_dow_alpha_0.1,6,2024-03-06,2024-03-07,2024-03-20,10,10,0.10881769816863303
10,10,ridge_dow_alpha_0.1,7,2024-03-20,2024-03-21,2024-04-03,10,10,0.12942758201815555
10,10,ridge_dow_alpha_0.1,8,2024-04-03,2024-04-04,2024-04-17,10,10,0.10522321616680735
10,10,ridge_dow_alpha_0.1,9,2024-04-17,2024-04-18,2024-05-01,10,10,0.19960010267009648
10,10,ridge_dow_alpha_0.1,10,2024-05-01,2024-05-02,2024-05-15,10,10,0.16833879384061295
10,10,ridge_dow_alpha_0.1,11,2024-05-15,2024-05-16,2024-05-29,10,10,0.17747988521888095
10,10,ridge_dow_alpha_0.1,12,2024-05-29,2024-05-30,2024-06-12,10,10,0.10692881285435687
10,10,ridge_dow_alpha_0.1,13,2024-06-12,2024-06-13,2024-06-26,10,10,0.03599777127831895
10,10,ridge_dow_alpha_0.1,14,2024-06-26,2024-06-27,2024-07-10,10,10,0.09674483888170012
10,10,ridge_dow_alpha_0.1,15,2024-07-10,2024-07-11,2024-07-24,10,10,0.06335178024277452
10,10,ridge_dow_alpha_0.1,16,2024-07-24,2024-07-25,2024-08-07,10,10,0.07516854438421805
10,10,ridge_dow_alpha_0.1,17,2024-08-07,2024-08-08,2024-08-21,10,10,0.1438781784400653
10,10,ridge_dow_alpha_0.1,18,2024-08-21,2024-08-22,2024-09-04,10,10,0.067837560442189
10,10,ridge_dow_alpha_0.1,19,2024-09-04,2024-09-05,2024-09-18,10,10,0.05520543166327995
10,10,ridge_dow_alpha_0.1,20,2024-09-18,2024-09-19,2024-10-02,10,10,0.05798344116404474
10,10,ridge_dow_alpha_0.1,21,2024-10-02,2024-10-03,2024-10-16,10,10,0.16036394568983373
10,10,ridge_dow_alpha_0.1,22,2024-10-16,2024-10-17,2024-10-30,10,10,0.06646123373195362
10,10,ridge_dow_alpha_0.1,23,2024-10-30,2024-10-31,2024-11-13,10,10,0.0652236539855041
10,10,ridge_dow_alpha_0.1,24,2024-11-13,2024-11-14,2024-11-27,10,10,0.08316622841052879
10,10,ridge_dow_alpha_0.1,25,2024-11-27,2024-11-28,2024-12-11,10,10,0.06815857176196344
10,10,ridge_dow_alpha_0.1,26,2024-12-11,2024-12-12,2024-12-25,10,9,0.08287463534587283
10,10,ridge_dow_alpha_0.1,27,2024-12-25,2024-12-26,2024-12-31,4,4,0.173746589526371
10,2,ridge_dow_alpha_1,1,2023-12-27,2023-12-28,2024-01-10,10,9,0.20248866882229288
10,2,ridge_dow_alpha_1,2,2024-01-10,2024-01-11,2024-01-24,10,10,0.34487832146303865
10,2,ridge_dow_alpha_1,3,2024-01-24,2024-01-25,2024-02-07,10,10,0.3060345118163434
10,2,ridge_dow_alpha_1,4,2024-02-07,2024-02-08,2024-02-21,10,6,0.2412993709884247
10,2,ridge_dow_alpha_1,5,2024-02-21,2024-02-22,2024-03-06,10,10,0.14286316265379614
10,2,ridge_dow_alpha_1,6,2024-03-06,2024-03-07,2024-03-20,10,10,0.1884310896058853
10,2,ridge_dow_alpha_1,7,2024-03-20,2024-03-21,2024-04-03,10,10,0.1423962749907195
10,2,ridge_dow_alpha_1,8,2024-04-03,2024-04-04,2024-04-17,10,10,0.20179431768828826
10,2,ridge_dow_alpha_1,9,2024-04-17,2024-04-18,2024-05-01,10,10,0.1892317610279655
10,2,ridge_dow_alpha_1,10,2024-05-01,2024-05-02,2024-05-15,10,10,0.13289953661875115
10,2,ridge_dow_alpha_1,11,2024-05-15,2024-05-16,2024-05-29,10,10,0.20294357252360543
10,2,ridge_dow_alpha_1,12,2024-05-29,2024-05-30,2024-06-12,10,10,0.0825150964993937
10,2,ridge_dow_alpha_1,13,2024-06-12,2024-06-13,2024-06-26,10,10,0.1236391272284799
10,2,ridge_dow_alpha_1,14,2024-06-26,2024-06-27,2024-07-10,10,10,0.13676091858233966
10,2,ridge_dow_alpha_1,15,2024-07-10,2024-07-11,2024-07-24,10,10,0.09609266697526832
10,2,ridge_dow_alpha_1,16,2024-07-24,2024-07-25,2024-08-07,10,10,0.07097034612674573
10,2,ridge_dow_alpha_1,17,2024-08-07,2024-08-08,2024-08-21,10,10,0.06396503986607126
10,2,ridge_dow_alpha_1,18,2024-08-21,2024-08-22,2024-09-04,10,10,0.0913977563906768
10,2,ridge_dow_alpha_1,19,2024-09-04,2024-09-05,2024-09-18,10,10,0.05241767535697372
10,2,ridge_dow_alpha_1,20,2024-09-18,2024-09-19,2024-10-02,10,10,0.07286716481577725
10,2,ridge_dow_alpha_1,21,2024-10-02,2024-10-03,2024-10-16,10,10,0.2072138310010886
10,2,ridge_dow_alpha_1,22,2024-10-16,2024-10-17,2024-10-30,10,10,0.08984841829633139
10,2,ridge_dow_alpha_1,23,2024-10-30,2024-10-31,2024-11-13,10,10,0.13961462318502327
10,2,ridge_dow_alpha_1,24,2024-11-13,2024-11-14,2024-11-27,10,10,0.10742776310514701
10,2,ridge_dow_alpha_1,25,2024-11-27,2024-11-28,2024-12-11,10,10,0.14905761659918554
10,2,ridge_dow_alpha_1,26,2024-12-11,2024-12-12,2024-12-25,10,9,0.14720954466371397
10,2,ridge_dow_alpha_1,27,2024-12-25,2024-12-26,2024-12-31,4,4,0.15688719339124482
10,10,ridge_dow_alpha_1,1,2023-12-27,2023-12-28,2024-01-10,10,9,0.11763931179351364
10,10,ridge_dow_alpha_1,2,2024-01-10,2024-01-11,2024-01-24,10,10,0.10186887645739158
10,10,ridge_dow_alpha_1,3,2024-01-24,2024-01-25,2024-02-07,10,10,0.11632719891237693
10,10,ridge_dow_alpha_1,4,2024-02-07,2024-02-08,2024-02-21,10,6,0.1532954600253791
10,10,ridge_dow_alpha_1,5,2024-02-21,2024-02-22,2024-03-06,10,10,0.1285300792121243
10,10,ridge_dow_alpha_1,6,2024-03-06,2024-03-07,2024-03-20,10,10,0.11961031198873702
10,10,ridge_dow_alpha_1,7,2024-03-20,2024-03-21,2024-04-03,10,10,0.155294064780726
10,10,ridge_dow_alpha_1,8,2024-04-03,2024-04-04,2024-04-17,10,10,0.09524851424540405
10,10,ridge_dow_alpha_1,9,2024-04-17,2024-04-18,2024-05-01,10,10,0.2041995795365164
10,10,ridge_dow_alpha_1,10,2024-05-01,2024-05-02,2024-05-15,10,10,0.1995484951852491
10,10,ridge_dow_alpha_1,11,2024-05-15,2024-05-16,2024-05-29,10,10,0.16174567256440003
10,10,ridge_dow_alpha_1,12,2024-05-29,2024-05-30,2024-06-12,10,10,0.09894773847035017
10,10,ridge_dow_alpha_1,13,2024-06-12,2024-06-13,2024-06-26,10,10,0.04762344973997037
10,10,ridge_dow_alpha_1,14,2024-06-26,2024-06-27,2024-07-10,10,10,0.10831504751706203
10,10,ridge_dow_alpha_1,15,2024-07-10,2024-07-11,2024-07-24,10,10,0.06361126259369626
10,10,ridge_dow_alpha_1,16,2024-07-24,2024-07-25,2024-08-07,10,10,0.07617831303256802
10,10,ridge_dow_alpha_1,17,2024-08-07,2024-08-08,2024-08-21,10,10,0.1445146171015449
10,10,ridge_dow_alpha_1,18,2024-08-21,2024-08-22,2024-09-04,10,10,0.06294315939138355
10,10,ridge_dow_alpha_1,19,2024-09-04,2024-09-05,2024-09-18,10,10,0.054828935045676874
10,10,ridge_dow_alpha_1,20,2024-09-18,2024-09-19,2024-10-02,10,10,0.05660720486938142
10,10,ridge_dow_alpha_1,21,2024-10-02,2024-10-03,2024-10-16,10,10,0.15829581427291162
10,10,ridge_dow_alpha_1,22,2024-10-16,2024-10-17,2024-10-30,10,10,0.08434141838416803
10,10,ridge_dow_alpha_1,23,2024-10-30,2024-10-31,2024-11-13,10,10,0.08249719158826135
10,10,ridge_dow_alpha_1,24,2024-11-13,2024-11-14,2024-11-27,10,10,0.07674105458643904
10,10,ridge_dow_alpha_1,25,2024-11-27,2024-11-28,2024-12-11,10,10,0.06911452688547552
10,10,ridge_dow_alpha_1,26,2024-12-11,2024-12-12,2024-12-25,10,9,0.08122170997607626
10,10,ridge_dow_alpha_1,27,2024-12-25,2024-12-26,2024-12-31,4,4,0.17883038436096863
10,2,ridge_dow_alpha_10,1,2023-12-27,2023-12-28,2024-01-10,10,9,0.19536775499883507
10,2,ridge_dow_alpha_10,2,2024-01-10,2024-01-11,2024-01-24,10,10,0.37171453219809303
10,2,ridge_dow_alpha_10,3,2024-01-24,2024-01-25,2024-02-07,10,10,0.4333174132245701
10,2,ridge_dow_alpha_10,4,2024-02-07,2024-02-08,2024-02-21,10,6,0.3529773411066248
10,2,ridge_dow_alpha_10,5,2024-02-21,2024-02-22,2024-03-06,10,10,0.24579152762352263
10,2,ridge_dow_alpha_10,6,2024-03-06,2024-03-07,2024-03-20,10,10,0.2647019715524291
10,2,ridge_dow_alpha_10,7,2024-03-20,2024-03-21,2024-04-03,10,10,0.1742926124148244
10,2,ridge_dow_alpha_10,8,2024-04-03,2024-04-04,2024-04-17,10,10,0.21430122273068433
10,2,ridge_dow_alpha_10,9,2024-04-17,2024-04-18,2024-05-01,10,10,0.19270974349028952
10,2,ridge_dow_alpha_10,10,2024-05-01,2024-05-02,2024-05-15,10,10,0.1332880576153406
10,2,ridge_dow_alpha_10,11,2024-05-15,2024-05-16,2024-05-29,10,10,0.22556600839797622
10,2,ridge_dow_alpha_10,12,2024-05-29,2024-05-30,2024-06-12,10,10,0.09258915104996877
10,2,ridge_dow_alpha_10,13,2024-06-12,2024-06-13,2024-06-26,10,10,0.11767185737017866
10,2,ridge_dow_alpha_10,14,2024-06-26,2024-06-27,2024-07-10,10,10,0.1637928832049298
10,2,ridge_dow_alpha_10,15,2024-07-10,2024-07-11,2024-07-24,10,10,0.07844378058539889
10,2,ridge_dow_alpha_10,16,2024-07-24,2024-07-25,2024-08-07,10,10,0.06574201993113231
10,2,ridge_dow_alpha_10,17,2024-08-07,2024-08-08,2024-08-21,10,10,0.0625603934043914
10,2,ridge_dow_alpha_10,18,2024-08-21,2024-08-22,2024-09-04,10,10,0.09197407192170944
10,2,ridge_dow_alpha_10,19,2024-09-04,2024-09-05,2024-09-18,10,10,0.05324595997668341
10,2,ridge_dow_alpha_10,20,2024-09-18,2024-09-19,2024-10-02,10,10,0.07217505123589614
10,2,ridge_dow_alpha_10,21,2024-10-02,2024-10-03,2024-10-16,10,10,0.21056128316193468
10,2,ridge_dow_alpha_10,22,2024-10-16,2024-10-17,2024-10-30,10,10,0.08863412808837264
10,2,ridge_dow_alpha_10,23,2024-10-30,2024-10-31,2024-11-13,10,10,0.14640614896136617
10,2,ridge_dow_alpha_10,24,2024-11-13,2024-11-14,2024-11-27,10,10,0.11907039417718249
10,2,ridge_dow_alpha_10,25,2024-11-27,2024-11-28,2024-12-11,10,10,0.15199783445497883
10,2,ridge_dow_alpha_10,26,2024-12-11,2024-12-12,2024-12-25,10,9,0.18794312860807172
10,2,ridge_dow_alpha_10,27,2024-12-25,2024-12-26,2024-12-31,4,4,0.21936107631118815
10,10,ridge_dow_alpha_10,1,2023-12-27,2023-12-28,2024-01-10,10,9,0.10557298179831018
10,10,ridge_dow_alpha_10,2,2024-01-10,2024-01-11,2024-01-24,10,10,0.10192901135068706
10,10,ridge_dow_alpha_10,3,2024-01-24,2024-01-25,2024-02-07,10,10,0.11181686275674421
10,10,ridge_dow_alpha_10,4,2024-02-07,2024-02-08,2024-02-21,10,6,0.17449424104549233
10,10,ridge_dow_alpha_10,5,2024-02-21,2024-02-22,2024-03-06,10,10,0.15901009002334443
10,10,ridge_dow_alpha_10,6,2024-03-06,2024-03-07,2024-03-20,10,10,0.1382461698959936
10,10,ridge_dow_alpha_10,7,2024-03-20,2024-03-21,2024-04-03,10,10,0.19729984571644318
10,10,ridge_dow_alpha_10,8,2024-04-03,2024-04-04,2024-04-17,10,10,0.1105140793442518
10,10,ridge_dow_alpha_10,9,2024-04-17,2024-04-18,2024-05-01,10,10,0.2111676907300263
10,10,ridge_dow_alpha_10,10,2024-05-01,2024-05-02,2024-05-15,10,10,0.2564316376754316
10,10,ridge_dow_alpha_10,11,2024-05-15,2024-05-16,2024-05-29,10,10,0.18395439031815672
10,10,ridge_dow_alpha_10,12,2024-05-29,2024-05-30,2024-06-12,10,10,0.10430181295676239
10,10,ridge_dow_alpha_10,13,2024-06-12,2024-06-13,2024-06-26,10,10,0.07440446643895618
10,10,ridge_dow_alpha_10,14,2024-06-26,2024-06-27,2024-07-10,10,10,0.12622237614649606
10,10,ridge_dow_alpha_10,15,2024-07-10,2024-07-11,2024-07-24,10,10,0.06272815020472892
10,10,ridge_dow_alpha_10,16,2024-07-24,2024-07-25,2024-08-07,10,10,0.07592824199091706
10,10,ridge_dow_alpha_10,17,2024-08-07,2024-08-08,2024-08-21,10,10,0.14583234480013124
10,10,ridge_dow_alpha_10,18,2024-08-21,2024-08-22,2024-09-04,10,10,0.06482431904476245
10,10,ridge_dow_alpha_10,19,2024-09-04,2024-09-05,2024-09-18,10,10,0.055320984058827405
10,10,ridge_dow_alpha_10,20,2024-09-18,2024-09-19,2024-10-02,10,10,0.056098633786962726
10,10,ridge_dow_alpha_10,21,2024-10-02,2024-10-03,2024-10-16,10,10,0.15332019131672067
10,10,ridge_dow_alpha_10,22,2024-10-16,2024-10-17,2024-10-30,10,10,0.10850084559162008
10,10,ridge_dow_alpha_10,23,2024-10-30,2024-10-31,2024-11-13,10,10,0.10697826817569403
10,10,ridge_dow_alpha_10,24,2024-11-13,2024-11-14,2024-11-27,10,10,0.07258505061464694
10,10,ridge_dow_alpha_10,25,2024-11-27,2024-11-28,2024-12-11,10,10,0.06897342917997006
10,10,ridge_dow_alpha_10,26,2024-12-11,2024-12-12,2024-12-25,10,9,0.07850536006913446
10,10,ridge_dow_alpha_10,27,2024-12-25,2024-12-26,2024-12-31,4,4,0.1873131344739065
